Show,EpId,ClipId,Start,Stop,Start_5_sec,Stop_5_sec,Unsure,PoorAudioQuality,Prolongation,Block,SoundRep,WordRep,DifficultToUnderstand,Interjection,NoStutteredWords,NaturalPause,Music,NoSpeech
FluencyBank,10,0,88960,136960,72960,152960,0,0,0,1,0,0,0,0,2,0,0,0
FluencyBank,10,1,1271520,1319520,1255520,1335520,0,0,0,0,0,0,0,0,3,0,0,0
FluencyBank,10,2,1813760,1861760,1797760,1877760,0,0,1,0,0,0,0,0,2,0,0,0
FluencyBank,10,3,1842720,1890720,1826720,1906720,0,0,1,0,0,0,0,0,2,1,0,0
FluencyBank,10,4,1893280,1941280,1877280,1957280,0,0,0,0,0,3,0,0,0,0,0,0
FluencyBank,10,5,1919520,1967520,1903520,1983520,0,0,0,0,0,0,0,0,3,1,0,0
FluencyBank,10,6,1982720,2030720,1966720,2046720,0,0,0,0,0,0,0,0,3,0,0,0
FluencyBank,10,7,2005600,2053600,1989600,2069600,0,0,0,0,0,1,0,0,2,1,0,0
FluencyBank,10,8,2047520,2095520,2031520,2111520,0,0,0,0,0,0,0,0,3,0,0,0
FluencyBank,10,9,2070400,2118400,2054400,2134400,0,0,0,0,0,0,0,0,3,1,0,0
FluencyBank,10,10,2112480,2160480,2096480,2176480,0,0,0,0,0,0,0,0,3,1,0,0
FluencyBank,10,11,2467360,2515360,2451360,2531360,0,0,1,0,0,0,0,0,2,0,0,0
FluencyBank,10,12,2490720,2538720,2474720,2554720,0,0,0,0,0,1,0,0,2,1,0,0
FluencyBank,10,13,2801440,2849440,2785440,2865440,0,0,0,0,0,0,0,0,3,0,0,0
FluencyBank,10,14,2826880,2874880,2810880,2890880,0,0,0,0,0,0,0,0,3,1,0,0
FluencyBank,10,15,2977440,3025440,2961440,3041440,0,0,1,0,0,0,0,0,2,0,0,0
FluencyBank,10,16,3001120,3049120,2985120,3065120,0,0,0,0,0,0,0,0,3,1,0,0
FluencyBank,10,17,3112320,3160320,3096320,3176320,0,0,0,1,0,0,0,2,2,0,0,0
FluencyBank,10,18,3139200,3187200,3123200,3203200,0,0,0,0,0,0,1,2,3,0,0,0
FluencyBank,10,19,133760,181760,117760,197760,0,0,0,1,0,0,0,2,2,0,0,0
FluencyBank,10,20,166720,214720,150720,230720,0,0,0,0,0,0,0,0,3,0,0,0
FluencyBank,10,21,3192160,3240160,3176160,3256160,0,0,0,0,0,0,0,0,3,0,0,0
FluencyBank,10,22,3218240,3266240,3202240,3282240,0,0,0,0,0,0,0,0,3,1,0,0
FluencyBank,10,23,3441760,3489760,3425760,3505760,0,0,0,0,0,0,0,0,3,2,0,0
FluencyBank,10,24,3467200,3515200,3451200,3531200,0,0,0,0,0,1,0,0,2,0,0,0
FluencyBank,10,25,3524480,3572480,3508480,3588480,0,0,0,0,0,0,0,0,3,1,0,0
FluencyBank,10,26,3548320,3596320,3532320,3612320,0,0,0,0,0,0,0,0,3,1,0,0
FluencyBank,10,27,4081920,4129920,4065920,4145920,0,0,0,0,0,0,0,0,3,1,0,0
FluencyBank,10,28,4104960,4152960,4088960,4168960,0,0,0,1,1,0,0,0,1,0,0,0
FluencyBank,10,29,4174720,4222720,4158720,4238720,0,0,0,0,1,0,0,0,2,1,0,0
FluencyBank,10,30,4200640,4248640,4184640,4264640,0,0,0,0,0,0,0,0,3,0,0,0
FluencyBank,10,31,4258400,4306400,4242400,4322400,0,0,0,0,0,0,0,0,3,0,0,0
FluencyBank,10,32,4285600,4333600,4269600,4349600,0,0,0,0,0,0,0,0,3,0,0,0
FluencyBank,10,33,4455200,4503200,4439200,4519200,0,0,0,1,0,0,0,0,2,0,0,0
FluencyBank,10,34,4480160,4528160,4464160,4544160,0,0,0,0,0,0,0,0,3,0,0,0
FluencyBank,10,35,4624640,4672640,4608640,4688640,0,0,0,0,0,0,0,0,3,1,0,0
FluencyBank,10,36,4647680,4695680,4631680,4711680,0,0,0,0,0,0,0,0,3,1,0,0
FluencyBank,10,37,4706240,4754240,4690240,4770240,0,0,0,0,0,0,0,0,3,0,0,0
FluencyBank,10,38,4761600,4809600,4745600,4825600,0,0,1,2,0,0,0,0,0,0,0,0
FluencyBank,10,39,4806720,4854720,4790720,4870720,0,0,0,1,0,0,0,0,2,1,0,0
FluencyBank,10,40,298720,346720,282720,362720,0,0,0,0,0,0,0,3,3,1,0,0
FluencyBank,10,41,324480,372480,308480,388480,0,0,0,0,0,0,0,3,3,0,0,0
FluencyBank,10,42,5355520,5403520,5339520,5419520,0,0,0,0,0,0,0,0,3,0,0,0
FluencyBank,10,43,5381120,5429120,5365120,5445120,0,0,0,0,0,0,0,0,3,1,0,0
FluencyBank,10,44,5399520,5447520,5383520,5463520,0,0,0,0,0,0,0,0,3,1,0,0
FluencyBank,10,45,5485280,5533280,5469280,5549280,0,0,0,0,0,0,0,0,3,1,0,0
FluencyBank,10,46,5509120,5557120,5493120,5573120,0,0,0,0,0,0,0,0,3,0,0,0
FluencyBank,10,47,5601600,5649600,5585600,5665600,0,0,0,0,0,0,0,0,3,1,0,0
FluencyBank,10,48,5625120,5673120,5609120,5689120,0,0,0,0,0,0,0,0,3,0,0,0
FluencyBank,10,49,5997600,6045600,5981600,6061600,0,0,0,0,0,0,0,3,3,1,0,0
FluencyBank,10,50,6021440,6069440,6005440,6085440,0,0,0,0,0,0,0,3,3,0,0,0
FluencyBank,10,51,6246240,6294240,6230240,6310240,0,0,0,0,0,0,0,0,3,0,0,0
FluencyBank,10,52,6296320,6344320,6280320,6360320,0,0,1,0,0,0,0,0,2,0,0,0
FluencyBank,10,53,6399360,6447360,6383360,6463360,0,0,0,0,0,0,0,0,3,0,0,0
FluencyBank,10,54,6435200,6483200,6419200,6499200,0,0,1,0,0,0,0,0,2,1,0,0
FluencyBank,10,55,6480480,6528480,6464480,6544480,0,0,0,0,0,1,0,0,2,1,0,0
FluencyBank,10,56,6536160,6584160,6520160,6600160,0,0,0,0,0,0,0,0,3,0,0,0
FluencyBank,10,57,6565440,6613440,6549440,6629440,0,0,0,0,0,0,0,0,3,0,0,0
FluencyBank,10,58,6614560,6662560,6598560,6678560,0,0,0,0,0,0,0,0,3,0,0,0
FluencyBank,10,59,363520,411520,347520,427520,0,0,0,1,0,0,0,0,2,0,0,0
FluencyBank,10,60,387040,435040,371040,451040,0,0,0,0,0,0,0,1,3,0,0,0
FluencyBank,10,61,6648320,6696320,6632320,6712320,0,0,0,0,0,0,0,0,3,0,0,0
FluencyBank,10,62,6831520,6879520,6815520,6895520,0,0,0,0,0,0,0,0,3,0,0,0
FluencyBank,10,63,6858880,6906880,6842880,6922880,0,0,0,0,0,0,0,0,3,0,0,0
FluencyBank,10,64,6933920,6981920,6917920,6997920,0,0,0,0,0,0,0,0,3,0,0,0
FluencyBank,10,65,6993440,7041440,6977440,7057440,0,0,0,0,0,0,0,0,3,0,0,0
FluencyBank,10,66,7017760,7065760,7001760,7081760,0,0,0,0,0,0,0,0,3,0,0,0
FluencyBank,10,67,7055520,7103520,7039520,7119520,0,0,0,0,0,0,1,0,3,0,0,0
FluencyBank,10,68,7250720,7298720,7234720,7314720,0,0,0,0,0,0,0,0,3,1,0,0
FluencyBank,10,69,7274720,7322720,7258720,7338720,0,0,0,1,0,0,0,0,2,0,0,0
FluencyBank,10,70,7367200,7415200,7351200,7431200,0,0,0,0,0,0,0,0,3,0,0,0
FluencyBank,10,71,7394400,7442400,7378400,7458400,0,0,0,0,0,0,0,0,3,1,0,0
FluencyBank,10,72,7507040,7555040,7491040,7571040,0,0,0,0,0,0,1,0,3,1,0,0
FluencyBank,10,73,7530560,7578560,7514560,7594560,0,0,0,0,0,0,0,1,3,1,0,0
FluencyBank,10,74,7576640,7624640,7560640,7640640,0,0,0,0,0,0,0,0,3,0,0,0
FluencyBank,10,75,7599520,7647520,7583520,7663520,0,0,0,3,0,1,0,0,0,0,0,0
FluencyBank,10,76,7843360,7891360,7827360,7907360,0,0,0,1,0,0,0,0,2,0,0,0
FluencyBank,10,77,7867360,7915360,7851360,7931360,0,0,0,1,0,0,0,0,2,0,0,0
FluencyBank,10,78,456320,504320,440320,520320,0,0,1,0,0,0,0,3,2,0,0,0
FluencyBank,10,79,483360,531360,467360,547360,0,0,0,1,0,3,0,3,0,0,0,0
FluencyBank,10,80,7942720,7990720,7926720,8006720,0,0,0,0,0,0,0,0,3,0,0,0
FluencyBank,10,81,7972480,8020480,7956480,8036480,0,0,0,0,0,0,0,0,3,0,0,0
FluencyBank,10,82,8044960,8092960,8028960,8108960,0,0,0,1,1,2,0,0,0,1,0,0
FluencyBank,10,83,8083040,8131040,8067040,8147040,0,0,0,0,0,0,0,0,3,0,0,0
FluencyBank,10,84,8117600,8165600,8101600,8181600,0,0,0,0,0,0,0,0,3,0,0,0
FluencyBank,10,85,8266560,8314560,8250560,8330560,0,0,0,0,0,0,0,2,3,1,0,0
FluencyBank,10,86,8293760,8341760,8277760,8357760,0,0,0,0,0,0,0,3,3,0,0,0
FluencyBank,10,87,8342240,8390240,8326240,8406240,0,0,0,0,0,0,0,0,3,0,0,0
FluencyBank,10,88,8420480,8468480,8404480,8484480,0,0,0,0,0,0,0,0,3,2,0,0
FluencyBank,10,89,8443200,8491200,8427200,8507200,0,0,0,0,0,0,0,0,3,0,0,0
FluencyBank,10,90,8472000,8520000,8456000,8536000,0,0,0,0,0,1,0,0,2,1,0,0
FluencyBank,10,91,640960,688960,624960,704960,0,0,0,0,0,0,0,0,3,0,0,0
FluencyBank,10,92,664640,712640,648640,728640,0,0,0,0,0,0,0,0,3,1,0,0
FluencyBank,10,93,704640,752640,688640,768640,0,0,1,0,0,0,0,0,2,0,0,0
FluencyBank,10,94,728160,776160,712160,792160,0,0,0,0,0,0,0,0,3,0,0,0
FluencyBank,10,95,753600,801600,737600,817600,0,0,0,0,0,0,0,0,3,1,0,0
FluencyBank,10,96,870880,918880,854880,934880,0,0,0,0,0,0,0,0,3,1,0,0
FluencyBank,10,97,893440,941440,877440,957440,0,0,0,0,0,2,0,0,1,0,0,0
FluencyBank,10,98,1135520,1183520,1119520,1199520,0,0,0,1,0,0,0,0,2,1,0,0
FluencyBank,10,99,1164160,1212160,1148160,1228160,0,0,0,1,0,0,0,0,2,0,0,0
FluencyBank,16,0,160,48160,-15840,64160,0,0,0,0,0,0,0,0,3,0,0,0
FluencyBank,16,1,1025120,1073120,1009120,1089120,0,0,1,0,0,0,0,0,2,0,0,0
FluencyBank,16,2,1082560,1130560,1066560,1146560,0,0,0,0,0,0,0,2,3,1,0,0
FluencyBank,16,3,1108640,1156640,1092640,1172640,0,0,0,0,0,0,0,0,3,0,0,0
FluencyBank,16,4,1372800,1420800,1356800,1436800,0,0,0,1,0,0,0,0,2,1,0,0
FluencyBank,16,5,1401600,1449600,1385600,1465600,1,0,1,1,0,0,0,0,1,1,0,0
FluencyBank,16,6,1475200,1523200,1459200,1539200,0,0,0,1,1,0,0,1,1,0,0,0
FluencyBank,16,7,1510720,1558720,1494720,1574720,0,0,0,0,0,0,0,0,3,0,0,0
FluencyBank,16,8,1572160,1620160,1556160,1636160,0,0,0,0,0,0,0,3,3,1,0,0
FluencyBank,16,9,1594880,1642880,1578880,1658880,0,0,0,0,0,0,0,2,3,1,0,0
FluencyBank,16,10,1625760,1673760,1609760,1689760,0,0,0,0,0,0,0,0,3,1,0,0
FluencyBank,16,11,1746720,1794720,1730720,1810720,0,0,0,0,0,0,0,0,3,1,0,0
FluencyBank,16,12,1770880,1818880,1754880,1834880,0,0,0,1,1,1,0,0,0,1,0,0
FluencyBank,16,13,1831680,1879680,1815680,1895680,0,0,3,0,0,0,0,0,0,0,0,0
FluencyBank,16,14,1861920,1909920,1845920,1925920,0,0,0,1,0,0,0,0,2,1,0,0
FluencyBank,16,15,1944640,1992640,1928640,2008640,0,0,0,0,0,0,0,0,3,0,0,0
FluencyBank,16,16,1988000,2036000,1972000,2052000,0,0,1,0,0,0,0,0,2,0,0,0
FluencyBank,16,17,48640,96640,32640,112640,0,0,1,2,1,0,0,0,0,0,0,0
FluencyBank,16,18,77120,125120,61120,141120,0,0,0,1,1,0,0,0,2,0,0,0
FluencyBank,16,19,2038400,2086400,2022400,2102400,0,0,0,0,0,0,0,0,3,0,0,0
FluencyBank,16,20,2099040,2147040,2083040,2163040,0,0,0,1,1,0,0,1,1,0,0,0
FluencyBank,16,21,2121440,2169440,2105440,2185440,0,0,0,0,0,0,0,1,3,0,0,0
FluencyBank,16,22,2167040,2215040,2151040,2231040,0,0,2,0,0,0,0,1,1,1,0,0
FluencyBank,16,23,2197760,2245760,2181760,2261760,0,0,0,0,0,0,0,2,3,0,0,0
FluencyBank,16,24,2333280,2381280,2317280,2397280,0,0,0,0,0,1,0,2,2,0,0,0
FluencyBank,16,25,2357440,2405440,2341440,2421440,0,0,0,0,0,0,0,3,3,1,0,0
FluencyBank,16,26,2467520,2515520,2451520,2531520,0,0,1,1,2,0,0,0,0,0,0,0
FluencyBank,16,27,2492800,2540800,2476800,2556800,0,0,0,1,2,0,1,0,1,0,0,0
FluencyBank,16,28,2525280,2573280,2509280,2589280,0,0,0,0,0,0,0,2,3,0,0,0
FluencyBank,16,29,2720000,2768000,2704000,2784000,0,0,0,0,0,0,0,3,3,1,0,0
FluencyBank,16,30,2745280,2793280,2729280,2809280,0,0,0,0,0,0,0,3,3,1,0,0
FluencyBank,16,31,2947680,2995680,2931680,3011680,0,0,0,2,0,1,0,3,0,0,0,0
FluencyBank,16,32,2974080,3022080,2958080,3038080,0,0,1,2,2,0,0,0,0,0,0,0
FluencyBank,16,33,2997600,3045600,2981600,3061600,0,0,0,0,2,2,0,0,0,0,0,0
FluencyBank,16,34,193600,241600,177600,257600,0,0,1,0,0,0,0,0,2,0,0,0
FluencyBank,16,35,218560,266560,202560,282560,0,0,0,0,0,0,0,3,3,0,0,0
FluencyBank,16,36,3050240,3098240,3034240,3114240,0,0,0,1,0,2,0,3,0,0,0,0
FluencyBank,16,37,3148000,3196000,3132000,3212000,0,0,1,0,0,0,0,0,2,0,0,0
FluencyBank,16,38,3172480,3220480,3156480,3236480,0,0,1,1,1,1,0,0,0,0,0,0
FluencyBank,16,39,3276320,3324320,3260320,3340320,0,0,0,2,2,0,0,0,0,0,0,0
FluencyBank,16,40,3319200,3367200,3303200,3383200,0,0,0,2,0,0,0,0,1,1,0,0
FluencyBank,16,41,3347840,3395840,3331840,3411840,0,0,0,0,0,0,0,0,3,0,0,0
FluencyBank,16,42,3451680,3499680,3435680,3515680,0,0,0,0,0,0,0,0,3,0,0,0
FluencyBank,16,43,3480640,3528640,3464640,3544640,0,0,1,0,0,0,0,0,2,0,0,0
FluencyBank,16,44,3516960,3564960,3500960,3580960,0,0,0,0,1,1,0,1,1,1,0,0
FluencyBank,16,45,3544640,3592640,3528640,3608640,0,0,0,0,0,0,0,0,3,0,0,0
FluencyBank,16,46,3767360,3815360,3751360,3831360,0,0,0,1,1,1,0,1,0,0,0,0
FluencyBank,16,47,3797120,3845120,3781120,3861120,0,0,0,0,0,0,0,1,3,2,0,0
FluencyBank,16,48,3822560,3870560,3806560,3886560,0,0,0,1,1,0,0,0,1,1,0,0
FluencyBank,16,49,3865120,3913120,3849120,3929120,0,0,0,0,1,0,0,0,2,0,0,0
FluencyBank,16,50,3929920,3977920,3913920,3993920,0,0,0,0,0,0,0,0,3,0,0,0
FluencyBank,16,51,3956640,4004640,3940640,4020640,0,0,1,0,0,0,0,0,2,0,0,0
FluencyBank,16,52,238720,286720,222720,302720,0,0,0,0,0,0,0,3,3,0,0,0
FluencyBank,16,53,3985920,4033920,3969920,4049920,0,0,0,0,0,0,0,0,3,1,0,0
FluencyBank,16,54,4080480,4128480,4064480,4144480,0,0,1,1,0,2,0,1,0,0,0,0
FluencyBank,16,55,4111680,4159680,4095680,4175680,0,0,0,0,1,0,0,0,2,0,0,0
FluencyBank,16,56,4146880,4194880,4130880,4210880,0,0,0,0,0,0,0,1,3,1,0,0
FluencyBank,16,57,4197920,4245920,4181920,4261920,0,0,1,0,0,0,0,3,2,0,0,0
FluencyBank,16,58,4241920,4289920,4225920,4305920,0,0,0,0,0,0,0,0,3,0,0,0
FluencyBank,16,59,4301760,4349760,4285760,4365760,0,0,2,1,0,0,0,2,1,0,0,0
FluencyBank,16,60,4329280,4377280,4313280,4393280,0,0,1,0,0,0,0,2,2,0,0,0
FluencyBank,16,61,4368000,4416000,4352000,4432000,0,0,1,1,2,0,0,0,0,0,0,0
FluencyBank,16,62,4392960,4440960,4376960,4456960,0,0,0,0,0,0,0,0,3,1,0,0
FluencyBank,16,63,4575520,4623520,4559520,4639520,0,0,1,0,0,0,0,0,3,2,0,0
FluencyBank,16,64,4600000,4648000,4584000,4664000,0,0,0,0,0,0,0,0,3,0,0,0
FluencyBank,16,65,4670880,4718880,4654880,4734880,0,0,0,0,0,0,0,1,3,0,0,0
FluencyBank,16,66,4718720,4766720,4702720,4782720,0,0,0,1,1,0,0,0,1,0,0,0
FluencyBank,16,67,4733600,4781600,4717600,4797600,0,0,0,2,0,1,0,0,0,0,0,0
FluencyBank,16,68,504000,552000,488000,568000,0,0,0,0,0,0,0,2,3,1,0,0
FluencyBank,16,69,530880,578880,514880,594880,0,0,0,1,0,0,0,2,2,1,0,0
FluencyBank,16,70,4790080,4838080,4774080,4854080,0,0,0,0,0,0,0,3,3,0,0,0
FluencyBank,16,71,4855840,4903840,4839840,4919840,0,0,2,0,0,0,0,0,1,0,0,0
FluencyBank,16,72,4991200,5039200,4975200,5055200,0,0,1,0,0,0,0,2,2,0,0,0
FluencyBank,16,73,5016640,5064640,5000640,5080640,0,0,0,1,0,1,0,2,1,1,0,0
FluencyBank,16,74,5035360,5083360,5019360,5099360,0,0,0,0,0,1,0,2,2,0,0,0
FluencyBank,16,75,5155840,5203840,5139840,5219840,1,0,0,0,1,2,1,0,0,0,0,0
FluencyBank,16,76,5190080,5238080,5174080,5254080,0,0,0,0,0,0,0,3,3,0,0,0
FluencyBank,16,77,5242240,5290240,5226240,5306240,0,0,0,0,0,0,0,3,3,0,0,0
FluencyBank,16,78,5307520,5355520,5291520,5371520,0,0,1,0,0,0,0,0,2,0,0,0
FluencyBank,16,79,5359840,5407840,5343840,5423840,0,0,0,0,0,0,0,0,3,2,0,0
FluencyBank,16,80,5446880,5494880,5430880,5510880,0,0,0,0,0,1,0,3,2,0,0,0
FluencyBank,16,81,5489920,5537920,5473920,5553920,0,0,0,0,0,0,0,2,3,0,0,0
FluencyBank,16,82,5693920,5741920,5677920,5757920,0,0,0,1,0,0,0,0,2,0,0,0
FluencyBank,16,83,5725920,5773920,5709920,5789920,0,0,0,0,0,0,0,0,3,0,0,0
FluencyBank,16,84,5856640,5904640,5840640,5920640,0,0,0,0,0,0,0,0,3,0,0,0
FluencyBank,16,85,5906560,5954560,5890560,5970560,0,0,0,0,0,0,0,0,3,0,0,0
FluencyBank,16,86,711200,759200,695200,775200,0,0,0,3,0,1,0,0,0,0,0,0
FluencyBank,16,87,740960,788960,724960,804960,0,0,0,2,1,0,0,3,1,0,0,0
FluencyBank,16,88,6018240,6066240,6002240,6082240,0,0,0,0,0,0,0,0,3,0,0,0
FluencyBank,16,89,6048000,6096000,6032000,6112000,0,0,0,0,0,1,0,3,2,0,0,0
FluencyBank,16,90,6088640,6136640,6072640,6152640,0,0,1,0,0,0,0,0,2,0,0,0
FluencyBank,16,91,6287840,6335840,6271840,6351840,0,0,0,0,0,0,0,2,3,0,0,0
FluencyBank,16,92,6313120,6361120,6297120,6377120,0,0,0,0,0,0,0,0,3,0,0,0
FluencyBank,16,93,6389920,6437920,6373920,6453920,0,0,0,0,0,3,0,0,0,0,0,0
FluencyBank,16,94,6420160,6468160,6404160,6484160,0,0,2,0,0,0,0,0,1,1,0,0
FluencyBank,16,95,6447200,6495200,6431200,6511200,0,0,0,0,0,0,0,3,3,0,0,0
FluencyBank,16,96,6474240,6522240,6458240,6538240,0,0,0,1,0,0,0,0,2,1,0,0
FluencyBank,16,97,6558080,6606080,6542080,6622080,0,0,0,0,0,0,0,0,3,2,0,0
FluencyBank,16,98,6582880,6630880,6566880,6646880,0,0,0,0,0,3,0,0,0,0,0,0
FluencyBank,16,99,6696320,6744320,6680320,6760320,0,0,0,0,0,0,0,2,3,1,0,0
FluencyBank,16,100,6720640,6768640,6704640,6784640,0,0,0,1,0,1,0,3,1,0,0,0
FluencyBank,16,101,6865600,6913600,6849600,6929600,0,0,0,1,1,1,0,0,2,1,0,0
FluencyBank,16,102,6893440,6941440,6877440,6957440,0,0,0,1,1,0,0,0,1,0,0,0
FluencyBank,16,103,7196000,7244000,7180000,7260000,0,0,0,2,2,0,0,0,0,0,0,0
FluencyBank,16,104,7220320,7268320,7204320,7284320,0,0,0,0,0,0,0,1,3,0,0,0
FluencyBank,16,105,801440,849440,785440,865440,0,0,0,2,0,1,0,0,0,0,0,0
FluencyBank,16,106,834560,882560,818560,898560,0,0,0,1,0,0,0,3,2,0,0,0
FluencyBank,16,107,7248480,7296480,7232480,7312480,1,0,1,1,0,0,1,0,1,0,0,0
FluencyBank,16,108,7290080,7338080,7274080,7354080,0,0,0,1,1,0,1,0,2,0,0,0
FluencyBank,16,109,7317440,7365440,7301440,7381440,0,0,0,2,0,0,0,0,1,0,0,0
FluencyBank,16,110,7330560,7378560,7314560,7394560,0,0,0,1,0,0,1,0,2,0,0,0
FluencyBank,16,111,853920,901920,837920,917920,0,0,0,0,0,0,0,2,3,0,0,0
FluencyBank,16,112,868640,916640,852640,932640,0,0,3,0,0,0,0,0,0,0,0,0
FluencyBank,16,113,1002400,1050400,986400,1066400,0,0,0,0,0,1,0,2,2,0,0,0
FluencyBank,16,114,977280,1025280,961280,1041280,0,0,0,0,0,0,0,3,3,0,0,0
FluencyBank,17,0,0,37120,-16000,53120,1,0,0,1,0,0,0,0,2,0,0,0
FluencyBank,17,1,479520,527520,463520,543520,0,0,1,0,0,0,0,0,2,1,0,0
FluencyBank,17,2,509600,557600,493600,573600,0,0,0,1,3,2,0,2,0,0,0,0
FluencyBank,17,3,552480,600480,536480,616480,0,0,0,0,0,0,0,2,3,0,0,0
FluencyBank,17,4,576800,624800,560800,640800,0,0,0,0,0,1,0,3,2,0,0,0
FluencyBank,17,5,646240,694240,630240,710240,0,0,0,0,0,0,0,3,3,0,0,0
FluencyBank,17,6,669120,717120,653120,733120,1,0,0,0,0,0,0,2,2,0,0,0
FluencyBank,17,7,711200,759200,695200,775200,0,0,0,0,1,0,0,0,2,1,0,0
FluencyBank,17,8,733440,781440,717440,797440,0,0,0,0,0,0,0,0,3,2,0,0
FluencyBank,17,9,777440,825440,761440,841440,0,0,0,0,0,0,0,0,3,0,0,0
FluencyBank,17,10,828320,876320,812320,892320,0,0,3,0,0,0,0,3,0,0,0,0
FluencyBank,17,11,866560,914560,850560,930560,0,0,0,0,0,0,0,0,3,1,0,0
FluencyBank,17,12,902560,950560,886560,966560,0,0,0,0,0,0,0,0,3,2,0,0
FluencyBank,17,13,46080,94080,30080,110080,0,0,0,0,0,0,0,0,3,0,0,0
FluencyBank,17,14,1004160,1052160,988160,1068160,0,0,0,0,0,1,0,2,2,0,0,0
FluencyBank,17,15,978080,1026080,962080,1042080,0,0,0,0,0,3,0,3,0,0,0,0
FluencyBank,17,16,1061280,1109280,1045280,1125280,0,0,0,0,0,0,0,3,3,0,0,0
FluencyBank,17,17,1098720,1146720,1082720,1162720,0,0,0,1,1,0,0,1,1,0,0,0
FluencyBank,17,18,1134240,1182240,1118240,1198240,0,0,0,1,0,0,0,3,2,0,0,0
FluencyBank,17,19,1146720,1194720,1130720,1210720,0,0,1,0,0,0,0,3,2,0,0,0
FluencyBank,17,20,1187040,1235040,1171040,1251040,0,0,0,0,0,0,1,0,3,1,0,0
FluencyBank,17,21,1211840,1259840,1195840,1275840,0,0,0,0,0,0,0,0,3,1,0,0
FluencyBank,17,22,1252800,1300800,1236800,1316800,0,0,1,1,0,0,0,0,1,0,0,0
FluencyBank,17,23,1270240,1318240,1254240,1334240,0,0,0,1,0,0,0,3,2,1,0,0
FluencyBank,17,24,1380800,1428800,1364800,1444800,0,0,1,0,0,0,0,0,2,1,0,0
FluencyBank,17,25,1408960,1456960,1392960,1472960,0,0,0,0,0,1,0,2,2,1,0,0
FluencyBank,17,26,105600,153600,89600,169600,0,0,0,0,0,0,0,0,3,0,0,0
FluencyBank,17,27,1429280,1477280,1413280,1493280,0,0,0,1,0,0,0,3,2,0,0,0
FluencyBank,17,28,1440000,1488000,1424000,1504000,0,0,0,2,0,0,0,0,1,0,0,0
FluencyBank,17,29,1503840,1551840,1487840,1567840,0,0,0,0,0,0,0,3,3,0,0,0
FluencyBank,17,30,1516640,1564640,1500640,1580640,0,0,0,0,0,0,0,3,3,0,0,0
FluencyBank,17,31,1574880,1622880,1558880,1638880,0,0,0,1,0,0,0,0,3,1,0,0
FluencyBank,17,32,1602720,1650720,1586720,1666720,0,0,0,0,0,0,0,0,3,0,0,0
FluencyBank,17,33,1634400,1682400,1618400,1698400,0,0,0,0,0,1,0,0,2,0,0,0
FluencyBank,17,34,1690720,1738720,1674720,1754720,0,0,0,0,0,3,0,0,0,0,0,0
FluencyBank,17,35,1748960,1796960,1732960,1812960,0,0,0,1,1,0,0,0,1,0,0,0
FluencyBank,17,36,1777760,1825760,1761760,1841760,0,0,0,0,0,0,0,0,3,0,0,0
FluencyBank,17,37,188800,236800,172800,252800,0,0,0,1,0,0,0,0,2,0,0,0
FluencyBank,17,38,215040,263040,199040,279040,0,0,0,1,2,0,0,0,0,1,0,0
FluencyBank,17,39,1798240,1846240,1782240,1862240,0,0,0,0,0,0,0,0,3,0,0,0
FluencyBank,17,40,1816320,1864320,1800320,1880320,0,0,0,0,0,0,0,0,3,0,0,0
FluencyBank,17,41,1824320,1872320,1808320,1888320,0,0,0,0,0,0,0,0,3,0,0,0
FluencyBank,17,42,1868320,1916320,1852320,1932320,0,0,0,2,1,0,0,0,0,1,0,0
FluencyBank,17,43,1892960,1940960,1876960,1956960,0,0,0,1,1,0,0,0,1,0,0,0
FluencyBank,17,44,1944960,1992960,1928960,2008960,0,0,0,1,1,0,0,0,1,0,0,0
FluencyBank,17,45,1977280,2025280,1961280,2041280,0,0,0,0,0,0,0,3,3,0,0,0
FluencyBank,17,46,2015200,2063200,1999200,2079200,0,0,0,0,0,0,0,2,3,0,0,0
FluencyBank,17,47,2037600,2085600,2021600,2101600,0,0,0,0,0,1,0,3,2,0,0,0
FluencyBank,17,48,2098240,2146240,2082240,2162240,0,0,0,0,0,0,0,0,3,1,0,0
FluencyBank,17,49,2155680,2203680,2139680,2219680,0,0,0,0,0,0,0,0,3,0,0,0
FluencyBank,17,50,2179520,2227520,2163520,2243520,0,0,0,1,0,0,0,0,2,1,0,0
FluencyBank,17,51,2228320,2276320,2212320,2292320,0,0,0,0,0,0,0,3,3,0,0,0
FluencyBank,17,52,230880,278880,214880,294880,0,0,0,2,1,0,0,0,1,0,0,0
FluencyBank,17,53,2271360,2319360,2255360,2335360,0,0,0,1,1,0,0,0,2,0,0,0
FluencyBank,17,54,2315520,2363520,2299520,2379520,0,0,0,0,1,0,0,0,2,1,0,0
FluencyBank,17,55,2337920,2385920,2321920,2401920,0,0,0,0,0,0,0,0,3,0,0,0
FluencyBank,17,56,2393440,2441440,2377440,2457440,0,0,0,0,3,1,0,1,0,0,0,0
FluencyBank,17,57,2421600,2469600,2405600,2485600,0,0,0,0,0,0,0,2,3,1,0,0
FluencyBank,17,58,2460320,2508320,2444320,2524320,0,0,0,1,0,0,0,0,2,1,0,0
FluencyBank,17,59,2500000,2548000,2484000,2564000,0,0,0,0,0,0,0,0,3,0,0,0
FluencyBank,17,60,269600,317600,253600,333600,0,0,1,1,0,0,0,3,2,1,0,0
FluencyBank,17,61,293600,341600,277600,357600,0,0,0,0,1,1,0,0,1,0,0,0
FluencyBank,17,62,351680,399680,335680,415680,0,0,0,0,0,0,0,0,3,1,0,0
FluencyBank,17,63,380000,428000,364000,444000,0,0,0,1,0,0,0,2,2,0,0,0
FluencyBank,17,64,404640,452640,388640,468640,0,0,0,0,0,0,0,3,3,1,0,0
FluencyBank,17,65,444160,492160,428160,508160,0,0,0,0,0,3,0,0,0,0,0,0
FluencyBank,19,0,0,46880,-16000,62880,0,0,0,0,0,1,0,3,2,1,0,0
FluencyBank,19,1,1381440,1429440,1365440,1445440,0,0,0,0,0,2,0,0,1,0,0,0
FluencyBank,19,2,1405760,1453760,1389760,1469760,0,0,0,1,0,0,0,1,2,0,0,0
FluencyBank,19,3,1466720,1514720,1450720,1530720,0,0,1,0,0,0,0,3,2,1,0,0
FluencyBank,19,4,1518400,1566400,1502400,1582400,0,0,0,1,0,1,0,2,2,0,0,0
FluencyBank,19,5,1633920,1681920,1617920,1697920,0,0,0,0,0,0,0,3,3,0,0,0
FluencyBank,19,6,1661280,1709280,1645280,1725280,0,0,0,0,0,0,0,0,3,0,0,0
FluencyBank,19,7,2147840,2195840,2131840,2211840,0,0,0,2,1,1,0,3,0,1,0,0
FluencyBank,19,8,2172800,2220800,2156800,2236800,0,0,0,0,0,0,0,3,3,0,0,0
FluencyBank,19,9,2564800,2612800,2548800,2628800,0,0,1,0,0,0,0,0,2,1,0,0
FluencyBank,19,10,2588320,2636320,2572320,2652320,0,0,0,0,0,0,0,0,3,1,0,0
FluencyBank,19,11,2892960,2940960,2876960,2956960,0,0,1,0,0,0,0,2,2,1,0,0
FluencyBank,19,12,2919840,2967840,2903840,2983840,0,0,0,1,0,1,0,1,1,0,0,0
FluencyBank,19,13,2977760,3025760,2961760,3041760,0,0,0,0,0,0,0,0,3,2,0,0
FluencyBank,19,14,3018400,3066400,3002400,3082400,0,0,0,0,0,0,2,0,3,0,0,0
FluencyBank,19,15,3049760,3097760,3033760,3113760,0,0,2,0,0,1,0,1,0,0,0,0
FluencyBank,19,16,3207200,3255200,3191200,3271200,0,0,0,0,0,0,0,0,3,0,0,0
FluencyBank,19,17,3234560,3282560,3218560,3298560,0,0,0,2,0,0,0,1,1,1,0,0
FluencyBank,19,18,116320,164320,100320,180320,0,0,0,0,0,0,0,0,3,1,0,0
FluencyBank,19,19,92160,140160,76160,156160,0,0,0,0,0,0,0,0,3,2,0,0
FluencyBank,19,20,3345920,3393920,3329920,3409920,0,0,0,0,0,1,0,0,2,0,0,0
FluencyBank,19,21,3369920,3417920,3353920,3433920,0,0,0,1,0,0,0,0,2,2,0,0
FluencyBank,19,22,3387680,3435680,3371680,3451680,0,0,0,0,0,0,0,0,3,0,0,0
FluencyBank,19,23,3482400,3530400,3466400,3546400,0,0,1,2,2,0,0,2,0,1,0,0
FluencyBank,19,24,3506400,3554400,3490400,3570400,0,0,0,0,0,0,0,2,3,0,0,0
FluencyBank,19,25,3580800,3628800,3564800,3644800,0,0,0,2,0,0,0,2,1,1,0,0
FluencyBank,19,26,3606240,3654240,3590240,3670240,0,0,0,0,0,0,0,1,3,0,0,0
FluencyBank,19,27,3682720,3730720,3666720,3746720,0,0,0,2,0,0,0,0,1,0,0,0
FluencyBank,19,28,3708800,3756800,3692800,3772800,0,0,0,0,0,0,0,0,3,1,0,0
FluencyBank,19,29,3987680,4035680,3971680,4051680,0,0,1,0,0,2,0,0,1,0,0,0
FluencyBank,19,30,4012960,4060960,3996960,4076960,0,0,0,0,0,0,0,3,3,0,0,0
FluencyBank,19,31,4205920,4253920,4189920,4269920,0,0,1,0,0,0,0,0,2,1,0,0
FluencyBank,19,32,4231200,4279200,4215200,4295200,1,0,0,1,1,1,0,3,0,1,0,0
FluencyBank,19,33,4282560,4330560,4266560,4346560,0,0,0,2,0,1,0,0,0,0,0,0
FluencyBank,19,34,5121600,5169600,5105600,5185600,0,0,0,1,0,0,0,0,2,1,0,0
FluencyBank,19,35,5147360,5195360,5131360,5211360,0,0,0,1,0,1,0,0,1,0,0,0
FluencyBank,19,36,6193280,6241280,6177280,6257280,0,0,1,0,0,0,0,0,2,2,0,0
FluencyBank,19,37,6217280,6265280,6201280,6281280,0,0,0,0,0,0,0,0,3,1,0,0
FluencyBank,19,38,247040,295040,231040,311040,0,0,0,0,0,0,0,0,3,0,0,0
FluencyBank,19,39,272640,320640,256640,336640,0,0,0,0,0,0,0,0,3,1,0,0
FluencyBank,19,40,6267360,6315360,6251360,6331360,0,0,0,0,0,0,0,0,3,1,0,0
FluencyBank,19,41,6291520,6339520,6275520,6355520,0,0,0,0,0,3,0,0,0,0,0,0
FluencyBank,19,42,6372320,6420320,6356320,6436320,0,0,0,0,0,0,0,0,3,1,0,0
FluencyBank,19,43,6397280,6445280,6381280,6461280,0,0,0,1,1,0,0,0,1,0,0,0
FluencyBank,19,44,6900480,6948480,6884480,6964480,0,0,0,1,0,0,0,0,2,1,0,0
FluencyBank,19,45,6924160,6972160,6908160,6988160,0,0,0,0,0,0,0,0,3,0,0,0
FluencyBank,19,46,6939360,6987360,6923360,7003360,0,0,0,0,0,0,0,0,3,0,0,0
FluencyBank,19,47,6976800,7024800,6960800,7040800,0,0,1,0,1,0,0,0,1,1,0,0
FluencyBank,19,48,7081760,7129760,7065760,7145760,1,0,0,0,0,0,0,1,2,0,0,0
FluencyBank,19,49,7106240,7154240,7090240,7170240,0,0,0,0,0,1,0,3,2,0,0,0
FluencyBank,19,50,7134080,7182080,7118080,7198080,0,0,0,0,0,0,1,0,3,1,0,0
FluencyBank,19,51,7168480,7216480,7152480,7232480,0,0,0,1,1,0,0,0,1,0,0,0
FluencyBank,19,52,7908640,7956640,7892640,7972640,0,0,0,0,1,1,0,3,2,1,0,0
FluencyBank,19,53,7932960,7980960,7916960,7996960,1,0,0,1,1,1,1,0,0,1,0,0
FluencyBank,19,54,8808160,8856160,8792160,8872160,0,0,0,0,0,0,0,1,3,0,0,0
FluencyBank,19,55,8832480,8880480,8816480,8896480,0,0,0,1,0,2,0,0,0,0,0,0
FluencyBank,19,56,348000,396000,332000,412000,1,0,0,1,2,0,0,1,0,1,0,0
FluencyBank,19,57,376800,424800,360800,440800,0,0,0,0,0,3,0,0,0,0,0,0
FluencyBank,19,58,9637120,9685120,9621120,9701120,0,0,0,0,0,1,0,3,2,1,0,0
FluencyBank,19,59,9661440,9709440,9645440,9725440,0,0,0,0,1,0,0,0,2,1,0,0
FluencyBank,19,60,9709920,9757920,9693920,9773920,0,0,0,0,0,0,0,0,3,1,0,0
FluencyBank,19,61,9968640,10016640,9952640,10032640,0,0,0,1,1,0,0,3,1,1,0,0
FluencyBank,19,62,9993600,10041600,9977600,10057600,0,0,0,0,0,0,0,3,3,0,0,0
FluencyBank,19,63,10048000,10096000,10032000,10112000,0,0,0,1,0,0,0,1,2,0,0,0
FluencyBank,19,64,10072960,10120960,10056960,10136960,0,0,0,1,0,0,0,2,2,1,0,0
FluencyBank,19,65,10397760,10445760,10381760,10461760,0,0,1,0,0,0,0,3,2,0,0,0
FluencyBank,19,66,10427840,10475840,10411840,10491840,0,0,0,2,0,1,0,0,0,0,0,0
FluencyBank,19,67,10600960,10648960,10584960,10664960,0,0,0,2,2,1,0,0,0,0,0,0
FluencyBank,19,68,10628000,10676000,10612000,10692000,0,0,3,2,0,0,0,0,0,0,0,0
FluencyBank,19,69,10825760,10873760,10809760,10889760,0,0,0,1,1,0,0,0,1,0,0,0
FluencyBank,19,70,10851200,10899200,10835200,10915200,0,0,0,0,0,3,0,0,0,0,0,0
FluencyBank,19,71,11076160,11124160,11060160,11140160,0,0,0,1,2,0,0,0,0,0,0,0
FluencyBank,19,72,11100960,11148960,11084960,11164960,0,0,0,0,1,3,0,0,0,0,0,0
FluencyBank,19,73,11112480,11160480,11096480,11176480,0,0,1,0,1,1,0,0,1,1,0,0
FluencyBank,19,74,11346720,11394720,11330720,11410720,0,0,0,0,3,0,0,1,0,0,0,0
FluencyBank,19,75,11370880,11418880,11354880,11434880,0,0,1,1,2,0,0,3,0,0,0,0
FluencyBank,19,76,492480,540480,476480,556480,0,0,1,2,0,1,0,1,0,1,0,0
FluencyBank,19,77,516480,564480,500480,580480,0,0,0,0,0,0,0,0,3,1,0,0
FluencyBank,19,78,11458880,11506880,11442880,11522880,0,0,0,0,0,1,0,2,2,0,0,0
FluencyBank,19,79,11482560,11530560,11466560,11546560,0,0,0,0,0,1,0,3,2,0,0,0
FluencyBank,19,80,576000,624000,560000,640000,0,0,0,0,0,0,0,0,3,1,0,0
FluencyBank,19,81,885440,933440,869440,949440,0,0,3,0,1,0,0,1,0,0,0,0
FluencyBank,19,82,909920,957920,893920,973920,0,0,0,0,0,3,0,3,0,0,0,0
FluencyBank,19,83,947680,995680,931680,1011680,0,0,0,1,0,0,0,0,2,0,0,0
FluencyBank,19,84,971040,1019040,955040,1035040,0,0,0,0,0,0,0,0,3,0,0,0
FluencyBank,19,85,1103680,1151680,1087680,1167680,0,0,0,0,0,3,0,2,0,0,0,0
FluencyBank,19,86,1127200,1175200,1111200,1191200,0,0,0,1,0,0,0,2,2,1,0,0
FluencyBank,19,87,1170400,1218400,1154400,1234400,0,0,1,0,0,1,0,0,1,0,0,0
FluencyBank,19,88,1194080,1242080,1178080,1258080,0,0,0,1,0,1,0,2,1,2,0,0
FluencyBank,24,0,0,45440,-16000,61440,0,0,0,0,0,0,0,1,3,0,0,0
FluencyBank,24,1,12286880,12334880,12270880,12350880,0,0,0,1,1,1,0,1,0,0,0,0
FluencyBank,24,2,12319200,12367200,12303200,12383200,0,0,0,0,0,0,0,0,3,0,0,0
FluencyBank,24,3,12487360,12535360,12471360,12551360,0,0,0,0,0,0,0,0,3,0,0,0
FluencyBank,24,4,12513280,12561280,12497280,12577280,0,0,0,0,0,0,0,0,3,0,0,0
FluencyBank,24,5,12604320,12652320,12588320,12668320,0,0,0,0,0,0,0,0,3,0,0,0
FluencyBank,24,6,12630400,12678400,12614400,12694400,0,0,0,0,0,0,0,0,3,2,0,0
FluencyBank,24,7,12853280,12901280,12837280,12917280,0,0,0,1,0,0,0,0,2,0,0,0
FluencyBank,24,8,12887520,12935520,12871520,12951520,0,0,0,0,0,0,0,0,3,0,0,0
FluencyBank,24,9,13030880,13078880,13014880,13094880,0,0,0,0,0,0,0,0,3,0,0,0
FluencyBank,24,10,13067360,13115360,13051360,13131360,0,0,3,0,0,0,1,0,0,0,0,0
FluencyBank,24,11,13366240,13414240,13350240,13430240,0,0,0,1,2,0,0,0,0,0,0,0
FluencyBank,24,12,13399200,13447200,13383200,13463200,0,0,1,0,0,0,0,2,2,0,0,0
FluencyBank,24,13,13458400,13506400,13442400,13522400,0,0,0,0,0,0,0,0,3,0,0,0
FluencyBank,24,14,13520160,13568160,13504160,13584160,0,0,2,0,0,0,0,0,1,0,0,0
FluencyBank,24,15,13561760,13609760,13545760,13625760,0,0,0,0,0,0,0,0,3,0,0,0
FluencyBank,24,16,13621600,13669600,13605600,13685600,0,0,0,0,0,0,0,0,3,0,0,0
FluencyBank,24,17,13648320,13696320,13632320,13712320,0,0,0,0,0,0,0,0,3,1,0,0
FluencyBank,24,18,1560320,1608320,1544320,1624320,0,0,1,0,0,0,0,0,2,0,0,0
FluencyBank,24,19,13795200,13843200,13779200,13859200,0,0,0,0,0,0,0,0,3,0,0,0
FluencyBank,24,20,13823040,13871040,13807040,13887040,0,0,0,0,0,0,0,0,3,0,0,0
FluencyBank,24,21,13842080,13890080,13826080,13906080,0,0,1,0,0,0,0,0,2,0,0,0
FluencyBank,24,22,13942880,13990880,13926880,14006880,0,0,0,0,0,0,0,3,3,0,0,0
FluencyBank,24,23,13977600,14025600,13961600,14041600,0,0,0,0,0,1,0,0,2,0,0,0
FluencyBank,24,24,14162720,14210720,14146720,14226720,0,0,0,0,0,0,0,3,3,1,0,0
FluencyBank,24,25,14190400,14238400,14174400,14254400,0,0,0,1,0,0,0,0,2,2,0,0
FluencyBank,24,26,14247520,14295520,14231520,14311520,0,0,0,0,0,0,0,1,3,1,0,0
FluencyBank,24,27,14303360,14351360,14287360,14367360,0,0,1,2,1,3,0,1,0,0,0,0
FluencyBank,24,28,14450720,14498720,14434720,14514720,0,0,0,0,0,0,0,1,3,0,0,0
FluencyBank,24,29,14476640,14524640,14460640,14540640,0,0,0,0,0,0,0,0,3,0,0,0
FluencyBank,24,30,14531200,14579200,14515200,14595200,0,0,1,0,0,0,0,3,2,0,0,0
FluencyBank,24,31,14557280,14605280,14541280,14621280,0,0,0,0,0,0,0,3,3,1,0,0
FluencyBank,24,32,14583200,14631200,14567200,14647200,0,0,3,0,0,0,1,0,0,1,0,0
FluencyBank,24,33,14621760,14669760,14605760,14685760,1,0,0,0,0,0,1,0,3,0,0,0
FluencyBank,24,34,1612000,1660000,1596000,1676000,0,0,1,1,0,0,0,0,1,0,0,0
FluencyBank,24,35,1801920,1849920,1785920,1865920,0,0,0,0,0,0,0,0,3,1,0,0
FluencyBank,24,36,1828480,1876480,1812480,1892480,0,0,0,0,0,0,0,0,3,0,0,0
FluencyBank,24,37,1871200,1919200,1855200,1935200,0,0,0,0,0,3,0,1,0,0,0,0
FluencyBank,24,38,1944160,1992160,1928160,2008160,0,0,1,1,0,0,0,0,1,1,0,0
FluencyBank,24,39,1974400,2022400,1958400,2038400,0,0,3,0,0,0,0,3,0,0,0,0
FluencyBank,24,40,2016000,2064000,2000000,2080000,0,0,2,0,0,0,0,3,1,0,0,0
FluencyBank,24,41,2046240,2094240,2030240,2110240,0,0,0,0,0,0,0,0,3,0,0,0
FluencyBank,24,42,2107520,2155520,2091520,2171520,0,0,0,0,0,0,0,3,3,0,0,0
FluencyBank,24,43,2313600,2361600,2297600,2377600,0,0,0,0,0,0,0,3,3,0,0,0
FluencyBank,24,44,2352640,2400640,2336640,2416640,0,0,0,1,0,0,0,0,2,0,0,0
FluencyBank,24,45,2602720,2650720,2586720,2666720,0,0,0,0,0,0,0,0,3,0,0,0
FluencyBank,24,46,2633760,2681760,2617760,2697760,0,0,0,0,0,0,0,3,3,1,0,0
FluencyBank,24,47,2662080,2710080,2646080,2726080,0,0,0,0,0,0,0,0,3,0,0,0
FluencyBank,24,48,690080,738080,674080,754080,0,0,2,0,1,0,0,0,0,0,0,0
FluencyBank,24,49,718880,766880,702880,782880,0,0,2,0,0,0,0,2,1,0,0,0
FluencyBank,24,50,2700480,2748480,2684480,2764480,0,0,0,0,0,0,0,0,3,0,0,0
FluencyBank,24,51,2792640,2840640,2776640,2856640,0,0,0,0,0,0,0,3,3,0,0,0
FluencyBank,24,52,2819840,2867840,2803840,2883840,0,0,0,0,0,0,0,3,3,0,0,0
FluencyBank,24,53,2889760,2937760,2873760,2953760,0,0,0,1,0,0,0,0,2,0,0,0
FluencyBank,24,54,2916640,2964640,2900640,2980640,0,0,0,1,1,1,1,1,1,1,0,0
FluencyBank,24,55,2967200,3015200,2951200,3031200,0,0,3,1,0,0,0,0,0,0,0,0
FluencyBank,24,56,3015040,3063040,2999040,3079040,1,0,0,1,2,0,0,1,0,0,0,0
FluencyBank,24,57,3050880,3098880,3034880,3114880,0,0,1,0,0,0,0,2,2,0,0,0
FluencyBank,24,58,3199520,3247520,3183520,3263520,0,0,1,2,0,0,0,0,0,0,0,0
FluencyBank,24,59,3225600,3273600,3209600,3289600,0,0,0,1,0,1,0,3,1,0,0,0
FluencyBank,24,60,3358080,3406080,3342080,3422080,0,0,1,0,0,0,0,0,2,0,0,0
FluencyBank,24,61,3391200,3439200,3375200,3455200,0,0,0,0,0,1,0,3,2,0,0,0
FluencyBank,24,62,3430400,3478400,3414400,3494400,0,0,0,0,0,0,0,0,3,0,0,0
FluencyBank,24,63,3456320,3504320,3440320,3520320,0,0,1,0,0,0,0,0,2,1,0,0
FluencyBank,24,64,3522080,3570080,3506080,3586080,0,0,0,0,0,0,0,0,3,1,0,0
FluencyBank,24,65,3556000,3604000,3540000,3620000,0,0,0,1,0,1,0,2,2,1,0,0
FluencyBank,24,66,3604000,3652000,3588000,3668000,0,0,2,1,1,1,0,1,0,0,0,0
FluencyBank,24,67,794560,842560,778560,858560,0,0,0,0,0,0,0,0,3,1,0,0
FluencyBank,24,68,821600,869600,805600,885600,0,0,2,0,0,0,0,0,1,0,0,0
FluencyBank,24,69,3675680,3723680,3659680,3739680,0,0,1,0,0,0,0,2,2,1,0,0
FluencyBank,24,70,3716800,3764800,3700800,3780800,0,0,0,2,1,0,0,0,0,0,0,0
FluencyBank,24,71,3804000,3852000,3788000,3868000,1,0,0,0,2,2,0,0,1,1,0,0
FluencyBank,24,72,3830560,3878560,3814560,3894560,0,0,0,0,0,0,0,3,3,0,0,0
FluencyBank,24,73,3878880,3926880,3862880,3942880,0,0,0,1,0,0,0,0,2,0,0,0
FluencyBank,24,74,3896640,3944640,3880640,3960640,0,0,0,0,0,0,0,0,3,0,0,0
FluencyBank,24,75,4123840,4171840,4107840,4187840,0,0,0,0,1,0,0,0,2,0,0,0
FluencyBank,24,76,4150880,4198880,4134880,4214880,0,0,3,0,0,0,0,0,0,0,0,0
FluencyBank,24,77,4212960,4260960,4196960,4276960,1,0,0,0,0,2,0,0,1,0,0,0
FluencyBank,24,78,4281440,4329440,4265440,4345440,0,0,0,0,0,0,0,0,3,1,0,0
FluencyBank,24,79,4327040,4375040,4311040,4391040,0,0,0,1,0,0,0,1,2,1,0,0
FluencyBank,24,80,4355680,4403680,4339680,4419680,0,0,0,0,0,0,0,0,3,0,0,0
FluencyBank,24,81,4596640,4644640,4580640,4660640,0,0,0,0,0,1,0,1,2,1,0,0
FluencyBank,24,82,4625600,4673600,4609600,4689600,0,0,0,0,0,0,0,0,3,0,0,0
FluencyBank,24,83,4713920,4761920,4697920,4777920,0,0,0,0,1,3,0,1,0,0,0,0
FluencyBank,24,84,4740320,4788320,4724320,4804320,0,0,0,0,0,3,0,0,0,0,0,0
FluencyBank,24,85,1062080,1110080,1046080,1126080,0,0,0,0,0,0,0,1,3,0,0,0
FluencyBank,24,86,1089920,1137920,1073920,1153920,0,0,0,0,0,0,0,3,3,1,0,0
FluencyBank,24,87,4918880,4966880,4902880,4982880,0,0,0,0,0,0,0,0,3,0,0,0
FluencyBank,24,88,4958400,5006400,4942400,5022400,0,0,0,1,2,0,0,0,0,0,0,0
FluencyBank,24,89,5088480,5136480,5072480,5152480,0,0,0,0,0,0,0,2,3,0,0,0
FluencyBank,24,90,5114400,5162400,5098400,5178400,0,0,0,0,0,0,0,2,3,2,0,0
FluencyBank,24,91,5181440,5229440,5165440,5245440,0,0,0,0,0,0,0,0,3,0,0,0
FluencyBank,24,92,5212960,5260960,5196960,5276960,0,0,0,0,0,0,0,0,3,0,0,0
FluencyBank,24,93,5333440,5381440,5317440,5397440,0,0,2,0,0,0,0,0,1,0,0,0
FluencyBank,24,94,5359520,5407520,5343520,5423520,0,0,0,0,0,0,0,0,3,0,0,0
FluencyBank,24,95,5396320,5444320,5380320,5460320,0,0,1,0,0,0,0,3,2,0,0,0
FluencyBank,24,96,5488320,5536320,5472320,5552320,0,0,0,0,0,0,0,0,3,0,0,0
FluencyBank,24,97,5522240,5570240,5506240,5586240,0,0,0,1,0,0,0,2,2,0,0,0
FluencyBank,24,98,5566560,5614560,5550560,5630560,0,0,0,0,0,2,0,1,1,1,0,0
FluencyBank,24,99,5634080,5682080,5618080,5698080,0,0,0,0,0,0,0,3,3,1,0,0
FluencyBank,24,100,5662720,5710720,5646720,5726720,0,0,0,0,0,1,0,3,2,0,0,0
FluencyBank,24,101,5690880,5738880,5674880,5754880,0,0,0,0,0,0,0,0,3,0,0,0
FluencyBank,24,102,5734720,5782720,5718720,5798720,0,0,0,0,0,0,0,0,3,0,0,0
FluencyBank,24,103,1111680,1159680,1095680,1175680,0,0,0,1,0,2,0,1,1,0,0,0
FluencyBank,24,104,5791360,5839360,5775360,5855360,0,0,0,0,0,0,0,0,3,0,0,0
FluencyBank,24,105,5844320,5892320,5828320,5908320,0,0,0,0,0,0,0,0,3,0,0,0
FluencyBank,24,106,5860160,5908160,5844160,5924160,0,0,0,0,0,0,0,0,3,0,0,0
FluencyBank,24,107,6015040,6063040,5999040,6079040,0,0,1,2,1,0,0,0,0,0,0,0
FluencyBank,24,108,6044640,6092640,6028640,6108640,0,0,2,0,1,0,0,0,0,0,0,0
FluencyBank,24,109,6189120,6237120,6173120,6253120,0,0,0,0,0,0,0,0,3,0,0,0
FluencyBank,24,110,6216000,6264000,6200000,6280000,0,0,0,0,0,0,0,0,3,0,0,0
FluencyBank,24,111,6270240,6318240,6254240,6334240,0,0,0,0,0,0,0,0,3,2,0,0
FluencyBank,24,112,6299520,6347520,6283520,6363520,0,0,1,0,0,0,0,0,2,0,0,0
FluencyBank,24,113,6414240,6462240,6398240,6478240,0,0,0,0,0,0,0,2,3,0,0,0
FluencyBank,24,114,6440320,6488320,6424320,6504320,0,0,0,0,0,0,0,0,3,0,0,0
FluencyBank,24,115,6595680,6643680,6579680,6659680,0,0,0,0,0,0,0,0,3,0,0,0
FluencyBank,24,116,6629120,6677120,6613120,6693120,0,0,0,0,1,0,0,0,2,0,0,0
FluencyBank,24,117,6711680,6759680,6695680,6775680,0,0,0,0,0,0,0,0,3,0,0,0
FluencyBank,24,118,6748960,6796960,6732960,6812960,0,0,0,0,0,0,0,0,3,0,0,0
FluencyBank,24,119,6808640,6856640,6792640,6872640,0,0,2,0,0,0,0,0,1,0,0,0
FluencyBank,24,120,6867360,6915360,6851360,6931360,0,0,0,0,0,0,0,0,3,0,0,0
FluencyBank,24,121,1202880,1250880,1186880,1266880,0,0,0,0,0,0,0,0,3,0,0,0
FluencyBank,24,122,1233440,1281440,1217440,1297440,0,0,0,0,0,0,0,3,3,1,0,0
FluencyBank,24,123,7054240,7102240,7038240,7118240,0,0,0,0,0,0,0,0,3,1,0,0
FluencyBank,24,124,7081920,7129920,7065920,7145920,0,0,0,0,0,0,0,0,3,0,0,0
FluencyBank,24,125,7112160,7160160,7096160,7176160,0,0,0,0,0,0,0,0,3,0,0,0
FluencyBank,24,126,7180800,7228800,7164800,7244800,0,0,0,0,0,3,0,1,0,0,0,0
FluencyBank,24,127,7306080,7354080,7290080,7370080,0,0,0,0,0,0,0,0,3,0,0,0
FluencyBank,24,128,7338080,7386080,7322080,7402080,0,0,1,0,0,0,0,2,2,0,0,0
FluencyBank,24,129,7381280,7429280,7365280,7445280,0,0,1,0,0,0,0,2,2,0,0,0
FluencyBank,24,130,7421600,7469600,7405600,7485600,0,0,2,0,0,1,0,0,0,0,0,0
FluencyBank,24,131,7450240,7498240,7434240,7514240,0,0,0,0,0,0,0,0,3,0,0,0
FluencyBank,24,132,7548160,7596160,7532160,7612160,0,0,1,0,2,0,0,2,0,0,0,0
FluencyBank,24,133,7575200,7623200,7559200,7639200,0,0,0,0,0,0,0,1,3,0,0,0
FluencyBank,24,134,7677280,7725280,7661280,7741280,0,0,0,0,0,0,0,0,3,0,0,0
FluencyBank,24,135,7720640,7768640,7704640,7784640,0,0,0,0,0,0,0,0,3,0,0,0
FluencyBank,24,136,7850240,7898240,7834240,7914240,0,0,0,0,0,0,0,0,3,1,0,0
FluencyBank,24,137,7878400,7926400,7862400,7942400,0,0,0,0,1,2,0,0,0,1,0,0
FluencyBank,24,138,7983520,8031520,7967520,8047520,0,0,0,1,0,0,0,0,2,1,0,0
FluencyBank,24,139,8009600,8057600,7993600,8073600,0,0,0,1,1,0,0,0,1,0,0,0
FluencyBank,24,140,1253920,1301920,1237920,1317920,0,0,0,0,0,0,0,2,3,0,0,0
FluencyBank,24,141,8069760,8117760,8053760,8133760,0,0,0,0,0,0,0,0,3,0,0,0
FluencyBank,24,142,8101760,8149760,8085760,8165760,0,0,1,0,0,0,0,0,2,0,0,0
FluencyBank,24,143,8363840,8411840,8347840,8427840,0,0,0,0,0,0,0,0,3,0,0,0
FluencyBank,24,144,8395680,8443680,8379680,8459680,0,0,1,0,0,0,0,0,2,0,0,0
FluencyBank,24,145,8459520,8507520,8443520,8523520,0,0,1,0,0,0,0,0,2,0,0,0
FluencyBank,24,146,8502400,8550400,8486400,8566400,0,0,0,0,0,0,0,0,3,1,0,0
FluencyBank,24,147,8528160,8576160,8512160,8592160,0,0,0,0,0,0,0,0,3,0,0,0
FluencyBank,24,148,8645920,8693920,8629920,8709920,0,0,0,0,0,0,0,0,3,0,0,0
FluencyBank,24,149,8671680,8719680,8655680,8735680,0,0,2,0,0,0,0,3,1,0,0,0
FluencyBank,24,150,8788320,8836320,8772320,8852320,0,0,0,0,0,0,0,0,3,1,0,0
FluencyBank,24,151,8814880,8862880,8798880,8878880,0,0,0,0,0,0,0,0,3,0,0,0
FluencyBank,24,152,8863040,8911040,8847040,8927040,0,0,1,0,1,0,0,0,1,0,0,0
FluencyBank,24,153,8889440,8937440,8873440,8953440,0,0,0,0,0,0,0,0,3,0,0,0
FluencyBank,24,154,9059520,9107520,9043520,9123520,0,0,0,0,0,0,0,2,3,0,0,0
FluencyBank,24,155,9086080,9134080,9070080,9150080,0,0,0,0,0,0,0,3,3,0,0,0
FluencyBank,24,156,9128480,9176480,9112480,9192480,0,0,0,1,2,0,0,3,0,0,0,0
FluencyBank,24,157,9156320,9204320,9140320,9220320,0,0,0,0,0,0,0,3,3,1,0,0
FluencyBank,24,158,1380160,1428160,1364160,1444160,0,0,0,1,1,1,0,0,1,1,0,0
FluencyBank,24,159,1407040,1455040,1391040,1471040,0,0,0,1,0,2,0,0,0,0,0,0
FluencyBank,24,160,9226720,9274720,9210720,9290720,0,0,0,0,0,0,0,0,3,2,0,0
FluencyBank,24,161,9252480,9300480,9236480,9316480,0,0,0,0,0,3,0,0,0,0,0,0
FluencyBank,24,162,9333920,9381920,9317920,9397920,0,0,0,0,0,1,0,0,2,0,0,0
FluencyBank,24,163,9367360,9415360,9351360,9431360,0,0,0,0,0,0,0,0,3,0,0,0
FluencyBank,24,164,9574080,9622080,9558080,9638080,0,0,0,3,0,0,0,2,0,0,0,0
FluencyBank,24,165,9601600,9649600,9585600,9665600,0,0,0,0,0,2,0,3,1,0,0,0
FluencyBank,24,166,9817760,9865760,9801760,9881760,0,0,0,1,0,0,0,0,2,0,0,0
FluencyBank,24,167,9844480,9892480,9828480,9908480,0,0,0,1,0,0,1,0,2,0,0,0
FluencyBank,24,168,9911040,9959040,9895040,9975040,0,0,0,0,0,0,0,0,3,0,0,0
FluencyBank,24,169,10093920,10141920,10077920,10157920,0,0,0,0,0,2,0,2,1,0,0,0
FluencyBank,24,170,10119680,10167680,10103680,10183680,0,0,0,0,0,0,0,3,3,1,0,0
FluencyBank,24,171,10202560,10250560,10186560,10266560,0,0,0,0,0,0,0,0,3,0,0,0
FluencyBank,24,172,10232000,10280000,10216000,10296000,1,0,0,0,0,0,1,0,2,0,0,0
FluencyBank,24,173,10274560,10322560,10258560,10338560,0,0,0,2,3,0,0,0,0,0,0,0
FluencyBank,24,174,10527520,10575520,10511520,10591520,0,0,3,0,0,0,0,0,0,0,0,0
FluencyBank,24,175,10558240,10606240,10542240,10622240,0,0,0,0,0,0,0,0,3,0,0,0
FluencyBank,24,176,10638080,10686080,10622080,10702080,0,0,2,0,0,0,0,0,1,1,0,0
FluencyBank,24,177,1465280,1513280,1449280,1529280,0,0,0,0,0,0,0,1,3,0,0,0
FluencyBank,24,178,1494880,1542880,1478880,1558880,0,0,0,1,0,0,0,3,2,0,0,0
FluencyBank,24,179,10795680,10843680,10779680,10859680,0,0,0,0,0,0,0,0,3,0,0,0
FluencyBank,24,180,10825440,10873440,10809440,10889440,1,0,0,1,1,1,1,0,0,0,0,0
FluencyBank,24,181,10848960,10896960,10832960,10912960,0,0,0,0,0,1,0,0,2,0,0,0
FluencyBank,24,182,10983840,11031840,10967840,11047840,0,0,0,0,0,1,0,3,2,1,0,0
FluencyBank,24,183,11016160,11064160,11000160,11080160,0,0,0,0,0,0,0,0,3,0,0,0
FluencyBank,24,184,11108160,11156160,11092160,11172160,0,0,0,1,1,0,0,0,1,0,0,0
FluencyBank,24,185,11145600,11193600,11129600,11209600,0,0,0,0,0,0,0,0,3,0,0,0
FluencyBank,24,186,11649760,11697760,11633760,11713760,0,0,1,1,0,1,0,3,0,0,0,0
FluencyBank,24,187,11677760,11725760,11661760,11741760,0,0,0,0,0,0,0,3,3,0,0,0
FluencyBank,24,188,11697280,11745280,11681280,11761280,0,0,0,0,0,0,0,2,3,0,0,0
FluencyBank,24,189,11820480,11868480,11804480,11884480,0,0,0,1,0,0,0,2,2,1,0,0
FluencyBank,24,190,11848320,11896320,11832320,11912320,0,0,1,0,0,0,0,3,2,1,0,0
FluencyBank,24,191,12018240,12066240,12002240,12082240,0,0,0,1,0,0,0,2,2,0,0,0
FluencyBank,24,192,12045600,12093600,12029600,12109600,0,0,0,0,0,0,0,2,3,0,0,0
FluencyBank,24,193,12157440,12205440,12141440,12221440,0,0,0,0,1,2,0,0,1,0,0,0
FluencyBank,24,194,12204000,12252000,12188000,12268000,0,0,0,1,2,0,0,0,0,0,0,0
FluencyBank,24,195,12219360,12267360,12203360,12283360,0,0,0,0,2,1,0,1,0,0,0,0
FluencyBank,24,196,1529440,1577440,1513440,1593440,0,0,3,0,0,0,0,0,1,0,0,0
FluencyBank,31,0,87680,135680,71680,151680,0,0,0,0,0,1,0,2,2,0,0,0
FluencyBank,31,1,1164320,1212320,1148320,1228320,0,0,1,0,0,1,0,0,2,1,0,0
FluencyBank,31,2,1192000,1240000,1176000,1256000,0,0,0,0,0,0,0,0,3,1,0,0
FluencyBank,31,3,1213600,1261600,1197600,1277600,0,0,0,0,0,0,0,0,3,0,0,0
FluencyBank,31,4,1284160,1332160,1268160,1348160,0,0,0,0,0,1,0,2,2,0,0,0
FluencyBank,31,5,1311040,1359040,1295040,1375040,1,0,0,2,0,0,0,2,1,1,0,0
FluencyBank,31,6,1398240,1446240,1382240,1462240,0,0,0,0,0,0,0,1,3,1,0,0
FluencyBank,31,7,1424960,1472960,1408960,1488960,0,0,0,0,0,0,0,0,3,0,0,0
FluencyBank,31,8,1498880,1546880,1482880,1562880,0,0,0,0,0,1,0,3,2,1,0,0
FluencyBank,31,9,1526720,1574720,1510720,1590720,0,0,0,0,2,1,0,0,0,0,0,0
FluencyBank,31,10,1726240,1774240,1710240,1790240,0,0,1,0,0,0,0,3,2,0,0,0
FluencyBank,31,11,1750560,1798560,1734560,1814560,0,0,0,0,0,0,0,3,3,0,0,0
FluencyBank,31,12,1784320,1832320,1768320,1848320,0,0,0,0,0,0,0,0,3,0,0,0
FluencyBank,31,13,1823040,1871040,1807040,1887040,0,0,0,0,0,0,0,0,3,0,0,0
FluencyBank,31,14,1860800,1908800,1844800,1924800,0,0,0,2,0,0,0,0,1,1,0,0
FluencyBank,31,15,1982400,2030400,1966400,2046400,0,0,0,0,0,0,0,0,3,1,0,0
FluencyBank,31,16,2008320,2056320,1992320,2072320,0,0,0,1,0,0,0,3,2,0,0,0
FluencyBank,31,17,139040,187040,123040,203040,0,0,0,1,0,0,0,1,2,0,0,0
FluencyBank,31,18,171200,219200,155200,235200,0,0,0,0,0,0,0,0,3,0,0,0
FluencyBank,31,19,2039360,2087360,2023360,2103360,0,0,0,2,0,0,0,2,1,0,0,0
FluencyBank,31,20,2089600,2137600,2073600,2153600,1,0,0,0,0,0,1,1,2,0,0,0
FluencyBank,31,21,2138880,2186880,2122880,2202880,0,0,2,1,0,0,0,0,1,1,0,0
FluencyBank,31,22,2178400,2226400,2162400,2242400,0,0,2,0,0,0,0,0,1,0,0,0
FluencyBank,31,23,2215040,2263040,2199040,2279040,0,0,0,1,2,0,0,0,0,0,0,0
FluencyBank,31,24,2254240,2302240,2238240,2318240,0,0,0,0,0,0,0,2,3,0,0,0
FluencyBank,31,25,2282400,2330400,2266400,2346400,0,0,0,0,0,0,0,3,3,0,0,0
FluencyBank,31,26,2314400,2362400,2298400,2378400,0,0,0,0,0,0,0,0,3,0,0,0
FluencyBank,31,27,2591040,2639040,2575040,2655040,0,0,0,1,2,0,0,1,0,0,0,0
FluencyBank,31,28,2623360,2671360,2607360,2687360,0,0,0,0,0,0,0,0,3,0,0,0
FluencyBank,31,29,2697600,2745600,2681600,2761600,0,0,0,0,0,0,0,0,3,0,0,0
FluencyBank,31,30,2722880,2770880,2706880,2786880,0,0,0,1,0,0,0,0,2,0,0,0
FluencyBank,31,31,2814240,2862240,2798240,2878240,0,0,0,1,0,0,0,0,2,0,0,0
FluencyBank,31,32,2839520,2887520,2823520,2903520,0,0,0,0,0,0,0,3,3,1,0,0
FluencyBank,31,33,3218560,3266560,3202560,3282560,0,0,0,0,0,0,0,0,3,1,0,0
FluencyBank,31,34,3242720,3290720,3226720,3306720,0,0,0,1,0,0,0,2,2,2,0,0
FluencyBank,31,35,224960,272960,208960,288960,0,0,0,0,0,0,0,1,3,0,0,0
FluencyBank,31,36,256960,304960,240960,320960,0,0,0,0,0,0,0,3,3,0,0,0
FluencyBank,31,37,3294560,3342560,3278560,3358560,0,0,1,0,0,0,0,0,2,0,0,0
FluencyBank,31,38,3520000,3568000,3504000,3584000,0,0,0,0,0,1,0,3,2,0,0,0
FluencyBank,31,39,3543840,3591840,3527840,3607840,0,0,1,0,0,0,0,2,2,0,0,0
FluencyBank,31,40,3590240,3638240,3574240,3654240,0,0,0,0,0,0,0,0,3,0,0,0
FluencyBank,31,41,3620160,3668160,3604160,3684160,0,0,0,1,0,1,0,1,2,1,0,0
FluencyBank,31,42,3834400,3882400,3818400,3898400,0,0,0,1,0,0,0,0,2,0,0,0
FluencyBank,31,43,3863840,3911840,3847840,3927840,0,0,1,0,0,0,0,0,2,0,0,0
FluencyBank,31,44,3921440,3969440,3905440,3985440,0,0,0,2,0,0,0,0,1,1,0,0
FluencyBank,31,45,3969120,4017120,3953120,4033120,0,0,0,0,0,0,0,1,3,0,0,0
FluencyBank,31,46,4053280,4101280,4037280,4117280,0,0,0,0,0,0,0,0,3,0,0,0
FluencyBank,31,47,4076640,4124640,4060640,4140640,0,0,0,1,0,1,0,2,2,1,0,0
FluencyBank,31,48,4164160,4212160,4148160,4228160,0,0,0,1,0,1,0,2,1,0,0,0
FluencyBank,31,49,4188320,4236320,4172320,4252320,0,0,0,0,0,0,0,3,3,0,0,0
FluencyBank,31,50,4607360,4655360,4591360,4671360,0,0,0,0,0,0,0,0,3,0,0,0
FluencyBank,31,51,4657440,4705440,4641440,4721440,0,0,0,2,0,0,0,3,1,0,0,0
FluencyBank,31,52,4675840,4723840,4659840,4739840,0,0,0,0,0,1,0,3,2,0,0,0
FluencyBank,31,53,486080,534080,470080,550080,0,0,1,2,0,0,0,2,0,0,0,0
FluencyBank,31,54,512480,560480,496480,576480,0,0,0,0,0,1,0,3,2,0,0,0
FluencyBank,31,55,4731520,4779520,4715520,4795520,0,0,1,0,0,0,0,3,2,1,0,0
FluencyBank,31,56,4818400,4866400,4802400,4882400,0,0,0,0,0,0,0,0,3,0,0,0
FluencyBank,31,57,4843680,4891680,4827680,4907680,0,0,0,2,1,0,0,0,1,0,0,0
FluencyBank,31,58,4864960,4912960,4848960,4928960,1,0,0,1,1,0,0,0,1,0,0,0
FluencyBank,31,59,4904800,4952800,4888800,4968800,0,0,0,1,0,1,0,0,1,0,0,0
FluencyBank,31,60,5006560,5054560,4990560,5070560,0,0,0,0,0,0,0,0,3,0,0,0
FluencyBank,31,61,5040160,5088160,5024160,5104160,0,0,0,0,0,1,0,1,2,1,0,0
FluencyBank,31,62,5071200,5119200,5055200,5135200,1,0,0,0,0,0,0,0,2,0,0,0
FluencyBank,31,63,5132160,5180160,5116160,5196160,0,0,0,1,1,0,0,0,1,0,0,0
FluencyBank,31,64,5173120,5221120,5157120,5237120,0,0,0,1,0,0,0,0,2,1,0,0
FluencyBank,31,65,5202880,5250880,5186880,5266880,0,0,0,0,0,0,0,0,3,0,0,0
FluencyBank,31,66,5230080,5278080,5214080,5294080,0,0,0,0,0,0,0,0,3,1,0,0
FluencyBank,31,67,5287040,5335040,5271040,5351040,0,0,0,0,0,0,0,3,3,0,0,0
FluencyBank,31,68,5316000,5364000,5300000,5380000,0,0,0,1,0,1,0,3,1,0,0,0
FluencyBank,31,69,563360,611360,547360,627360,0,0,0,1,1,0,0,0,1,2,0,0
FluencyBank,31,70,5357440,5405440,5341440,5421440,0,0,0,0,0,0,0,0,3,1,0,0
FluencyBank,31,71,5381120,5429120,5365120,5445120,0,0,0,1,0,0,0,0,2,1,0,0
FluencyBank,31,72,5432160,5480160,5416160,5496160,0,0,0,1,1,1,0,0,1,1,0,0
FluencyBank,31,73,5470240,5518240,5454240,5534240,0,0,0,0,0,1,0,0,2,0,0,0
FluencyBank,31,74,576640,624640,560640,640640,0,0,0,0,0,0,0,0,3,1,0,0
FluencyBank,31,75,635680,683680,619680,699680,0,0,0,1,0,0,0,1,2,0,0,0
FluencyBank,31,76,665440,713440,649440,729440,0,0,2,0,1,0,0,1,0,0,0,0
FluencyBank,31,77,721600,769600,705600,785600,0,0,0,0,0,0,0,0,3,2,0,0
FluencyBank,31,78,759840,807840,743840,823840,0,0,0,0,0,0,0,0,3,1,0,0
FluencyBank,31,79,785760,833760,769760,849760,0,0,0,0,0,0,0,0,3,0,0,0
FluencyBank,31,80,877280,925280,861280,941280,0,0,0,0,0,0,0,0,3,0,0,0
FluencyBank,31,81,903360,951360,887360,967360,0,0,0,0,0,0,0,3,3,1,0,0
FluencyBank,46,0,0,45120,-16000,61120,0,0,0,0,0,0,0,1,3,1,0,0
FluencyBank,46,1,839040,887040,823040,903040,0,0,0,1,0,0,0,2,2,0,0,0
FluencyBank,46,2,892960,940960,876960,956960,0,0,0,0,0,0,0,0,3,0,0,0
FluencyBank,46,3,1060800,1108800,1044800,1124800,0,0,0,0,0,0,0,0,3,0,0,0
FluencyBank,46,4,1120480,1168480,1104480,1184480,0,0,0,0,0,0,0,1,3,0,0,0
FluencyBank,46,5,1167040,1215040,1151040,1231040,0,0,3,1,1,0,0,3,0,0,0,0
FluencyBank,46,6,1284000,1332000,1268000,1348000,0,0,0,1,0,0,0,0,2,0,0,0
FluencyBank,46,7,1314880,1362880,1298880,1378880,0,0,0,0,0,0,0,0,3,0,0,0
FluencyBank,46,8,1365760,1413760,1349760,1429760,0,0,1,1,1,0,0,0,0,0,0,0
FluencyBank,46,9,1393280,1441280,1377280,1457280,0,0,0,2,0,1,1,0,0,0,0,0
FluencyBank,46,10,1412320,1460320,1396320,1476320,0,0,0,0,0,0,0,0,3,0,0,0
FluencyBank,46,11,1838560,1886560,1822560,1902560,0,0,0,0,3,0,0,0,0,0,0,0
FluencyBank,46,12,1905600,1953600,1889600,1969600,0,0,0,0,0,0,0,0,3,0,0,0
FluencyBank,46,13,2019680,2067680,2003680,2083680,0,0,0,0,0,0,0,0,3,0,0,0
FluencyBank,46,14,2045760,2093760,2029760,2109760,0,0,0,0,0,0,0,0,3,0,0,0
FluencyBank,46,15,2082560,2130560,2066560,2146560,0,0,0,0,0,0,0,0,3,0,0,0
FluencyBank,46,16,121120,169120,105120,185120,0,0,1,3,1,0,0,1,0,0,0,0
FluencyBank,46,17,92000,140000,76000,156000,0,0,0,0,0,0,0,0,3,0,0,0
FluencyBank,46,18,2206720,2254720,2190720,2270720,0,0,0,2,1,0,0,0,1,1,0,0
FluencyBank,46,19,2245600,2293600,2229600,2309600,0,0,0,0,0,0,0,0,3,0,0,0
FluencyBank,46,20,2302560,2350560,2286560,2366560,0,0,0,0,0,0,0,0,3,0,0,0
FluencyBank,46,21,2415680,2463680,2399680,2479680,0,0,0,2,2,0,0,0,0,0,0,0
FluencyBank,46,22,2449280,2497280,2433280,2513280,0,0,0,0,0,0,0,3,3,0,0,0
FluencyBank,46,23,2506400,2554400,2490400,2570400,1,0,0,0,1,0,1,0,2,0,0,0
FluencyBank,46,24,2574240,2622240,2558240,2638240,0,0,0,0,0,0,0,0,3,0,0,0
FluencyBank,46,25,2677920,2725920,2661920,2741920,0,0,1,2,0,0,0,0,0,0,0,0
FluencyBank,46,26,2702880,2750880,2686880,2766880,0,0,1,1,1,0,0,1,0,1,0,0
FluencyBank,46,27,2732960,2780960,2716960,2796960,0,0,0,0,0,0,0,3,3,0,0,0
FluencyBank,46,28,2853760,2901760,2837760,2917760,0,0,0,1,0,0,0,0,2,0,0,0
FluencyBank,46,29,2889280,2937280,2873280,2953280,1,0,2,1,0,0,1,0,1,0,0,0
FluencyBank,46,30,2967200,3015200,2951200,3031200,0,0,1,0,0,1,0,2,2,0,0,0
FluencyBank,46,31,2996480,3044480,2980480,3060480,0,0,0,0,1,2,0,2,0,0,0,0
FluencyBank,46,32,3024960,3072960,3008960,3088960,0,0,0,0,2,0,1,0,1,0,0,0
FluencyBank,46,33,148800,196800,132800,212800,0,0,2,1,0,0,0,0,1,0,0,0
FluencyBank,46,34,3550880,3598880,3534880,3614880,0,0,0,1,0,0,0,0,2,0,0,0
FluencyBank,46,35,3589120,3637120,3573120,3653120,0,0,0,0,0,0,0,2,3,0,0,0
FluencyBank,46,36,3707200,3755200,3691200,3771200,1,0,0,1,0,0,0,0,2,0,0,0
FluencyBank,46,37,3737600,3785600,3721600,3801600,0,0,0,0,0,0,0,0,3,0,0,0
FluencyBank,46,38,3781440,3829440,3765440,3845440,0,0,1,0,0,0,0,1,2,0,0,0
FluencyBank,46,39,3854880,3902880,3838880,3918880,0,0,0,0,0,0,0,0,3,0,0,0
FluencyBank,46,40,3890560,3938560,3874560,3954560,1,0,0,0,0,0,1,0,2,0,0,0
FluencyBank,46,41,3992800,4040800,3976800,4056800,0,0,0,1,0,0,0,0,2,0,0,0
FluencyBank,46,42,4018560,4066560,4002560,4082560,0,0,0,1,0,0,0,0,2,0,0,0
FluencyBank,46,43,4327840,4375840,4311840,4391840,0,0,2,0,1,0,0,1,0,0,0,0
FluencyBank,46,44,4355040,4403040,4339040,4419040,0,0,0,0,0,0,0,0,3,1,0,0
FluencyBank,46,45,4481920,4529920,4465920,4545920,0,0,0,0,0,0,0,0,3,0,0,0
FluencyBank,46,46,4518720,4566720,4502720,4582720,0,0,0,2,0,0,0,0,1,0,0,0
FluencyBank,46,47,4552800,4600800,4536800,4616800,0,0,2,0,0,3,0,1,0,0,0,0
FluencyBank,46,48,4720480,4768480,4704480,4784480,0,0,0,0,0,0,0,0,3,0,0,0
FluencyBank,46,49,4746720,4794720,4730720,4810720,0,0,0,0,0,1,0,0,2,0,0,0
FluencyBank,46,50,4991840,5039840,4975840,5055840,0,0,1,0,0,0,0,0,2,0,0,0
FluencyBank,46,51,5024800,5072800,5008800,5088800,0,0,1,1,0,0,0,0,1,0,0,0
FluencyBank,46,52,293120,341120,277120,357120,0,0,3,0,0,0,0,0,0,0,0,0
FluencyBank,46,53,324480,372480,308480,388480,0,0,1,0,0,2,0,3,0,0,0,0
FluencyBank,46,54,5065120,5113120,5049120,5129120,0,0,1,0,0,0,0,0,2,0,0,0
FluencyBank,46,55,5138880,5186880,5122880,5202880,0,0,0,0,0,0,0,0,3,0,0,0
FluencyBank,46,56,5164960,5212960,5148960,5228960,0,0,0,0,1,0,0,0,2,1,0,0
FluencyBank,46,57,5209920,5257920,5193920,5273920,0,0,0,0,1,1,0,0,1,0,0,0
FluencyBank,46,58,5234560,5282560,5218560,5298560,0,0,0,0,3,0,0,3,0,0,0,0
FluencyBank,46,59,5304160,5352160,5288160,5368160,0,0,1,0,0,0,0,0,2,0,0,0
FluencyBank,46,60,5333920,5381920,5317920,5397920,0,0,3,0,0,0,0,0,0,0,0,0
FluencyBank,46,61,5382400,5430400,5366400,5446400,0,0,0,1,0,0,0,0,2,0,0,0
FluencyBank,46,62,5407840,5455840,5391840,5471840,0,0,0,0,0,0,0,0,3,0,0,0
FluencyBank,46,63,5458400,5506400,5442400,5522400,0,0,0,0,0,0,0,0,3,0,0,0
FluencyBank,46,64,5537600,5585600,5521600,5601600,0,0,0,0,0,0,0,2,3,0,0,0
FluencyBank,46,65,5574400,5622400,5558400,5638400,0,0,0,0,0,0,0,0,3,0,0,0
FluencyBank,46,66,5631840,5679840,5615840,5695840,0,0,0,1,0,0,0,0,2,0,0,0
FluencyBank,46,67,5657760,5705760,5641760,5721760,0,0,0,0,0,0,0,0,3,0,0,0
FluencyBank,46,68,5698720,5746720,5682720,5762720,0,0,0,0,0,0,0,0,3,0,0,0
FluencyBank,46,69,5769120,5817120,5753120,5833120,0,0,2,1,0,0,0,0,0,0,0,0
FluencyBank,46,70,5794080,5842080,5778080,5858080,0,0,3,0,0,0,0,0,0,0,0,0
FluencyBank,46,71,370400,418400,354400,434400,0,0,3,1,1,0,0,0,0,1,0,0
FluencyBank,46,72,395360,443360,379360,459360,0,0,1,3,0,0,0,0,0,0,0,0
FluencyBank,46,73,5833920,5881920,5817920,5897920,0,0,0,0,0,1,0,0,2,0,0,0
FluencyBank,46,74,5885760,5933760,5869760,5949760,0,0,0,1,2,0,0,0,0,0,0,0
FluencyBank,46,75,5913920,5961920,5897920,5977920,0,0,0,2,1,1,0,1,0,0,0,0
FluencyBank,46,76,5948480,5996480,5932480,6012480,0,0,0,1,0,0,0,3,2,0,0,0
FluencyBank,46,77,6002560,6050560,5986560,6066560,0,0,0,0,0,0,0,0,3,0,0,0
FluencyBank,46,78,6034240,6082240,6018240,6098240,0,0,0,0,0,0,0,0,3,1,0,0
FluencyBank,46,79,6513600,6561600,6497600,6577600,0,0,0,1,0,1,2,1,1,0,0,0
FluencyBank,46,80,6537920,6585920,6521920,6601920,0,0,0,2,1,0,0,0,1,0,0,0
FluencyBank,46,81,6587680,6635680,6571680,6651680,0,0,0,1,0,1,0,0,1,1,0,0
FluencyBank,46,82,6616960,6664960,6600960,6680960,0,0,0,1,0,0,0,0,2,0,0,0
FluencyBank,46,83,6661120,6709120,6645120,6725120,0,0,0,0,0,3,0,0,0,1,0,0
FluencyBank,46,84,6689280,6737280,6673280,6753280,0,0,0,1,0,0,0,0,2,0,0,0
FluencyBank,46,85,6720320,6768320,6704320,6784320,0,0,0,0,0,0,0,0,3,0,0,0
FluencyBank,46,86,6753760,6801760,6737760,6817760,0,0,0,1,0,0,0,0,2,1,0,0
FluencyBank,46,87,6764320,6812320,6748320,6828320,0,0,0,0,0,0,0,0,3,1,0,0
FluencyBank,46,88,456960,504960,440960,520960,0,0,0,3,0,0,0,1,0,0,0,0
FluencyBank,46,89,6779360,6827360,6763360,6843360,0,0,0,0,0,0,0,0,3,0,0,0
FluencyBank,46,90,6824160,6872160,6808160,6888160,0,0,0,0,0,0,0,0,3,1,0,0
FluencyBank,46,91,6851200,6899200,6835200,6915200,0,0,0,0,0,0,0,0,3,1,0,0
FluencyBank,46,92,7096160,7144160,7080160,7160160,0,0,0,0,0,0,0,0,3,0,0,0
FluencyBank,46,93,7148800,7196800,7132800,7212800,0,0,0,0,0,0,0,1,3,0,0,0
FluencyBank,46,94,7225920,7273920,7209920,7289920,0,0,0,2,2,0,0,1,0,0,0,0
FluencyBank,46,95,7255520,7303520,7239520,7319520,0,0,0,0,1,3,0,0,0,0,0,0
FluencyBank,46,96,7293920,7341920,7277920,7357920,0,0,0,0,0,0,0,0,3,1,0,0
FluencyBank,46,97,7318560,7366560,7302560,7382560,0,0,0,0,0,0,0,0,3,0,0,0
FluencyBank,46,98,7368800,7416800,7352800,7432800,0,0,0,0,0,0,0,0,3,0,0,0
FluencyBank,46,99,7410880,7458880,7394880,7474880,0,0,1,1,0,0,0,0,1,0,0,0
FluencyBank,46,100,7439040,7487040,7423040,7503040,0,0,0,0,0,0,0,0,3,0,0,0
FluencyBank,46,101,7527520,7575520,7511520,7591520,0,0,0,0,0,0,0,0,3,0,0,0
FluencyBank,46,102,7564480,7612480,7548480,7628480,0,0,2,0,0,0,0,0,1,0,0,0
FluencyBank,46,103,7614880,7662880,7598880,7678880,0,0,0,0,3,0,0,0,0,0,0,0
FluencyBank,46,104,7645440,7693440,7629440,7709440,0,0,0,0,0,0,0,2,3,0,0,0
FluencyBank,46,105,7685120,7733120,7669120,7749120,0,0,1,0,0,0,0,0,2,0,0,0
FluencyBank,46,106,531520,579520,515520,595520,0,0,2,2,1,0,0,0,0,0,0,0
FluencyBank,46,107,560480,608480,544480,624480,0,0,0,1,2,0,0,0,1,0,0,0
FluencyBank,46,108,7716000,7764000,7700000,7780000,0,0,2,1,0,0,0,0,1,0,0,0
FluencyBank,46,109,7760480,7808480,7744480,7824480,0,0,0,0,0,0,1,0,3,0,0,0
FluencyBank,46,110,7816320,7864320,7800320,7880320,0,0,0,2,2,0,1,0,0,0,0,0
FluencyBank,46,111,7874400,7922400,7858400,7938400,0,0,0,0,0,0,0,0,3,2,0,0
FluencyBank,46,112,7951040,7999040,7935040,8015040,0,0,0,1,0,0,0,1,2,1,0,0
FluencyBank,46,113,7979200,8027200,7963200,8043200,0,0,1,0,0,2,0,0,1,0,0,0
FluencyBank,46,114,8224960,8272960,8208960,8288960,1,0,1,2,0,0,1,0,0,0,0,0
FluencyBank,46,115,8268000,8316000,8252000,8332000,0,0,0,1,0,0,0,0,2,0,0,0
FluencyBank,46,116,8304800,8352800,8288800,8368800,0,0,1,1,1,0,0,3,1,0,0,0
FluencyBank,46,117,8354560,8402560,8338560,8418560,0,0,0,0,0,0,0,0,3,0,0,0
FluencyBank,46,118,8472480,8520480,8456480,8536480,0,0,0,1,0,1,0,0,2,1,0,0
FluencyBank,46,119,8501120,8549120,8485120,8565120,0,0,0,0,0,0,0,0,3,0,0,0
FluencyBank,46,120,8549280,8597280,8533280,8613280,0,0,1,0,0,0,0,0,2,1,0,0
FluencyBank,46,121,8575840,8623840,8559840,8639840,0,0,0,0,0,0,0,0,3,1,0,0
FluencyBank,46,122,589600,637600,573600,653600,0,0,1,0,0,0,0,0,2,0,0,0
FluencyBank,46,123,633440,681440,617440,697440,0,0,1,0,0,0,0,0,2,0,0,0
FluencyBank,46,124,657760,705760,641760,721760,0,0,1,2,2,0,0,0,0,0,0,0
FluencyBank,46,125,769760,817760,753760,833760,0,0,0,0,0,0,0,0,3,0,0,0
FluencyBank,46,126,795680,843680,779680,859680,0,0,0,1,0,1,0,0,1,0,0,0
FluencyBank,63,0,191200,239200,175200,255200,0,0,0,1,0,0,0,1,2,0,0,0
FluencyBank,63,1,11858080,11906080,11842080,11922080,0,0,1,0,1,1,0,0,1,0,0,0
FluencyBank,63,2,11914080,11962080,11898080,11978080,1,0,0,0,2,0,1,0,1,0,0,0
FluencyBank,63,3,11949120,11997120,11933120,12013120,0,0,0,0,0,0,0,0,3,0,0,0
FluencyBank,63,4,11988960,12036960,11972960,12052960,0,0,0,0,0,0,0,0,3,0,0,0
FluencyBank,63,5,12032800,12080800,12016800,12096800,0,0,0,0,0,0,1,0,3,0,0,0
FluencyBank,63,6,1030720,1078720,1014720,1094720,0,0,0,2,0,0,0,0,1,0,0,0
FluencyBank,63,7,1143680,1191680,1127680,1207680,0,0,0,0,1,0,0,0,2,0,0,0
FluencyBank,63,8,1194400,1242400,1178400,1258400,0,0,0,0,0,0,0,2,3,0,0,0
FluencyBank,63,9,1349440,1397440,1333440,1413440,0,0,0,0,0,0,0,0,3,1,0,0
FluencyBank,63,10,1389440,1437440,1373440,1453440,0,0,0,0,0,0,0,3,3,0,0,0
FluencyBank,63,11,1471680,1519680,1455680,1535680,1,0,0,1,1,1,1,0,0,0,0,0
FluencyBank,63,12,1499040,1547040,1483040,1563040,0,0,0,0,0,0,0,2,3,0,0,0
FluencyBank,63,13,1636480,1684480,1620480,1700480,1,0,0,1,1,0,2,0,1,0,0,0
FluencyBank,63,14,1671200,1719200,1655200,1735200,1,0,0,0,0,1,1,0,1,0,0,0
FluencyBank,63,15,1782560,1830560,1766560,1846560,0,0,0,0,0,0,0,3,3,0,0,0
FluencyBank,63,16,1823200,1871200,1807200,1887200,0,0,0,0,0,0,0,0,3,0,0,0
FluencyBank,63,17,1914080,1962080,1898080,1978080,1,0,0,0,0,0,1,0,2,0,0,0
FluencyBank,63,18,1971040,2019040,1955040,2035040,0,0,0,1,0,0,0,3,2,0,0,0
FluencyBank,63,19,2065920,2113920,2049920,2129920,0,0,1,0,0,0,0,2,2,0,0,0
FluencyBank,63,20,2094080,2142080,2078080,2158080,0,0,0,0,0,0,0,3,3,0,0,0
FluencyBank,63,21,2227520,2275520,2211520,2291520,0,0,0,1,0,0,0,2,2,0,0,0
FluencyBank,63,22,2255200,2303200,2239200,2319200,0,0,1,0,0,1,0,3,1,0,0,0
FluencyBank,63,23,2420320,2468320,2404320,2484320,1,0,0,0,0,0,0,0,3,0,0,0
FluencyBank,63,24,2446880,2494880,2430880,2510880,0,0,0,0,0,0,0,0,3,0,0,0
FluencyBank,63,25,222560,270560,206560,286560,0,0,0,0,0,0,0,2,3,0,0,0
FluencyBank,63,26,2559680,2607680,2543680,2623680,0,0,0,0,0,0,0,0,3,0,0,0
FluencyBank,63,27,2592800,2640800,2576800,2656800,0,0,0,0,0,2,0,0,1,0,0,0
FluencyBank,63,28,2700320,2748320,2684320,2764320,0,0,0,0,1,1,0,0,2,0,0,0
FluencyBank,63,29,2726880,2774880,2710880,2790880,0,0,1,0,0,0,1,3,2,0,0,0
FluencyBank,63,30,2788160,2836160,2772160,2852160,1,0,0,0,0,0,1,0,2,0,0,0
FluencyBank,63,31,2863680,2911680,2847680,2927680,0,0,0,0,0,0,0,0,3,0,0,0
FluencyBank,63,32,2893280,2941280,2877280,2957280,0,0,0,0,0,0,0,1,3,0,0,0
FluencyBank,63,33,3025440,3073440,3009440,3089440,0,0,0,0,0,0,0,0,3,1,0,0
FluencyBank,63,34,3050400,3098400,3034400,3114400,0,0,0,0,0,0,0,0,3,1,0,0
FluencyBank,63,35,3203680,3251680,3187680,3267680,0,0,0,0,0,0,0,0,3,1,0,0
FluencyBank,63,36,3228480,3276480,3212480,3292480,0,0,0,0,0,0,0,0,3,0,0,0
FluencyBank,63,37,3268480,3316480,3252480,3332480,0,0,0,0,0,0,0,0,3,1,0,0
FluencyBank,63,38,3296960,3344960,3280960,3360960,0,0,0,0,1,3,0,0,0,0,0,0
FluencyBank,63,39,3452640,3500640,3436640,3516640,0,0,0,0,0,0,1,0,3,0,0,0
FluencyBank,63,40,3482240,3530240,3466240,3546240,0,0,0,0,0,1,0,1,2,0,0,0
FluencyBank,63,41,3668160,3716160,3652160,3732160,0,0,1,0,0,0,0,0,2,0,0,0
FluencyBank,63,42,3694880,3742880,3678880,3758880,0,0,0,2,0,1,0,1,0,0,0,0
FluencyBank,63,43,3746080,3794080,3730080,3810080,0,0,0,0,0,1,0,0,2,0,0,0
FluencyBank,63,44,3784000,3832000,3768000,3848000,0,0,0,0,1,3,0,3,0,0,0,0
FluencyBank,63,45,271680,319680,255680,335680,0,0,0,2,1,0,0,0,0,0,0,0
FluencyBank,63,46,3825280,3873280,3809280,3889280,0,0,0,0,0,0,0,0,3,0,0,0
FluencyBank,63,47,3856480,3904480,3840480,3920480,0,0,0,0,0,3,0,2,0,0,0,0
FluencyBank,63,48,4101760,4149760,4085760,4165760,0,0,0,0,0,0,0,0,3,0,0,0
FluencyBank,63,49,4135040,4183040,4119040,4199040,0,0,0,0,0,0,0,0,3,0,0,0
FluencyBank,63,50,4192480,4240480,4176480,4256480,0,0,0,0,0,0,0,0,3,1,0,0
FluencyBank,63,51,4242880,4290880,4226880,4306880,0,0,0,0,0,0,0,0,3,1,0,0
FluencyBank,63,52,4294080,4342080,4278080,4358080,0,0,0,0,0,0,0,0,3,1,0,0
FluencyBank,63,53,4321440,4369440,4305440,4385440,0,0,0,0,0,0,0,2,3,0,0,0
FluencyBank,63,54,4456320,4504320,4440320,4520320,0,0,0,0,0,0,0,0,3,0,0,0
FluencyBank,63,55,4485600,4533600,4469600,4549600,0,0,0,0,0,0,0,0,3,0,0,0
FluencyBank,63,56,4630560,4678560,4614560,4694560,0,0,0,0,0,0,0,0,3,0,0,0
FluencyBank,63,57,4663200,4711200,4647200,4727200,0,0,0,0,0,1,0,2,2,0,0,0
FluencyBank,63,58,4784000,4832000,4768000,4848000,0,0,0,0,0,0,1,0,3,0,0,0
FluencyBank,63,59,4828000,4876000,4812000,4892000,0,0,1,0,0,1,0,2,2,1,0,0
FluencyBank,63,60,4849440,4897440,4833440,4913440,0,0,0,0,0,0,0,2,3,0,0,0
FluencyBank,63,61,5061600,5109600,5045600,5125600,0,0,0,0,0,0,0,3,3,1,0,0
FluencyBank,63,62,5085760,5133760,5069760,5149760,0,0,0,0,0,3,0,3,0,0,0,0
FluencyBank,63,63,341280,389280,325280,405280,0,0,0,0,0,0,1,0,3,0,0,0
FluencyBank,63,64,371680,419680,355680,435680,0,0,0,0,0,0,0,0,3,0,0,0
FluencyBank,63,65,5165600,5213600,5149600,5229600,0,0,0,0,0,0,0,0,3,0,0,0
FluencyBank,63,66,5214080,5262080,5198080,5278080,0,0,0,0,0,2,0,0,1,0,0,0
FluencyBank,63,67,5287200,5335200,5271200,5351200,0,0,0,0,0,0,0,0,3,1,0,0
FluencyBank,63,68,5314720,5362720,5298720,5378720,1,0,0,0,0,0,1,0,2,1,0,0
FluencyBank,63,69,5411040,5459040,5395040,5475040,0,0,0,0,0,0,0,1,3,2,0,0
FluencyBank,63,70,5435360,5483360,5419360,5499360,0,0,0,0,0,3,0,1,0,0,0,0
FluencyBank,63,71,5530560,5578560,5514560,5594560,0,0,0,0,0,3,0,1,0,0,0,0
FluencyBank,63,72,5555360,5603360,5539360,5619360,0,0,0,0,0,0,0,0,3,1,0,0
FluencyBank,63,73,5616960,5664960,5600960,5680960,0,0,0,1,1,0,1,0,1,0,0,0
FluencyBank,63,74,5643520,5691520,5627520,5707520,0,0,0,0,0,0,0,0,3,2,0,0
FluencyBank,63,75,5680640,5728640,5664640,5744640,0,0,1,0,0,0,0,3,2,1,0,0
FluencyBank,63,76,5712320,5760320,5696320,5776320,0,0,0,0,0,3,0,1,0,0,0,0
FluencyBank,63,77,5809280,5857280,5793280,5873280,0,0,0,0,0,0,0,0,3,1,0,0
FluencyBank,63,78,5833600,5881600,5817600,5897600,0,0,0,0,0,0,0,0,3,0,0,0
FluencyBank,63,79,6078880,6126880,6062880,6142880,0,0,0,0,0,1,0,0,2,1,0,0
FluencyBank,63,80,6105760,6153760,6089760,6169760,0,0,0,0,0,0,0,0,3,1,0,0
FluencyBank,63,81,6167040,6215040,6151040,6231040,0,0,1,0,0,0,0,0,2,0,0,0
FluencyBank,63,82,6192640,6240640,6176640,6256640,0,0,0,0,0,0,0,0,3,1,0,0
FluencyBank,63,83,429760,477760,413760,493760,0,0,0,0,0,0,0,0,3,2,0,0
FluencyBank,63,84,455040,503040,439040,519040,0,0,0,0,0,0,0,0,3,0,0,0
FluencyBank,63,85,6394400,6442400,6378400,6458400,0,0,0,0,0,0,0,0,3,1,0,0
FluencyBank,63,86,6418720,6466720,6402720,6482720,0,0,1,0,0,0,0,1,2,1,0,0
FluencyBank,63,87,6497440,6545440,6481440,6561440,0,0,0,0,0,0,0,0,3,1,0,0
FluencyBank,63,88,6525920,6573920,6509920,6589920,0,0,0,0,0,0,0,0,3,0,0,0
FluencyBank,63,89,6588640,6636640,6572640,6652640,0,0,0,1,0,0,0,0,2,1,0,0
FluencyBank,63,90,6670240,6718240,6654240,6734240,0,0,0,0,0,0,0,0,3,1,0,0
FluencyBank,63,91,6694560,6742560,6678560,6758560,0,0,0,0,0,0,0,1,3,0,0,0
FluencyBank,63,92,6881120,6929120,6865120,6945120,2,0,1,0,0,0,1,0,1,0,0,0
FluencyBank,63,93,6908640,6956640,6892640,6972640,0,0,0,0,0,0,0,0,3,0,0,0
FluencyBank,63,94,6928320,6976320,6912320,6992320,0,0,0,0,0,0,0,0,3,0,0,0
FluencyBank,63,95,6981120,7029120,6965120,7045120,0,0,0,0,0,0,0,0,3,0,0,0
FluencyBank,63,96,7042080,7090080,7026080,7106080,0,0,0,0,0,0,0,0,3,0,0,0
FluencyBank,63,97,7080000,7128000,7064000,7144000,0,0,0,0,0,0,0,0,3,0,0,0
FluencyBank,63,98,7106240,7154240,7090240,7170240,0,0,0,0,0,0,0,0,3,0,0,0
FluencyBank,63,99,7207520,7255520,7191520,7271520,0,0,0,0,0,0,0,0,3,0,0,0
FluencyBank,63,100,7237760,7285760,7221760,7301760,0,0,0,0,2,0,0,0,1,0,0,0
FluencyBank,63,101,511200,559200,495200,575200,0,0,0,0,0,0,0,0,3,0,0,0
FluencyBank,63,102,537440,585440,521440,601440,0,0,0,0,0,0,0,0,3,1,0,0
FluencyBank,63,103,7517280,7565280,7501280,7581280,0,0,0,0,0,0,0,0,3,0,0,0
FluencyBank,63,104,7550240,7598240,7534240,7614240,0,0,0,0,0,0,0,3,3,0,0,0
FluencyBank,63,105,7615040,7663040,7599040,7679040,0,0,0,0,0,0,0,0,3,0,0,0
FluencyBank,63,106,7646720,7694720,7630720,7710720,0,0,0,0,0,0,0,0,3,0,0,0
FluencyBank,63,107,7691040,7739040,7675040,7755040,0,0,0,1,0,0,0,0,2,0,0,0
FluencyBank,63,108,7743840,7791840,7727840,7807840,0,0,0,1,2,0,0,0,0,1,0,0
FluencyBank,63,109,7773440,7821440,7757440,7837440,0,0,0,0,0,0,0,3,3,0,0,0
FluencyBank,63,110,7843680,7891680,7827680,7907680,0,0,1,1,1,0,0,0,0,1,0,0
FluencyBank,63,111,7985440,8033440,7969440,8049440,1,0,0,0,0,0,2,0,2,0,0,0
FluencyBank,63,112,8028320,8076320,8012320,8092320,1,0,0,1,0,1,0,0,1,0,0,0
FluencyBank,63,113,8332320,8380320,8316320,8396320,0,0,0,0,0,0,0,0,3,1,0,0
FluencyBank,63,114,8364160,8412160,8348160,8428160,0,0,0,0,0,0,1,0,3,0,0,0
FluencyBank,63,115,8419200,8467200,8403200,8483200,1,0,0,1,0,0,1,0,1,0,0,0
FluencyBank,63,116,8440000,8488000,8424000,8504000,0,0,0,0,0,0,0,0,3,0,0,0
FluencyBank,63,117,8450720,8498720,8434720,8514720,0,0,0,0,0,0,0,0,3,0,0,0
FluencyBank,63,118,607680,655680,591680,671680,0,0,0,2,1,0,0,2,0,0,0,0
FluencyBank,63,119,8506560,8554560,8490560,8570560,0,0,0,0,0,1,0,3,2,0,0,0
FluencyBank,63,120,8540800,8588800,8524800,8604800,0,0,0,1,1,1,0,3,1,0,0,0
FluencyBank,63,121,8615040,8663040,8599040,8679040,0,0,0,0,0,1,0,0,2,0,0,0
FluencyBank,63,122,8640000,8688000,8624000,8704000,1,0,0,1,0,0,1,0,2,1,0,0
FluencyBank,63,123,8663840,8711840,8647840,8727840,0,0,0,0,0,1,0,3,2,0,0,0
FluencyBank,63,124,8707200,8755200,8691200,8771200,0,0,0,0,0,0,0,1,3,0,0,0
FluencyBank,63,125,8747520,8795520,8731520,8811520,1,0,0,2,0,1,0,0,0,0,0,0
FluencyBank,63,126,8772000,8820000,8756000,8836000,0,0,0,0,0,0,0,0,3,1,0,0
FluencyBank,63,127,8836320,8884320,8820320,8900320,0,0,0,0,0,3,0,0,0,1,0,0
FluencyBank,63,128,8860800,8908800,8844800,8924800,0,0,0,0,0,2,1,2,1,0,0,0
FluencyBank,63,129,8907200,8955200,8891200,8971200,0,0,2,0,0,0,0,0,1,0,0,0
FluencyBank,63,130,8941120,8989120,8925120,9005120,0,0,1,0,0,3,0,3,0,0,0,0
FluencyBank,63,131,9243680,9291680,9227680,9307680,0,0,0,0,0,0,0,0,3,0,0,0
FluencyBank,63,132,9280000,9328000,9264000,9344000,0,0,0,1,2,1,0,2,0,0,0,0
FluencyBank,63,133,9349280,9397280,9333280,9413280,1,0,0,0,1,1,1,2,0,0,0,0
FluencyBank,63,134,9384960,9432960,9368960,9448960,0,0,0,0,0,0,0,1,3,0,0,0
FluencyBank,63,135,9463840,9511840,9447840,9527840,0,0,0,0,0,1,2,0,2,0,0,0
FluencyBank,63,136,9502080,9550080,9486080,9566080,0,0,1,0,1,1,0,1,0,0,0,0
FluencyBank,63,137,700480,748480,684480,764480,0,0,0,1,1,1,0,1,0,0,0,0
FluencyBank,63,138,745120,793120,729120,809120,0,0,3,0,0,0,0,3,0,0,0,0
FluencyBank,63,139,9832160,9880160,9816160,9896160,0,0,0,0,0,2,0,0,1,1,0,0
FluencyBank,63,140,9858560,9906560,9842560,9922560,0,0,0,1,1,2,0,3,0,0,0,0
FluencyBank,63,141,10021280,10069280,10005280,10085280,0,0,0,0,0,2,0,1,1,0,0,0
FluencyBank,63,142,9995680,10043680,9979680,10059680,0,0,0,0,0,2,0,2,1,0,0,0
FluencyBank,63,143,10204320,10252320,10188320,10268320,0,0,0,0,0,0,0,0,3,1,0,0
FluencyBank,63,144,10230720,10278720,10214720,10294720,0,0,0,0,0,3,0,1,0,0,0,0
FluencyBank,63,145,10300320,10348320,10284320,10364320,0,0,0,1,0,0,0,0,2,0,0,0
FluencyBank,63,146,10334560,10382560,10318560,10398560,1,0,0,0,0,0,0,0,2,0,0,0
FluencyBank,63,147,10366080,10414080,10350080,10430080,0,0,0,0,0,0,1,0,3,0,0,0
FluencyBank,63,148,10380640,10428640,10364640,10444640,0,0,0,0,0,0,0,0,3,1,0,0
FluencyBank,63,149,10430720,10478720,10414720,10494720,0,0,1,0,0,0,0,0,2,0,0,0
FluencyBank,63,150,10462560,10510560,10446560,10526560,0,0,0,0,0,0,0,0,3,0,0,0
FluencyBank,63,151,10516000,10564000,10500000,10580000,0,0,0,0,0,0,0,0,3,0,0,0
FluencyBank,63,152,10632160,10680160,10616160,10696160,0,0,0,0,0,0,0,0,3,0,0,0
FluencyBank,63,153,10665440,10713440,10649440,10729440,0,0,0,1,0,0,0,3,2,0,0,0
FluencyBank,63,154,10686560,10734560,10670560,10750560,0,0,0,1,1,0,0,2,1,1,0,0
FluencyBank,63,155,861440,909440,845440,925440,0,0,0,0,0,2,0,0,1,1,0,0
FluencyBank,63,156,888800,936800,872800,952800,0,0,0,1,1,2,0,0,0,0,0,0
FluencyBank,63,157,10739840,10787840,10723840,10803840,0,0,1,0,0,0,0,1,2,0,0,0
FluencyBank,63,158,10788000,10836000,10772000,10852000,0,0,1,1,1,0,0,0,0,0,0,0
FluencyBank,63,159,10814880,10862880,10798880,10878880,0,0,1,1,1,0,0,0,0,0,0,0
FluencyBank,63,160,10857920,10905920,10841920,10921920,2,0,0,1,0,3,2,1,0,0,0,0
FluencyBank,63,161,10911520,10959520,10895520,10975520,0,0,0,0,0,0,0,0,3,0,0,0
FluencyBank,63,162,11004800,11052800,10988800,11068800,0,0,0,0,0,0,0,0,3,0,0,0
FluencyBank,63,163,11040960,11088960,11024960,11104960,0,0,0,1,0,1,0,1,1,0,0,0
FluencyBank,63,164,11310400,11358400,11294400,11374400,0,0,0,0,0,0,0,0,3,0,0,0
FluencyBank,63,165,11335200,11383200,11319200,11399200,0,0,0,0,0,0,0,0,3,0,0,0
FluencyBank,63,166,11359520,11407520,11343520,11423520,0,0,0,1,0,0,0,0,2,0,0,0
FluencyBank,63,167,11415520,11463520,11399520,11479520,0,0,1,0,0,3,0,0,0,1,0,0
FluencyBank,63,168,11442240,11490240,11426240,11506240,0,0,0,0,0,0,0,3,3,1,0,0
FluencyBank,63,169,11612160,11660160,11596160,11676160,0,0,0,0,0,0,0,0,3,0,0,0
FluencyBank,63,170,11637120,11685120,11621120,11701120,0,0,1,0,0,0,0,0,2,0,0,0
FluencyBank,63,171,11756960,11804960,11740960,11820960,0,0,0,0,0,0,0,0,3,0,0,0
FluencyBank,63,172,11789600,11837600,11773600,11853600,0,0,0,1,1,0,0,0,1,0,0,0
FluencyBank,63,173,954880,1002880,938880,1018880,0,0,0,1,0,0,0,0,2,0,0,0
FluencyBank,63,174,979200,1027200,963200,1043200,0,0,0,0,0,0,0,0,3,0,0,0
FluencyBank,71,0,15200,63200,-800,79200,0,0,0,0,0,0,0,0,3,0,0,0
FluencyBank,71,1,770560,818560,754560,834560,0,0,1,0,2,0,0,0,0,0,0,0
FluencyBank,71,2,801280,849280,785280,865280,1,0,0,1,0,0,3,0,2,0,0,0
FluencyBank,71,3,821280,869280,805280,885280,0,0,0,0,0,0,0,0,3,0,0,0
FluencyBank,71,4,867680,915680,851680,931680,0,0,0,2,1,0,0,2,0,0,0,0
FluencyBank,71,5,904000,952000,888000,968000,1,0,0,1,2,1,1,1,0,0,0,0
FluencyBank,71,6,1117440,1165440,1101440,1181440,1,0,3,0,1,0,2,0,0,0,0,0
FluencyBank,71,7,1147040,1195040,1131040,1211040,0,0,1,1,2,0,0,0,0,0,0,0
FluencyBank,71,8,1273120,1321120,1257120,1337120,0,0,0,0,0,0,2,0,3,0,0,0
FluencyBank,71,9,1307840,1355840,1291840,1371840,0,0,1,0,0,0,0,0,2,0,0,0
FluencyBank,71,10,1341920,1389920,1325920,1405920,1,0,0,0,0,0,2,0,3,0,0,0
FluencyBank,71,11,1368960,1416960,1352960,1432960,0,0,0,0,0,0,0,0,3,0,0,0
FluencyBank,71,12,1384160,1432160,1368160,1448160,0,0,0,0,0,0,0,0,3,0,0,0
FluencyBank,71,13,1434720,1482720,1418720,1498720,0,0,3,1,1,0,1,1,0,0,0,0
FluencyBank,71,14,113120,161120,97120,177120,0,0,0,0,0,0,0,0,3,0,0,0
FluencyBank,71,15,81280,129280,65280,145280,0,0,0,0,0,0,0,0,3,0,0,0
FluencyBank,71,16,1495360,1543360,1479360,1559360,1,0,0,1,0,0,2,0,2,1,0,0
FluencyBank,71,17,1508000,1556000,1492000,1572000,0,0,2,0,0,0,1,1,1,0,0,0
FluencyBank,71,18,1564800,1612800,1548800,1628800,0,0,3,0,0,0,0,0,0,0,0,0
FluencyBank,71,19,1601440,1649440,1585440,1665440,0,0,2,0,0,0,0,1,1,0,0,0
FluencyBank,71,20,1644480,1692480,1628480,1708480,0,0,0,0,3,1,1,0,0,0,0,0
FluencyBank,71,21,1741120,1789120,1725120,1805120,0,0,1,2,0,0,0,0,0,1,0,0
FluencyBank,71,22,1768320,1816320,1752320,1832320,0,0,0,0,0,0,1,1,3,1,0,0
FluencyBank,71,23,1802240,1850240,1786240,1866240,0,0,0,0,3,1,0,0,0,0,0,0
FluencyBank,71,24,1901760,1949760,1885760,1965760,0,0,3,1,1,1,0,1,0,0,0,0
FluencyBank,71,25,1929600,1977600,1913600,1993600,1,0,0,0,0,2,1,1,0,0,0,0
FluencyBank,71,26,2001920,2049920,1985920,2065920,0,0,1,2,0,1,0,1,0,0,0,0
FluencyBank,71,27,2028160,2076160,2012160,2092160,0,0,0,1,2,0,0,2,0,0,0,0
FluencyBank,71,28,2161280,2209280,2145280,2225280,1,0,1,0,3,0,0,0,0,0,0,0
FluencyBank,71,29,2187360,2235360,2171360,2251360,0,0,2,1,0,0,1,1,0,1,0,0
FluencyBank,71,30,2300640,2348640,2284640,2364640,0,0,0,1,0,3,0,3,0,0,0,0
FluencyBank,71,31,2328160,2376160,2312160,2392160,2,0,0,2,3,0,2,3,0,0,0,0
FluencyBank,71,32,146400,194400,130400,210400,0,0,0,0,0,0,0,0,3,0,0,0
FluencyBank,71,33,2356480,2404480,2340480,2420480,0,0,0,0,2,2,0,1,0,0,0,0
FluencyBank,71,34,2415840,2463840,2399840,2479840,2,0,0,1,0,0,2,0,1,0,0,0
FluencyBank,71,35,2447680,2495680,2431680,2511680,1,0,0,0,1,0,1,0,2,0,0,0
FluencyBank,71,36,2466080,2514080,2450080,2530080,0,0,0,0,0,0,0,0,3,0,0,0
FluencyBank,71,37,2476000,2524000,2460000,2540000,0,0,1,0,0,0,0,0,2,0,0,0
FluencyBank,71,38,2543040,2591040,2527040,2607040,0,0,0,0,0,0,0,0,3,0,0,0
FluencyBank,71,39,2610240,2658240,2594240,2674240,0,0,1,0,0,0,1,2,2,1,0,0
FluencyBank,71,40,2635360,2683360,2619360,2699360,0,0,1,1,0,0,2,1,1,0,0,0
FluencyBank,71,41,2653600,2701600,2637600,2717600,0,0,0,1,1,1,1,0,0,0,0,0
FluencyBank,71,42,2732800,2780800,2716800,2796800,1,0,0,0,2,0,2,0,1,0,0,0
FluencyBank,71,43,2761760,2809760,2745760,2825760,0,0,1,0,3,1,0,3,0,0,0,0
FluencyBank,71,44,2907200,2955200,2891200,2971200,0,0,3,1,1,0,0,0,0,0,0,0
FluencyBank,71,45,2934400,2982400,2918400,2998400,0,0,1,2,2,3,0,0,0,0,0,0
FluencyBank,71,46,288480,336480,272480,352480,0,0,1,3,1,0,2,0,0,0,0,0
FluencyBank,71,47,314240,362240,298240,378240,0,0,0,1,3,0,1,2,0,0,0,0
FluencyBank,71,48,3018400,3066400,3002400,3082400,1,0,0,1,1,0,3,0,1,0,0,0
FluencyBank,71,49,3050240,3098240,3034240,3114240,1,0,0,0,1,2,2,0,1,0,0,0
FluencyBank,71,50,3154240,3202240,3138240,3218240,0,0,2,0,0,1,0,2,0,0,0,0
FluencyBank,71,51,3178560,3226560,3162560,3242560,2,0,0,2,0,0,3,0,1,0,0,0
FluencyBank,71,52,3250880,3298880,3234880,3314880,0,0,0,0,2,3,0,1,0,0,0,0
FluencyBank,71,53,3294080,3342080,3278080,3358080,0,0,0,1,3,0,2,0,0,0,0,0
FluencyBank,71,54,3347200,3395200,3331200,3411200,1,0,0,1,0,0,1,2,2,0,0,0
FluencyBank,71,55,3362560,3410560,3346560,3426560,1,0,0,0,0,0,1,3,3,1,0,0
FluencyBank,71,56,3378080,3426080,3362080,3442080,0,0,0,2,0,0,1,1,1,0,0,0
FluencyBank,71,57,3418080,3466080,3402080,3482080,0,0,0,2,1,0,1,0,0,0,0,0
FluencyBank,71,58,3462560,3510560,3446560,3526560,0,0,0,1,1,2,2,2,0,0,0,0
FluencyBank,71,59,3497920,3545920,3481920,3561920,1,0,0,1,0,1,2,0,0,0,0,0
FluencyBank,71,60,3697920,3745920,3681920,3761920,0,0,2,1,1,0,2,1,0,0,0,0
FluencyBank,71,61,3722080,3770080,3706080,3786080,0,0,0,1,3,0,0,1,0,1,0,0
FluencyBank,71,62,3763680,3811680,3747680,3827680,1,0,0,1,2,0,1,0,0,0,0,0
FluencyBank,71,63,3797920,3845920,3781920,3861920,0,0,0,0,0,0,1,0,3,0,0,0
FluencyBank,71,64,368320,416320,352320,432320,0,0,0,2,3,2,0,2,0,0,0,0
FluencyBank,71,65,3836640,3884640,3820640,3900640,1,0,0,3,0,0,2,0,0,0,0,0
FluencyBank,71,66,3849120,3897120,3833120,3913120,0,0,0,2,0,0,1,0,1,0,0,0
FluencyBank,71,67,3931520,3979520,3915520,3995520,0,0,0,0,0,0,0,0,3,2,0,0
FluencyBank,71,68,4052960,4100960,4036960,4116960,0,0,0,0,0,0,0,0,3,1,0,0
FluencyBank,71,69,4079040,4127040,4063040,4143040,1,0,0,2,0,0,2,0,0,0,0,0
FluencyBank,71,70,4140000,4188000,4124000,4204000,0,0,3,0,0,0,0,1,0,0,0,0
FluencyBank,71,71,4171360,4219360,4155360,4235360,0,0,0,0,2,3,0,0,0,0,0,0
FluencyBank,71,72,4271840,4319840,4255840,4335840,0,0,0,1,2,0,1,0,0,0,0,0
FluencyBank,71,73,4298880,4346880,4282880,4362880,1,0,0,2,1,0,2,0,0,1,0,0
FluencyBank,71,74,4338240,4386240,4322240,4402240,0,0,0,1,0,2,2,1,0,0,0,0
FluencyBank,71,75,4382400,4430400,4366400,4446400,2,0,0,0,1,0,1,1,1,0,0,0
FluencyBank,71,76,4442240,4490240,4426240,4506240,0,0,3,1,1,0,0,0,0,0,0,0
FluencyBank,71,77,4719360,4767360,4703360,4783360,0,0,3,1,1,0,2,0,0,0,0,0
FluencyBank,71,78,4744480,4792480,4728480,4808480,0,0,1,1,0,0,1,1,1,0,0,0
FluencyBank,71,79,418080,466080,402080,482080,0,0,0,1,2,1,0,1,0,0,0,0
FluencyBank,71,80,4886560,4934560,4870560,4950560,1,0,0,2,0,0,2,0,0,0,0,0
FluencyBank,71,81,4931040,4979040,4915040,4995040,0,0,0,0,3,0,0,2,0,0,0,0
FluencyBank,71,82,4992000,5040000,4976000,5056000,1,0,2,0,1,0,2,0,0,0,0,0
FluencyBank,71,83,5023840,5071840,5007840,5087840,0,0,0,0,2,0,0,0,1,0,0,0
FluencyBank,71,84,5061440,5109440,5045440,5125440,0,0,0,0,1,0,1,0,2,0,0,0
FluencyBank,71,85,5114400,5162400,5098400,5178400,0,0,0,0,0,0,0,0,3,1,0,0
FluencyBank,71,86,5176480,5224480,5160480,5240480,1,0,1,0,1,0,3,0,1,1,0,0
FluencyBank,71,87,5202560,5250560,5186560,5266560,0,0,0,1,1,3,0,1,0,0,0,0
FluencyBank,71,88,5323040,5371040,5307040,5387040,1,0,0,2,0,0,2,0,0,1,0,0
FluencyBank,71,89,5355840,5403840,5339840,5419840,1,0,0,0,0,0,2,2,3,0,0,0
FluencyBank,71,90,5446240,5494240,5430240,5510240,2,0,0,0,0,0,3,0,2,0,0,0
FluencyBank,71,91,5492480,5540480,5476480,5556480,0,0,0,1,0,0,0,0,2,0,0,0
FluencyBank,71,92,5541440,5589440,5525440,5605440,0,0,0,0,0,0,0,0,3,0,0,0
FluencyBank,71,93,5614720,5662720,5598720,5678720,0,0,0,1,0,0,0,0,2,1,0,0
FluencyBank,71,94,5644960,5692960,5628960,5708960,0,0,0,0,0,0,0,0,3,0,0,0
FluencyBank,71,95,5678560,5726560,5662560,5742560,0,0,0,3,1,1,1,1,0,0,0,0
FluencyBank,71,96,542240,590240,526240,606240,1,0,0,0,3,1,1,1,0,0,0,0
FluencyBank,71,97,569920,617920,553920,633920,0,0,0,0,3,2,1,0,0,0,0,0
FluencyBank,71,98,5724000,5772000,5708000,5788000,0,0,0,3,1,0,2,0,0,0,0,0
FluencyBank,71,99,5747200,5795200,5731200,5811200,0,0,0,2,0,1,2,2,0,0,0,0
FluencyBank,71,100,5835360,5883360,5819360,5899360,0,0,0,3,0,0,0,0,0,1,0,0
FluencyBank,71,101,5891360,5939360,5875360,5955360,0,0,0,0,0,0,0,0,3,1,0,0
FluencyBank,71,102,5934720,5982720,5918720,5998720,0,0,0,1,0,0,1,0,2,0,0,0
FluencyBank,71,103,5972640,6020640,5956640,6036640,0,0,3,0,0,0,0,1,0,0,0,0
FluencyBank,71,104,6015200,6063200,5999200,6079200,0,0,0,0,3,1,0,2,0,0,0,0
FluencyBank,71,105,6041600,6089600,6025600,6105600,0,0,0,1,3,0,0,0,0,0,0,0
FluencyBank,71,106,6139840,6187840,6123840,6203840,1,0,0,2,2,1,2,1,0,0,0,0
FluencyBank,71,107,6164160,6212160,6148160,6228160,0,0,0,0,2,1,1,0,1,0,0,0
FluencyBank,71,108,6237120,6285120,6221120,6301120,0,0,1,1,1,0,0,0,0,0,0,0
FluencyBank,71,109,6275040,6323040,6259040,6339040,0,0,2,0,0,0,1,1,1,0,0,0
FluencyBank,71,110,6317440,6365440,6301440,6381440,1,0,2,0,0,0,3,0,0,0,0,0
FluencyBank,71,111,593120,641120,577120,657120,0,0,0,1,1,1,1,1,0,0,0,0
FluencyBank,71,112,6354720,6402720,6338720,6418720,0,0,0,2,2,0,1,1,0,0,0,0
FluencyBank,71,113,6413760,6461760,6397760,6477760,0,0,0,1,0,2,0,1,1,0,0,0
FluencyBank,71,114,6447840,6495840,6431840,6511840,1,0,1,0,0,0,2,0,2,0,0,0
FluencyBank,71,115,6490880,6538880,6474880,6554880,0,0,0,0,0,0,1,1,3,1,0,0
FluencyBank,71,116,6539680,6587680,6523680,6603680,0,0,1,0,0,0,0,0,2,0,0,0
FluencyBank,71,117,6601760,6649760,6585760,6665760,0,0,0,0,0,0,2,0,3,0,0,0
FluencyBank,71,118,624800,672800,608800,688800,0,0,0,1,1,0,2,0,1,0,0,0
FluencyBank,71,119,680640,728640,664640,744640,0,0,0,0,2,2,0,1,0,0,0,0
FluencyBank,71,120,708800,756800,692800,772800,0,0,0,0,3,0,3,0,0,0,0,0
FluencyBank,76,0,498240,546240,482240,562240,0,0,0,0,2,0,0,0,1,0,0,0
FluencyBank,76,1,2403840,2451840,2387840,2467840,0,0,0,1,1,3,0,0,0,0,0,0
FluencyBank,76,2,2509280,2557280,2493280,2573280,0,0,0,0,1,1,0,3,1,0,0,0
FluencyBank,76,3,2533280,2581280,2517280,2597280,0,0,0,1,0,0,1,1,2,0,0,0
FluencyBank,76,4,3030720,3078720,3014720,3094720,0,0,0,2,2,0,0,0,0,1,0,0
FluencyBank,76,5,3060480,3108480,3044480,3124480,0,0,0,0,1,0,2,0,2,0,0,0
FluencyBank,76,6,3309600,3357600,3293600,3373600,0,0,0,2,1,0,1,0,1,0,0,0
FluencyBank,76,7,3364800,3412800,3348800,3428800,0,0,0,1,1,2,0,0,0,1,0,0
FluencyBank,76,8,3509600,3557600,3493600,3573600,0,0,0,3,0,0,1,0,0,0,0,0
FluencyBank,76,9,3548640,3596640,3532640,3612640,0,0,2,1,1,0,1,0,0,0,0,0
FluencyBank,76,10,4005760,4053760,3989760,4069760,0,0,2,0,0,0,1,0,1,0,0,0
FluencyBank,76,11,4058240,4106240,4042240,4122240,0,0,0,0,0,0,0,0,3,0,0,0
FluencyBank,76,12,4141120,4189120,4125120,4205120,0,0,0,0,0,0,0,3,3,1,0,0
FluencyBank,76,13,4166080,4214080,4150080,4230080,0,0,1,0,0,0,0,2,2,1,0,0
FluencyBank,76,14,4584000,4632000,4568000,4648000,1,0,2,3,2,0,2,0,0,0,0,0
FluencyBank,76,15,4607680,4655680,4591680,4671680,0,0,0,2,1,0,2,0,1,0,0,0
FluencyBank,76,16,4621760,4669760,4605760,4685760,0,0,0,2,2,0,1,1,0,0,0,0
FluencyBank,76,17,5156800,5204800,5140800,5220800,0,0,1,0,0,3,0,2,0,0,0,0
FluencyBank,76,18,5180480,5228480,5164480,5244480,0,0,0,1,1,2,1,3,0,0,0,0
FluencyBank,76,19,735200,783200,719200,799200,0,0,1,1,1,0,0,0,1,0,0,0
FluencyBank,76,20,763520,811520,747520,827520,0,0,3,0,0,0,0,0,0,0,0,0
FluencyBank,76,21,5907520,5955520,5891520,5971520,0,0,0,2,1,0,0,1,0,0,0,0
FluencyBank,76,22,5932640,5980640,5916640,5996640,1,0,0,1,2,0,2,0,0,0,0,0
FluencyBank,76,23,5978560,6026560,5962560,6042560,0,0,0,1,0,0,0,0,2,0,0,0
FluencyBank,76,24,6007200,6055200,5991200,6071200,1,0,0,1,0,0,1,0,2,0,0,0
FluencyBank,76,25,6187360,6235360,6171360,6251360,0,0,0,2,2,0,0,0,0,0,0,0
FluencyBank,76,26,6214080,6262080,6198080,6278080,0,0,0,2,2,0,1,1,0,0,0,0
FluencyBank,76,27,6236160,6284160,6220160,6300160,1,0,0,1,0,1,1,2,1,0,0,0
FluencyBank,76,28,6452800,6500800,6436800,6516800,1,0,3,2,1,0,1,0,0,0,0,0
FluencyBank,76,29,6476640,6524640,6460640,6540640,0,0,0,1,0,1,0,2,1,0,0,0
FluencyBank,76,30,7221920,7269920,7205920,7285920,0,0,0,1,0,0,1,0,2,1,0,0
FluencyBank,76,31,7258720,7306720,7242720,7322720,0,0,0,0,0,0,0,0,3,0,0,0
FluencyBank,76,32,7366240,7414240,7350240,7430240,0,0,0,0,0,0,0,1,3,1,0,0
FluencyBank,76,33,7392640,7440640,7376640,7456640,0,0,1,1,0,0,0,3,1,0,0,0
FluencyBank,76,34,7454240,7502240,7438240,7518240,0,0,0,1,0,0,0,0,2,0,0,0
FluencyBank,76,35,7480800,7528800,7464800,7544800,0,0,3,1,0,0,1,1,0,0,0,0
FluencyBank,76,36,7532160,7580160,7516160,7596160,0,0,0,1,2,0,2,0,0,0,0,0
FluencyBank,76,37,7565440,7613440,7549440,7629440,1,0,0,3,2,0,1,0,0,0,0,0
FluencyBank,76,38,780960,828960,764960,844960,0,0,2,0,0,0,1,0,1,0,0,0
FluencyBank,76,39,7879680,7927680,7863680,7943680,0,0,3,1,2,0,1,0,0,0,0,0
FluencyBank,76,40,7904480,7952480,7888480,7968480,0,0,3,1,2,0,0,0,0,0,0,0
FluencyBank,76,41,7924960,7972960,7908960,7988960,0,0,2,3,2,0,1,0,0,0,0,0
FluencyBank,76,42,8422400,8470400,8406400,8486400,0,0,1,2,1,2,0,2,0,0,0,0
FluencyBank,76,43,8449600,8497600,8433600,8513600,0,0,0,3,1,0,2,0,0,0,0,0
FluencyBank,76,44,8721920,8769920,8705920,8785920,1,0,1,1,2,1,1,2,0,0,0,0
FluencyBank,76,45,8745440,8793440,8729440,8809440,0,0,1,1,2,1,1,0,0,0,0,0
FluencyBank,76,46,8783680,8831680,8767680,8847680,1,0,0,1,0,0,1,0,2,0,0,0
FluencyBank,76,47,8827680,8875680,8811680,8891680,0,0,0,0,0,0,0,0,3,0,0,0
FluencyBank,76,48,8955040,9003040,8939040,9019040,0,0,0,2,2,0,0,0,0,0,0,0
FluencyBank,76,49,8980160,9028160,8964160,9044160,0,0,0,2,0,0,0,0,1,0,0,0
FluencyBank,76,50,9691680,9739680,9675680,9755680,1,0,0,2,2,0,1,0,0,1,0,0
FluencyBank,76,51,9719520,9767520,9703520,9783520,1,0,1,0,0,1,1,0,2,0,0,0
FluencyBank,76,52,9731040,9779040,9715040,9795040,1,0,1,1,0,0,2,0,1,0,0,0
FluencyBank,76,53,10150720,10198720,10134720,10214720,0,0,1,0,2,0,0,3,0,0,0,0
FluencyBank,76,54,10174400,10222400,10158400,10238400,0,0,0,0,0,0,0,3,3,1,0,0
FluencyBank,76,55,10237920,10285920,10221920,10301920,0,0,2,2,1,1,0,2,0,1,0,0
FluencyBank,76,56,10262400,10310400,10246400,10326400,0,0,0,0,0,1,0,2,2,1,0,0
FluencyBank,76,57,1165280,1213280,1149280,1229280,0,0,0,1,0,0,0,2,2,0,0,0
FluencyBank,76,58,1189280,1237280,1173280,1253280,0,0,0,1,2,2,2,1,0,0,0,0
FluencyBank,76,59,10325440,10373440,10309440,10389440,2,0,0,1,0,0,1,0,0,0,0,0
FluencyBank,76,60,10351520,10399520,10335520,10415520,1,0,0,1,1,1,1,0,1,0,0,0
FluencyBank,76,61,10400000,10448000,10384000,10464000,0,0,1,1,1,0,1,0,0,0,0,0
FluencyBank,76,62,10447040,10495040,10431040,10511040,0,0,0,0,0,0,0,0,3,0,0,0
FluencyBank,76,63,10541920,10589920,10525920,10605920,0,0,0,0,0,0,0,0,3,0,0,0
FluencyBank,76,64,10566240,10614240,10550240,10630240,0,0,0,0,0,0,0,3,3,0,0,0
FluencyBank,76,65,10646240,10694240,10630240,10710240,0,0,0,0,1,0,2,0,2,0,0,0
FluencyBank,76,66,10678560,10726560,10662560,10742560,0,0,0,1,0,2,0,0,0,0,0,0
FluencyBank,76,67,10730880,10778880,10714880,10794880,0,0,0,0,0,0,0,0,3,0,0,0
FluencyBank,76,68,10766240,10814240,10750240,10830240,0,0,1,2,1,2,0,1,0,0,0,0
FluencyBank,76,69,10816640,10864640,10800640,10880640,1,0,1,1,0,1,2,0,1,0,0,0
FluencyBank,76,70,10825920,10873920,10809920,10889920,0,0,0,1,0,1,2,0,1,0,0,0
FluencyBank,76,71,10857760,10905760,10841760,10921760,0,0,3,0,0,0,0,1,0,0,0,0
FluencyBank,76,72,10931200,10979200,10915200,10995200,0,0,2,1,0,1,0,2,0,0,0,0
FluencyBank,76,73,10982080,11030080,10966080,11046080,0,0,0,1,2,0,0,1,1,0,0,0
FluencyBank,76,74,1328000,1376000,1312000,1392000,1,0,0,1,0,1,2,0,1,1,0,0
FluencyBank,76,75,1354720,1402720,1338720,1418720,0,0,0,1,1,1,0,3,1,0,0,0
FluencyBank,76,76,11132800,11180800,11116800,11196800,1,0,0,1,0,0,1,1,2,0,0,0
FluencyBank,76,77,11163680,11211680,11147680,11227680,3,0,0,1,0,0,3,0,1,0,0,0
FluencyBank,76,78,11838080,11886080,11822080,11902080,0,0,0,0,3,0,0,0,0,0,0,0
FluencyBank,76,79,11861600,11909600,11845600,11925600,0,0,0,1,0,0,1,1,2,0,0,0
FluencyBank,76,80,12009760,12057760,11993760,12073760,0,0,0,2,0,0,0,0,1,0,0,0
FluencyBank,76,81,12036160,12084160,12020160,12100160,0,0,1,1,2,1,0,0,0,0,0,0
FluencyBank,76,82,12601120,12649120,12585120,12665120,1,0,0,1,1,0,1,2,1,0,0,0
FluencyBank,76,83,12628160,12676160,12612160,12692160,1,0,1,3,1,0,2,1,0,0,0,0
FluencyBank,76,84,12879520,12927520,12863520,12943520,3,0,0,0,0,2,2,0,0,1,0,0
FluencyBank,76,85,12905280,12953280,12889280,12969280,0,0,0,0,0,0,0,0,3,1,0,0
FluencyBank,76,86,12944960,12992960,12928960,13008960,0,0,0,0,0,0,0,0,3,0,0,0
FluencyBank,76,87,12969120,13017120,12953120,13033120,0,0,0,0,0,0,0,0,3,0,0,0
FluencyBank,76,88,1477600,1525600,1461600,1541600,0,0,0,0,0,0,0,2,3,0,0,0
FluencyBank,76,89,1525440,1573440,1509440,1589440,0,0,2,2,0,0,0,0,0,1,0,0
FluencyBank,76,90,1812960,1860960,1796960,1876960,0,0,0,0,0,0,0,0,3,1,0,0
FluencyBank,76,91,1853120,1901120,1837120,1917120,0,0,0,0,0,0,0,0,3,0,0,0
FluencyBank,76,92,1861120,1909120,1845120,1925120,0,0,0,0,0,0,0,0,3,0,0,0
FluencyBank,76,93,1901600,1949600,1885600,1965600,0,0,3,0,0,0,0,3,0,0,0,0
FluencyBank,76,94,2310240,2358240,2294240,2374240,0,0,0,1,0,0,0,3,2,1,0,0
FluencyBank,76,95,2337440,2385440,2321440,2401440,0,0,1,0,2,0,0,0,0,0,0,0
FluencyBank,81,0,14880,62880,-1120,78880,0,0,0,0,0,0,0,0,3,0,0,0
FluencyBank,81,1,8101760,8149760,8085760,8165760,0,0,1,1,1,0,0,0,1,1,0,0
FluencyBank,81,2,8131040,8179040,8115040,8195040,0,0,2,0,0,0,1,3,1,0,0,0
FluencyBank,81,3,8170560,8218560,8154560,8234560,0,0,0,2,0,1,0,0,0,0,0,0
FluencyBank,81,4,8231040,8279040,8215040,8295040,0,0,1,0,0,0,0,3,2,0,0,0
FluencyBank,81,5,8275040,8323040,8259040,8339040,0,0,1,1,0,0,0,0,1,0,0,0
FluencyBank,81,6,8312320,8360320,8296320,8376320,2,0,0,1,1,0,2,2,1,0,0,0
FluencyBank,81,7,8464800,8512800,8448800,8528800,0,0,0,0,0,3,0,0,0,0,0,0
FluencyBank,81,8,8496000,8544000,8480000,8560000,0,0,0,0,0,3,0,0,0,0,0,0
FluencyBank,81,9,8520480,8568480,8504480,8584480,0,0,0,0,2,0,0,0,1,0,0,0
FluencyBank,81,10,8596000,8644000,8580000,8660000,0,0,0,0,0,0,1,2,3,0,0,0
FluencyBank,81,11,8629760,8677760,8613760,8693760,0,0,0,0,0,1,0,0,2,1,0,0
FluencyBank,81,12,8684800,8732800,8668800,8748800,0,0,0,1,0,0,1,3,2,0,0,0
FluencyBank,81,13,8705760,8753760,8689760,8769760,0,0,0,1,2,0,0,0,0,1,0,0
FluencyBank,81,14,1032320,1080320,1016320,1096320,0,0,0,0,2,0,1,2,1,0,0,0
FluencyBank,81,15,8772320,8820320,8756320,8836320,0,0,0,2,1,0,0,0,0,0,0,0
FluencyBank,81,16,8838720,8886720,8822720,8902720,0,0,0,0,0,3,0,0,0,0,0,0
FluencyBank,81,17,8874720,8922720,8858720,8938720,0,0,0,1,0,3,0,0,0,0,0,0
FluencyBank,81,18,8986880,9034880,8970880,9050880,0,0,0,0,3,0,0,1,0,1,0,0
FluencyBank,81,19,9014080,9062080,8998080,9078080,0,0,1,0,0,0,0,3,2,0,0,0
FluencyBank,81,20,9063040,9111040,9047040,9127040,0,0,0,1,1,0,0,0,1,0,0,0
FluencyBank,81,21,9086080,9134080,9070080,9150080,0,0,0,1,3,0,0,0,0,1,0,0
FluencyBank,81,22,9141440,9189440,9125440,9205440,0,0,0,0,0,0,0,3,3,1,0,0
FluencyBank,81,23,9205280,9253280,9189280,9269280,0,0,0,0,0,0,0,0,3,0,0,0
FluencyBank,81,24,9282560,9330560,9266560,9346560,0,0,0,0,0,0,0,1,3,1,0,0
FluencyBank,81,25,9352640,9400640,9336640,9416640,0,0,0,0,0,3,0,1,0,1,0,0
FluencyBank,81,26,9404640,9452640,9388640,9468640,0,0,0,0,0,0,0,0,3,0,0,0
FluencyBank,81,27,9453600,9501600,9437600,9517600,0,0,0,0,0,0,3,0,3,0,0,0
FluencyBank,81,28,1235520,1283520,1219520,1299520,0,0,1,0,0,0,2,2,2,0,0,0
FluencyBank,81,29,1270240,1318240,1254240,1334240,0,0,0,1,2,0,0,0,0,0,0,0
FluencyBank,81,30,9502720,9550720,9486720,9566720,0,0,0,0,0,0,0,0,3,0,0,0
FluencyBank,81,31,9535200,9583200,9519200,9599200,0,0,0,0,0,0,0,0,3,0,0,0
FluencyBank,81,32,1343040,1391040,1327040,1407040,0,0,0,1,2,0,0,0,0,0,0,0
FluencyBank,81,33,1376160,1424160,1360160,1440160,0,0,0,0,0,0,0,0,3,2,0,0
FluencyBank,81,34,1404000,1452000,1388000,1468000,1,0,0,0,0,0,2,0,2,0,0,0
FluencyBank,81,35,1451360,1499360,1435360,1515360,0,0,3,0,0,0,0,0,0,0,0,0
FluencyBank,81,36,1498240,1546240,1482240,1562240,0,0,0,0,2,0,0,0,1,0,0,0
FluencyBank,81,37,1551840,1599840,1535840,1615840,0,0,1,0,0,0,0,2,2,0,0,0
FluencyBank,81,38,1587040,1635040,1571040,1651040,0,0,0,0,0,0,0,2,3,0,0,0
FluencyBank,81,39,1693120,1741120,1677120,1757120,0,0,0,0,1,2,1,2,0,0,0,0
FluencyBank,81,40,1723040,1771040,1707040,1787040,0,0,0,1,0,0,1,0,2,0,0,0
FluencyBank,81,41,1795360,1843360,1779360,1859360,0,0,0,1,0,1,1,1,1,0,0,0
FluencyBank,81,42,1822560,1870560,1806560,1886560,1,0,0,2,0,0,0,0,1,2,0,0
FluencyBank,81,43,1854560,1902560,1838560,1918560,1,0,0,1,1,0,2,0,2,0,0,0
FluencyBank,81,44,33280,81280,17280,97280,0,0,0,0,3,0,0,1,0,0,0,0
FluencyBank,81,45,1877120,1925120,1861120,1941120,0,0,0,1,1,3,0,2,0,0,0,0
FluencyBank,81,46,1944960,1992960,1928960,2008960,0,0,1,0,0,0,0,2,2,0,0,0
FluencyBank,81,47,1981280,2029280,1965280,2045280,0,0,0,1,1,0,0,0,1,0,0,0
FluencyBank,81,48,2023520,2071520,2007520,2087520,0,0,0,0,2,1,0,2,0,0,0,0
FluencyBank,81,49,2051040,2099040,2035040,2115040,0,0,2,0,1,0,0,1,1,0,0,0
FluencyBank,81,50,2087360,2135360,2071360,2151360,0,0,0,1,1,1,0,1,0,0,0,0
FluencyBank,81,51,2152000,2200000,2136000,2216000,0,0,0,0,0,0,1,0,3,0,0,0
FluencyBank,81,52,2185440,2233440,2169440,2249440,0,0,0,1,0,0,1,0,2,0,0,0
FluencyBank,81,53,2252960,2300960,2236960,2316960,0,0,0,1,2,0,0,1,0,0,0,0
FluencyBank,81,54,2432640,2480640,2416640,2496640,0,0,0,1,0,0,0,0,3,1,0,0
FluencyBank,81,55,2463200,2511200,2447200,2527200,0,0,0,0,0,0,1,0,3,0,0,0
FluencyBank,81,56,2518720,2566720,2502720,2582720,0,0,0,0,1,0,0,0,2,0,0,0
FluencyBank,81,57,2560160,2608160,2544160,2624160,0,0,0,0,1,0,1,0,2,0,0,0
FluencyBank,81,58,419040,467040,403040,483040,0,0,0,1,1,0,0,0,1,0,0,0
FluencyBank,81,59,451200,499200,435200,515200,0,0,1,0,0,0,0,3,2,0,0,0
FluencyBank,81,60,2605280,2653280,2589280,2669280,1,0,1,0,0,0,1,0,1,0,0,0
FluencyBank,81,61,2639360,2687360,2623360,2703360,1,0,0,1,2,2,2,1,0,0,0,0
FluencyBank,81,62,2745120,2793120,2729120,2809120,0,0,0,0,0,0,0,0,3,0,0,0
FluencyBank,81,63,2771680,2819680,2755680,2835680,0,0,0,0,0,0,0,0,3,0,0,0
FluencyBank,81,64,2810240,2858240,2794240,2874240,0,0,0,1,2,0,0,0,1,0,0,0
FluencyBank,81,65,2839200,2887200,2823200,2903200,0,0,2,0,0,0,0,2,1,0,0,0
FluencyBank,81,66,2885120,2933120,2869120,2949120,0,0,0,0,0,0,0,0,3,0,0,0
FluencyBank,81,67,2951200,2999200,2935200,3015200,0,0,0,0,0,3,0,1,0,0,0,0
FluencyBank,81,68,3076320,3124320,3060320,3140320,0,0,0,1,3,1,0,0,0,0,0,0
FluencyBank,81,69,3114400,3162400,3098400,3178400,0,0,3,0,0,1,0,3,0,0,0,0
FluencyBank,81,70,3133440,3181440,3117440,3197440,0,0,2,0,2,3,0,0,0,0,0,0
FluencyBank,81,71,3206240,3254240,3190240,3270240,0,0,0,3,0,0,0,1,0,0,0,0
FluencyBank,81,72,3261760,3309760,3245760,3325760,0,0,2,0,1,1,0,2,0,0,0,0
FluencyBank,81,73,3295840,3343840,3279840,3359840,0,0,0,1,1,3,0,1,0,0,0,0
FluencyBank,81,74,469280,517280,453280,533280,0,0,2,0,0,0,1,2,1,0,0,0
FluencyBank,81,75,3348800,3396800,3332800,3412800,0,0,0,0,0,1,0,1,2,0,0,0
FluencyBank,81,76,3414400,3462400,3398400,3478400,0,0,0,0,0,3,0,0,0,1,0,0
FluencyBank,81,77,3447360,3495360,3431360,3511360,0,0,0,1,0,3,1,2,0,0,0,0
FluencyBank,81,78,3462400,3510400,3446400,3526400,0,0,0,0,2,1,1,1,0,0,0,0
FluencyBank,81,79,3525280,3573280,3509280,3589280,0,0,0,2,1,0,0,0,0,0,0,0
FluencyBank,81,80,3661440,3709440,3645440,3725440,0,0,0,0,0,3,0,1,0,0,0,0
FluencyBank,81,81,3689600,3737600,3673600,3753600,0,0,0,2,0,0,2,0,1,0,0,0
FluencyBank,81,82,3743200,3791200,3727200,3807200,0,0,0,1,3,0,0,0,0,0,0,0
FluencyBank,81,83,3757120,3805120,3741120,3821120,0,0,0,1,2,0,0,0,0,0,0,0
FluencyBank,81,84,3934880,3982880,3918880,3998880,0,0,1,0,3,0,0,0,0,0,0,0
FluencyBank,81,85,3963360,4011360,3947360,4027360,0,0,0,1,3,0,0,0,0,0,0,0
FluencyBank,81,86,4088960,4136960,4072960,4152960,0,0,0,1,1,0,0,0,1,0,0,0
FluencyBank,81,87,4126080,4174080,4110080,4190080,0,0,1,0,0,0,0,3,2,0,0,0
FluencyBank,81,88,4185760,4233760,4169760,4249760,0,0,0,1,0,3,0,1,0,0,0,0
FluencyBank,81,89,545440,593440,529440,609440,0,0,0,0,0,0,0,2,3,0,0,0
FluencyBank,81,90,577600,625600,561600,641600,0,0,0,1,2,2,0,1,0,0,0,0
FluencyBank,81,91,4230240,4278240,4214240,4294240,0,0,0,0,0,0,0,3,3,0,0,0
FluencyBank,81,92,4287520,4335520,4271520,4351520,0,0,0,0,0,0,2,2,3,0,0,0
FluencyBank,81,93,4311840,4359840,4295840,4375840,0,0,0,0,0,0,0,0,3,0,0,0
FluencyBank,81,94,4369600,4417600,4353600,4433600,0,0,1,1,0,0,0,3,1,0,0,0
FluencyBank,81,95,4457920,4505920,4441920,4521920,0,0,0,0,1,3,0,1,0,0,0,0
FluencyBank,81,96,4498240,4546240,4482240,4562240,0,0,0,0,0,0,0,2,3,0,0,0
FluencyBank,81,97,4528480,4576480,4512480,4592480,0,0,0,1,2,0,0,1,0,0,0,0
FluencyBank,81,98,4614880,4662880,4598880,4678880,0,0,0,0,1,0,0,1,2,0,0,0
FluencyBank,81,99,4642080,4690080,4626080,4706080,0,0,3,1,0,0,0,2,0,0,0,0
FluencyBank,81,100,4680000,4728000,4664000,4744000,0,0,0,1,0,0,0,2,2,1,0,0
FluencyBank,81,101,4749760,4797760,4733760,4813760,0,0,0,2,0,0,0,0,1,0,0,0
FluencyBank,81,102,4831200,4879200,4815200,4895200,0,0,2,0,0,0,0,2,1,0,0,0
FluencyBank,81,103,4860480,4908480,4844480,4924480,0,0,2,1,0,0,0,3,1,0,0,0
FluencyBank,81,104,4894080,4942080,4878080,4958080,0,0,0,0,0,0,0,0,3,0,0,0
FluencyBank,81,105,641440,689440,625440,705440,0,0,1,1,2,1,0,2,0,0,0,0
FluencyBank,81,106,689280,737280,673280,753280,0,0,0,0,2,1,0,2,0,0,0,0
FluencyBank,81,107,5105920,5153920,5089920,5169920,0,0,0,0,2,0,1,0,1,0,0,0
FluencyBank,81,108,5133280,5181280,5117280,5197280,0,0,0,0,0,0,0,3,3,0,0,0
FluencyBank,81,109,5149440,5197440,5133440,5213440,0,0,1,0,0,0,0,3,2,0,0,0
FluencyBank,81,110,5209600,5257600,5193600,5273600,0,0,0,0,0,0,0,3,3,0,0,0
FluencyBank,81,111,5246400,5294400,5230400,5310400,0,0,2,0,0,0,0,0,1,0,0,0
FluencyBank,81,112,5300640,5348640,5284640,5364640,0,0,0,0,0,3,0,2,0,0,0,0
FluencyBank,81,113,5345760,5393760,5329760,5409760,1,0,0,1,0,0,2,1,2,1,0,0
FluencyBank,81,114,5480000,5528000,5464000,5544000,0,0,0,1,1,1,0,0,0,0,0,0
FluencyBank,81,115,5508960,5556960,5492960,5572960,0,0,0,0,0,1,0,3,2,0,0,0
FluencyBank,81,116,5553120,5601120,5537120,5617120,0,0,0,0,0,0,0,0,3,0,0,0
FluencyBank,81,117,5592480,5640480,5576480,5656480,0,0,1,1,0,0,2,1,1,0,0,0
FluencyBank,81,118,5607680,5655680,5591680,5671680,0,0,1,0,0,0,0,3,2,1,0,0
FluencyBank,81,119,756160,804160,740160,820160,0,0,1,1,0,0,0,2,1,0,0,0
FluencyBank,81,120,782880,830880,766880,846880,0,0,0,0,0,0,0,0,3,0,0,0
FluencyBank,81,121,5658560,5706560,5642560,5722560,0,0,1,0,0,0,0,1,2,1,0,0
FluencyBank,81,122,5713280,5761280,5697280,5777280,0,0,0,0,3,0,0,1,0,0,0,0
FluencyBank,81,123,5744640,5792640,5728640,5808640,0,0,0,0,3,3,0,0,0,0,0,0
FluencyBank,81,124,5802080,5850080,5786080,5866080,0,0,0,0,0,0,1,0,3,0,0,0
FluencyBank,81,125,5844320,5892320,5828320,5908320,0,0,2,1,2,0,0,0,0,0,0,0
FluencyBank,81,126,5981600,6029600,5965600,6045600,1,0,2,1,0,0,1,1,0,1,0,0
FluencyBank,81,127,6027040,6075040,6011040,6091040,0,0,1,0,0,0,0,0,2,0,0,0
FluencyBank,81,128,6110080,6158080,6094080,6174080,0,0,0,1,0,0,0,0,2,0,0,0
FluencyBank,81,129,6135520,6183520,6119520,6199520,0,0,0,0,0,1,1,1,2,1,0,0
FluencyBank,81,130,6220640,6268640,6204640,6284640,0,0,0,0,2,3,0,2,0,0,0,0
FluencyBank,81,131,6275520,6323520,6259520,6339520,0,0,0,1,0,1,0,0,1,0,0,0
FluencyBank,81,132,6305440,6353440,6289440,6369440,1,0,0,0,0,0,1,1,3,0,0,0
FluencyBank,81,133,6377440,6425440,6361440,6441440,0,0,0,2,0,0,0,0,1,0,0,0
FluencyBank,81,134,821600,869600,805600,885600,0,0,0,0,0,2,0,0,1,0,0,0
FluencyBank,81,135,6428000,6476000,6412000,6492000,0,0,0,1,2,1,2,0,0,0,0,0
FluencyBank,81,136,6443200,6491200,6427200,6507200,0,0,0,0,1,2,0,1,0,0,0,0
FluencyBank,81,137,6501280,6549280,6485280,6565280,1,0,0,1,0,0,2,0,2,0,0,0
FluencyBank,81,138,6523680,6571680,6507680,6587680,1,0,2,1,0,0,0,0,0,0,0,0
FluencyBank,81,139,6644320,6692320,6628320,6708320,0,0,0,0,3,0,0,1,0,0,0,0
FluencyBank,81,140,6685120,6733120,6669120,6749120,0,0,0,0,0,0,0,0,3,0,0,0
FluencyBank,81,141,6723200,6771200,6707200,6787200,0,0,1,0,0,1,0,3,1,0,0,0
FluencyBank,81,142,6760160,6808160,6744160,6824160,0,0,3,0,0,0,0,0,0,0,0,0
FluencyBank,81,143,6811200,6859200,6795200,6875200,0,0,2,2,1,0,0,1,0,0,0,0
FluencyBank,81,144,6837920,6885920,6821920,6901920,1,0,0,2,1,0,2,0,0,0,0,0
FluencyBank,81,145,6876640,6924640,6860640,6940640,0,0,2,0,0,0,0,0,1,0,0,0
FluencyBank,81,146,6966880,7014880,6950880,7030880,0,0,0,1,2,0,0,0,0,1,0,0
FluencyBank,81,147,6993440,7041440,6977440,7057440,0,0,3,0,0,0,0,0,0,0,0,0
FluencyBank,81,148,914240,962240,898240,978240,1,0,0,0,0,0,1,0,2,0,0,0
FluencyBank,81,149,944960,992960,928960,1008960,0,0,0,0,0,3,0,1,0,0,0,0
FluencyBank,81,150,7031680,7079680,7015680,7095680,0,0,0,1,2,1,0,0,0,0,0,0
FluencyBank,81,151,7072000,7120000,7056000,7136000,0,0,1,0,0,2,0,2,0,0,0,0
FluencyBank,81,152,7108320,7156320,7092320,7172320,0,0,0,0,0,1,0,2,2,0,0,0
FluencyBank,81,153,7150080,7198080,7134080,7214080,0,0,0,0,1,0,0,0,2,0,0,0
FluencyBank,81,154,7189120,7237120,7173120,7253120,0,0,2,0,0,0,0,1,1,0,0,0
FluencyBank,81,155,7229600,7277600,7213600,7293600,0,0,0,3,1,1,0,0,0,0,0,0
FluencyBank,81,156,7305600,7353600,7289600,7369600,0,0,0,0,0,1,0,2,3,0,0,0
FluencyBank,81,157,7333120,7381120,7317120,7397120,0,0,0,0,0,1,0,0,2,0,0,0
FluencyBank,81,158,7391680,7439680,7375680,7455680,0,0,1,1,0,0,0,0,1,0,0,0
FluencyBank,81,159,7445120,7493120,7429120,7509120,0,0,0,0,0,3,0,1,0,0,0,0
FluencyBank,81,160,7473760,7521760,7457760,7537760,0,0,0,0,0,3,0,0,0,1,0,0
FluencyBank,81,161,7549600,7597600,7533600,7613600,0,0,1,1,0,0,0,0,1,0,0,0
FluencyBank,81,162,7619680,7667680,7603680,7683680,0,0,0,0,0,0,0,0,3,2,0,0
FluencyBank,81,163,7682560,7730560,7666560,7746560,0,0,3,0,0,0,0,0,0,0,0,0
FluencyBank,81,164,996320,1044320,980320,1060320,0,0,0,0,0,0,0,3,3,0,0,0
FluencyBank,87,0,120480,168480,104480,184480,0,0,0,0,0,0,0,0,3,0,0,0
FluencyBank,87,1,1446720,1494720,1430720,1510720,0,0,0,0,3,2,0,3,0,0,0,0
FluencyBank,87,2,1475200,1523200,1459200,1539200,1,0,0,0,1,2,0,3,0,0,0,0
FluencyBank,87,3,1570240,1618240,1554240,1634240,1,0,0,0,2,0,0,2,0,0,0,0
FluencyBank,87,4,1595040,1643040,1579040,1659040,0,0,0,0,0,3,0,1,0,0,0,0
FluencyBank,87,5,1616160,1664160,1600160,1680160,0,0,0,0,0,3,0,3,0,0,0,0
FluencyBank,87,6,1708320,1756320,1692320,1772320,0,0,0,0,2,1,0,2,0,0,0,0
FluencyBank,87,7,1732640,1780640,1716640,1796640,0,0,1,0,3,0,0,2,0,0,0,0
FluencyBank,87,8,1951200,1999200,1935200,2015200,0,0,0,0,0,0,0,2,3,0,0,0
FluencyBank,87,9,1976320,2024320,1960320,2040320,0,0,1,2,0,1,0,3,1,0,0,0
FluencyBank,87,10,1996640,2044640,1980640,2060640,0,0,0,0,0,3,0,3,0,0,0,0
FluencyBank,87,11,2696320,2744320,2680320,2760320,0,0,0,1,3,0,0,3,0,0,0,0
FluencyBank,87,12,2720640,2768640,2704640,2784640,0,0,1,0,0,0,0,3,2,0,0,0
FluencyBank,87,13,2982240,3030240,2966240,3046240,0,0,0,0,0,0,0,3,3,0,0,0
FluencyBank,87,14,3009440,3057440,2993440,3073440,0,0,0,0,0,0,0,3,3,0,0,0
FluencyBank,87,15,3059360,3107360,3043360,3123360,0,0,0,1,2,3,0,3,0,0,0,0
FluencyBank,87,16,3096000,3144000,3080000,3160000,0,0,1,1,1,0,0,0,0,0,0,0
FluencyBank,87,17,173760,221760,157760,237760,0,0,1,0,0,0,0,2,2,0,0,0
FluencyBank,87,18,200320,248320,184320,264320,0,0,1,0,0,0,0,3,2,0,0,0
FluencyBank,87,19,3293120,3341120,3277120,3357120,0,0,1,0,0,3,0,3,0,0,0,0
FluencyBank,87,20,3318720,3366720,3302720,3382720,0,0,0,1,1,2,1,3,0,1,0,0
FluencyBank,87,21,3365600,3413600,3349600,3429600,0,0,0,0,3,3,0,0,0,0,0,0
FluencyBank,87,22,3534720,3582720,3518720,3598720,0,0,2,0,3,0,0,0,0,0,0,0
FluencyBank,87,23,3562720,3610720,3546720,3626720,0,0,1,0,0,0,0,3,2,0,0,0
FluencyBank,87,24,3587520,3635520,3571520,3651520,0,0,1,0,0,0,0,3,2,0,0,0
FluencyBank,87,25,3637760,3685760,3621760,3701760,0,0,0,1,1,0,0,0,2,0,0,0
FluencyBank,87,26,3845760,3893760,3829760,3909760,0,0,0,0,0,2,0,3,1,0,0,0
FluencyBank,87,27,3872800,3920800,3856800,3936800,0,0,0,0,1,2,0,3,0,0,0,0
FluencyBank,87,28,3925280,3973280,3909280,3989280,0,0,0,1,2,2,0,0,0,0,0,0
FluencyBank,87,29,3982240,4030240,3966240,4046240,0,0,2,1,2,1,0,3,0,0,0,0
FluencyBank,87,30,4008320,4056320,3992320,4072320,0,0,0,0,3,0,0,3,0,0,0,0
FluencyBank,87,31,4134400,4182400,4118400,4198400,0,0,0,0,1,0,0,3,2,0,0,0
FluencyBank,87,32,4161120,4209120,4145120,4225120,0,0,2,0,2,0,0,3,0,0,0,0
FluencyBank,87,33,4213440,4261440,4197440,4277440,0,0,0,0,0,2,0,2,1,0,0,0
FluencyBank,87,34,272960,320960,256960,336960,0,0,0,1,2,1,0,3,0,0,0,0
FluencyBank,87,35,297920,345920,281920,361920,0,0,0,0,0,0,0,3,3,1,0,0
FluencyBank,87,36,4471680,4519680,4455680,4535680,0,0,0,1,3,2,0,3,0,0,0,0
FluencyBank,87,37,4497280,4545280,4481280,4561280,0,0,0,0,0,3,0,3,0,0,0,0
FluencyBank,87,38,4551520,4599520,4535520,4615520,0,0,0,1,2,0,0,3,0,0,0,0
FluencyBank,87,39,4576960,4624960,4560960,4640960,0,0,1,0,0,0,0,3,2,0,0,0
FluencyBank,87,40,4622560,4670560,4606560,4686560,0,0,0,1,3,0,0,2,0,0,0,0
FluencyBank,87,41,4646880,4694880,4630880,4710880,0,0,0,3,0,0,0,0,0,1,0,0
FluencyBank,87,42,4701120,4749120,4685120,4765120,0,0,0,1,0,0,0,2,2,1,0,0
FluencyBank,87,43,4730080,4778080,4714080,4794080,0,0,2,0,0,0,1,1,1,0,0,0
FluencyBank,87,44,5053600,5101600,5037600,5117600,0,0,0,0,0,0,0,0,3,1,0,0
FluencyBank,87,45,5079040,5127040,5063040,5143040,0,0,0,1,3,0,0,0,0,0,0,0
FluencyBank,87,46,5199840,5247840,5183840,5263840,0,0,1,0,2,2,0,1,0,0,0,0
FluencyBank,87,47,5227680,5275680,5211680,5291680,0,0,0,1,0,2,0,0,0,0,0,0
FluencyBank,87,48,5241440,5289440,5225440,5305440,0,0,0,0,3,0,1,0,0,0,0,0
FluencyBank,87,49,5318400,5366400,5302400,5382400,0,0,0,1,0,0,0,2,2,0,0,0
FluencyBank,87,50,5344480,5392480,5328480,5408480,0,0,0,1,2,0,0,2,1,0,0,0
FluencyBank,87,51,5502560,5550560,5486560,5566560,0,0,1,0,0,0,0,3,2,0,0,0
FluencyBank,87,52,5527200,5575200,5511200,5591200,0,0,0,2,0,0,0,2,1,0,0,0
FluencyBank,87,53,5553120,5601120,5537120,5617120,0,0,0,0,2,1,0,3,0,0,0,0
FluencyBank,87,54,622240,670240,606240,686240,0,0,0,1,3,0,0,3,0,0,0,0
FluencyBank,87,55,652480,700480,636480,716480,0,0,0,0,3,0,0,3,0,0,0,0
FluencyBank,87,56,5617600,5665600,5601600,5681600,0,0,0,0,2,1,0,2,0,0,0,0
FluencyBank,87,57,5683360,5731360,5667360,5747360,0,0,0,0,2,1,0,1,0,0,0,0
FluencyBank,87,58,5739840,5787840,5723840,5803840,0,0,0,0,3,0,0,2,0,0,0,0
FluencyBank,87,59,5829760,5877760,5813760,5893760,0,0,0,1,2,0,0,2,0,0,0,0
FluencyBank,87,60,5860480,5908480,5844480,5924480,0,0,1,0,0,0,0,3,2,0,0,0
FluencyBank,87,61,5893440,5941440,5877440,5957440,0,0,0,1,2,0,0,3,0,0,0,0
FluencyBank,87,62,6215200,6263200,6199200,6279200,0,0,0,0,2,3,0,3,0,0,0,0
FluencyBank,87,63,6241280,6289280,6225280,6305280,0,0,0,0,0,2,0,3,1,0,0,0
FluencyBank,87,64,6280800,6328800,6264800,6344800,0,0,1,1,3,3,0,0,0,0,0,0
FluencyBank,87,65,6541280,6589280,6525280,6605280,0,0,0,0,2,0,0,2,1,0,0,0
FluencyBank,87,66,6566080,6614080,6550080,6630080,0,0,0,0,2,1,0,3,0,0,0,0
FluencyBank,87,67,6612800,6660800,6596800,6676800,0,0,0,0,3,0,0,3,0,0,0,0
FluencyBank,87,68,6639200,6687200,6623200,6703200,0,0,1,0,0,0,0,2,2,1,0,0
FluencyBank,87,69,6659360,6707360,6643360,6723360,0,0,2,0,0,0,0,3,1,0,0,0
FluencyBank,87,70,707040,755040,691040,771040,0,0,0,0,2,1,0,2,0,0,0,0
FluencyBank,87,71,6671200,6719200,6655200,6735200,0,0,1,0,0,1,0,3,1,0,0,0
FluencyBank,87,72,6732800,6780800,6716800,6796800,0,0,0,1,0,1,0,2,1,1,0,0
FluencyBank,87,73,7000320,7048320,6984320,7064320,0,0,1,0,2,1,1,2,0,1,0,0
FluencyBank,87,74,7029120,7077120,7013120,7093120,0,0,1,1,0,0,0,2,1,1,0,0
FluencyBank,87,75,7103040,7151040,7087040,7167040,0,0,1,0,3,0,0,1,0,0,0,0
FluencyBank,87,76,7168640,7216640,7152640,7232640,0,0,0,0,3,0,0,0,0,0,0,0
FluencyBank,87,77,7224320,7272320,7208320,7288320,0,0,1,0,3,0,0,2,0,0,0,0
FluencyBank,87,78,7250560,7298560,7234560,7314560,0,0,1,0,0,1,0,3,1,0,0,0
FluencyBank,87,79,7275360,7323360,7259360,7339360,0,0,1,0,0,0,1,2,2,0,0,0
FluencyBank,87,80,7300320,7348320,7284320,7364320,0,0,0,0,0,0,0,3,3,0,0,0
FluencyBank,87,81,7323840,7371840,7307840,7387840,0,0,0,1,0,0,0,3,2,1,0,0
FluencyBank,87,82,7591520,7639520,7575520,7655520,0,0,0,0,0,0,0,0,3,0,0,0
FluencyBank,87,83,7617120,7665120,7601120,7681120,0,0,0,0,0,2,0,3,1,1,0,0
FluencyBank,87,84,772480,820480,756480,836480,0,0,0,1,0,1,0,3,2,0,0,0
FluencyBank,87,85,800640,848640,784640,864640,0,0,1,0,0,0,0,3,2,1,0,0
FluencyBank,87,86,7755360,7803360,7739360,7819360,0,0,0,1,3,0,0,3,0,1,0,0
FluencyBank,87,87,7780640,7828640,7764640,7844640,0,0,0,1,2,0,0,2,0,2,0,0
FluencyBank,87,88,7830560,7878560,7814560,7894560,0,0,0,0,3,1,0,1,0,0,0,0
FluencyBank,87,89,7861760,7909760,7845760,7925760,0,0,0,1,3,2,0,2,0,0,0,0
FluencyBank,87,90,8254880,8302880,8238880,8318880,0,0,0,3,0,0,0,2,0,0,0,0
FluencyBank,87,91,8279040,8327040,8263040,8343040,0,0,1,0,3,0,0,0,0,0,0,0
FluencyBank,87,92,8338240,8386240,8322240,8402240,0,0,0,0,2,3,0,0,0,0,0,0
FluencyBank,87,93,8605600,8653600,8589600,8669600,0,0,0,0,0,0,0,0,3,0,0,0
FluencyBank,87,94,8640320,8688320,8624320,8704320,0,0,0,0,0,0,0,1,3,0,0,0
FluencyBank,87,95,8685440,8733440,8669440,8749440,0,0,2,0,0,0,0,3,1,0,0,0
FluencyBank,87,96,8722560,8770560,8706560,8786560,0,0,0,0,0,0,0,0,3,0,0,0
FluencyBank,87,97,8746080,8794080,8730080,8810080,0,0,0,0,2,0,0,3,1,0,0,0
FluencyBank,87,98,8831520,8879520,8815520,8895520,0,0,0,0,0,0,0,3,3,0,0,0
FluencyBank,87,99,8857280,8905280,8841280,8921280,0,0,0,0,2,3,0,2,0,0,0,0
FluencyBank,87,100,9061280,9109280,9045280,9125280,0,0,0,0,2,2,0,2,0,0,0,0
FluencyBank,87,101,9086880,9134880,9070880,9150880,0,0,0,0,0,0,0,2,3,0,0,0
FluencyBank,87,102,879840,927840,863840,943840,0,0,1,0,0,0,0,2,2,1,0,0
FluencyBank,87,103,906240,954240,890240,970240,0,0,0,0,0,3,0,3,0,0,0,0
FluencyBank,87,104,9137920,9185920,9121920,9201920,0,0,1,1,2,1,0,1,0,0,0,0
FluencyBank,87,105,9163360,9211360,9147360,9227360,0,0,0,0,3,0,0,2,0,0,0,0
FluencyBank,87,106,9205280,9253280,9189280,9269280,0,0,0,0,3,0,0,3,0,0,0,0
FluencyBank,87,107,9230400,9278400,9214400,9294400,0,0,1,2,0,0,0,3,1,0,0,0
FluencyBank,87,108,9494080,9542080,9478080,9558080,0,0,0,1,3,0,0,1,0,0,0,0
FluencyBank,87,109,9523680,9571680,9507680,9587680,0,0,0,0,0,1,0,3,2,0,0,0
FluencyBank,87,110,9551040,9599040,9535040,9615040,0,0,0,1,0,0,0,3,2,0,0,0
FluencyBank,87,111,9600960,9648960,9584960,9664960,0,0,0,0,3,0,0,3,0,0,0,0
FluencyBank,87,112,9625760,9673760,9609760,9689760,0,0,0,1,3,1,0,0,0,0,0,0
FluencyBank,87,113,1012480,1060480,996480,1076480,0,0,0,1,3,0,0,2,0,0,0,0
FluencyBank,87,114,987680,1035680,971680,1051680,0,0,1,1,3,0,0,2,0,0,0,0
FluencyBank,87,115,1357920,1405920,1341920,1421920,0,0,1,0,0,0,0,3,2,0,0,0
FluencyBank,87,116,1382400,1430400,1366400,1446400,0,0,1,0,0,1,0,3,1,0,0,0
FluencyBank,87,117,1409920,1457920,1393920,1473920,0,0,0,0,2,1,0,2,0,0,0,0
FluencyBank,89,0,5600,53600,-10400,69600,0,0,1,1,1,0,0,0,0,0,0,0
FluencyBank,89,1,1473760,1521760,1457760,1537760,0,0,0,0,0,3,0,2,0,0,0,0
FluencyBank,89,2,1505440,1553440,1489440,1569440,0,0,0,0,1,3,0,3,0,0,0,0
FluencyBank,89,3,1585440,1633440,1569440,1649440,0,0,0,0,0,3,0,3,0,0,0,0
FluencyBank,89,4,1613600,1661600,1597600,1677600,0,0,0,0,0,0,0,1,3,1,0,0
FluencyBank,89,5,1708960,1756960,1692960,1772960,0,0,0,0,2,2,0,3,0,0,0,0
FluencyBank,89,6,1734080,1782080,1718080,1798080,0,0,0,0,1,1,0,3,1,0,0,0
FluencyBank,89,7,1753920,1801920,1737920,1817920,0,0,1,0,3,3,0,3,0,0,0,0
FluencyBank,89,8,1768160,1816160,1752160,1832160,0,0,0,0,2,3,1,3,0,0,0,0
FluencyBank,89,9,1845440,1893440,1829440,1909440,0,0,0,1,3,2,0,0,0,0,0,0
FluencyBank,89,10,1904640,1952640,1888640,1968640,0,0,3,0,0,0,0,0,0,0,0,0
FluencyBank,89,11,1967040,2015040,1951040,2031040,0,0,0,2,1,0,1,1,0,0,0,0
FluencyBank,89,12,2056320,2104320,2040320,2120320,0,0,0,0,0,0,0,3,3,0,0,0
FluencyBank,89,13,2080960,2128960,2064960,2144960,0,0,0,2,0,2,0,3,0,0,0,0
FluencyBank,89,14,2097120,2145120,2081120,2161120,0,0,0,2,0,3,0,2,0,0,0,0
FluencyBank,89,15,25600,73600,9600,89600,0,0,0,0,3,1,0,1,0,0,0,0
FluencyBank,89,16,2469760,2517760,2453760,2533760,0,0,0,0,0,3,0,2,0,1,0,0
FluencyBank,89,17,2495680,2543680,2479680,2559680,0,0,0,0,0,0,0,3,3,0,0,0
FluencyBank,89,18,2520000,2568000,2504000,2584000,0,0,0,0,1,0,1,3,2,0,0,0
FluencyBank,89,19,2573920,2621920,2557920,2637920,0,0,0,0,2,0,0,2,1,0,0,0
FluencyBank,89,20,2652160,2700160,2636160,2716160,0,0,0,0,0,1,0,3,2,1,0,0
FluencyBank,89,21,2679200,2727200,2663200,2743200,1,0,0,0,1,2,0,3,0,0,0,0
FluencyBank,89,22,2743040,2791040,2727040,2807040,0,0,0,0,0,0,0,2,3,0,0,0
FluencyBank,89,23,2768480,2816480,2752480,2832480,0,0,0,0,0,3,0,3,0,0,0,0
FluencyBank,89,24,2860960,2908960,2844960,2924960,0,0,0,0,0,1,0,3,2,1,0,0
FluencyBank,89,25,2885760,2933760,2869760,2949760,0,0,1,2,0,0,0,3,1,0,0,0
FluencyBank,89,26,2995040,3043040,2979040,3059040,0,0,0,0,1,2,0,1,0,0,0,0
FluencyBank,89,27,3064960,3112960,3048960,3128960,0,0,0,1,1,1,0,1,0,0,0,0
FluencyBank,89,28,3221120,3269120,3205120,3285120,0,0,0,3,0,0,0,0,0,0,0,0
FluencyBank,89,29,3255360,3303360,3239360,3319360,0,0,0,0,0,0,0,3,3,0,0,0
FluencyBank,89,30,3589280,3637280,3573280,3653280,0,0,0,0,0,0,0,3,3,1,0,0
FluencyBank,89,31,3614240,3662240,3598240,3678240,0,0,0,0,0,0,0,2,3,0,0,0
FluencyBank,89,32,3838400,3886400,3822400,3902400,0,0,0,0,2,1,0,3,0,0,0,0
FluencyBank,89,33,3863040,3911040,3847040,3927040,0,0,0,0,1,3,1,2,0,0,0,0
FluencyBank,89,34,303520,351520,287520,367520,0,0,1,1,1,0,0,0,0,0,0,0
FluencyBank,89,35,330560,378560,314560,394560,0,0,0,1,1,1,0,0,0,0,0,0
FluencyBank,89,36,3939520,3987520,3923520,4003520,0,0,0,0,0,0,0,0,3,1,0,0
FluencyBank,89,37,3964160,4012160,3948160,4028160,0,0,0,0,0,0,0,3,3,2,0,0
FluencyBank,89,38,3991520,4039520,3975520,4055520,0,0,1,2,0,1,0,2,0,0,0,0
FluencyBank,89,39,4036320,4084320,4020320,4100320,0,0,0,0,0,0,0,1,3,0,0,0
FluencyBank,89,40,4061760,4109760,4045760,4125760,0,0,0,1,2,1,0,0,0,0,0,0
FluencyBank,89,41,4115360,4163360,4099360,4179360,0,0,0,2,0,0,0,0,1,0,0,0
FluencyBank,89,42,4171840,4219840,4155840,4235840,0,0,0,0,1,0,0,2,2,1,0,0
FluencyBank,89,43,4199520,4247520,4183520,4263520,1,0,0,1,1,0,1,2,1,1,0,0
FluencyBank,89,44,4654400,4702400,4638400,4718400,1,0,0,0,0,0,1,0,2,1,0,0
FluencyBank,89,45,4684320,4732320,4668320,4748320,0,0,0,0,0,0,0,1,3,0,0,0
FluencyBank,89,46,4832640,4880640,4816640,4896640,0,0,0,0,0,3,0,3,0,0,0,0
FluencyBank,89,47,4860800,4908800,4844800,4924800,0,0,0,1,0,0,0,3,2,0,0,0
FluencyBank,89,48,4900960,4948960,4884960,4964960,0,0,0,0,0,0,0,2,3,0,0,0
FluencyBank,89,49,5143840,5191840,5127840,5207840,0,0,0,0,0,0,0,2,3,1,0,0
FluencyBank,89,50,5170080,5218080,5154080,5234080,0,0,0,1,1,0,0,2,1,1,0,0
FluencyBank,89,51,5256640,5304640,5240640,5320640,0,0,0,0,0,0,0,3,3,1,0,0
FluencyBank,89,52,5284480,5332480,5268480,5348480,0,0,0,0,1,2,0,3,0,0,0,0
FluencyBank,89,53,633600,681600,617600,697600,0,0,0,0,0,0,0,0,3,0,0,0
FluencyBank,89,54,660800,708800,644800,724800,0,0,0,0,0,0,0,3,3,0,0,0
FluencyBank,89,55,5465600,5513600,5449600,5529600,0,0,0,0,0,2,0,0,1,0,0,0
FluencyBank,89,56,5525280,5573280,5509280,5589280,0,0,0,1,2,0,1,0,0,0,0,0
FluencyBank,89,57,5559200,5607200,5543200,5623200,0,0,0,1,3,0,0,0,0,0,0,0
FluencyBank,89,58,5669760,5717760,5653760,5733760,0,0,1,2,3,0,0,0,0,0,0,0
FluencyBank,89,59,5702240,5750240,5686240,5766240,0,0,0,0,0,3,0,1,0,0,0,0
FluencyBank,89,60,5748800,5796800,5732800,5812800,0,0,0,1,0,2,0,0,0,0,0,0
FluencyBank,89,61,5780160,5828160,5764160,5844160,0,0,0,0,0,0,0,0,3,0,0,0
FluencyBank,89,62,5836480,5884480,5820480,5900480,0,0,0,1,0,0,0,3,2,0,0,0
FluencyBank,89,63,5865440,5913440,5849440,5929440,0,0,0,0,2,0,0,0,1,0,0,0
FluencyBank,89,64,6156160,6204160,6140160,6220160,0,0,0,0,0,0,0,0,3,0,0,0
FluencyBank,89,65,6181440,6229440,6165440,6245440,0,0,0,0,0,0,0,0,3,1,0,0
FluencyBank,89,66,6239200,6287200,6223200,6303200,0,0,0,0,0,2,0,2,1,0,0,0
FluencyBank,89,67,6268320,6316320,6252320,6332320,0,0,0,0,0,2,0,3,2,0,0,0
FluencyBank,89,68,6312320,6360320,6296320,6376320,1,0,0,0,1,1,0,0,1,0,0,0
FluencyBank,89,69,6351040,6399040,6335040,6415040,0,0,0,2,0,0,1,0,1,0,0,0
FluencyBank,89,70,6471360,6519360,6455360,6535360,1,0,2,0,0,0,1,0,1,0,0,0
FluencyBank,89,71,6510880,6558880,6494880,6574880,0,0,0,0,1,3,0,2,0,0,0,0
FluencyBank,89,72,710560,758560,694560,774560,0,0,0,0,2,1,0,2,0,0,0,0
FluencyBank,89,73,6560320,6608320,6544320,6624320,0,0,1,0,0,0,0,0,2,1,0,0
FluencyBank,89,74,6589440,6637440,6573440,6653440,0,0,0,0,0,2,0,0,1,0,0,0
FluencyBank,89,75,6722720,6770720,6706720,6786720,0,0,0,0,0,0,0,0,3,0,0,0
FluencyBank,89,76,6772000,6820000,6756000,6836000,0,0,0,1,2,2,0,0,0,0,0,0
FluencyBank,89,77,6832960,6880960,6816960,6896960,1,0,0,0,1,1,1,0,1,0,0,0
FluencyBank,89,78,6902080,6950080,6886080,6966080,0,0,1,1,2,1,0,0,0,0,0,0
FluencyBank,89,79,7007200,7055200,6991200,7071200,0,0,1,0,3,0,0,1,0,0,0,0
FluencyBank,89,80,7049280,7097280,7033280,7113280,0,0,0,0,0,1,0,2,2,0,0,0
FluencyBank,89,81,7170560,7218560,7154560,7234560,0,0,0,0,0,3,0,0,0,0,0,0
FluencyBank,89,82,7215200,7263200,7199200,7279200,0,0,0,0,0,1,0,3,2,0,0,0
FluencyBank,89,83,7245760,7293760,7229760,7309760,0,0,0,0,0,0,0,3,3,0,0,0
FluencyBank,89,84,7257120,7305120,7241120,7321120,0,0,0,0,0,1,0,3,2,0,0,0
FluencyBank,89,85,7284000,7332000,7268000,7348000,0,0,1,1,1,0,0,0,0,0,0,0
FluencyBank,89,86,7304960,7352960,7288960,7368960,0,0,0,1,1,3,0,2,0,0,0,0
FluencyBank,89,87,1022080,1070080,1006080,1086080,0,0,0,0,0,0,0,2,3,0,0,0
FluencyBank,89,88,996320,1044320,980320,1060320,0,0,0,1,0,0,0,0,2,0,0,0
FluencyBank,89,89,7344320,7392320,7328320,7408320,0,0,0,0,0,0,0,2,3,0,0,0
FluencyBank,89,90,7372480,7420480,7356480,7436480,0,0,0,0,0,3,0,3,0,0,0,0
FluencyBank,89,91,7456000,7504000,7440000,7520000,0,0,0,0,0,3,0,1,0,0,0,0
FluencyBank,89,92,7480320,7528320,7464320,7544320,0,0,0,0,0,1,0,2,2,0,0,0
FluencyBank,89,93,7628320,7676320,7612320,7692320,0,0,0,0,3,0,0,3,0,0,0,0
FluencyBank,89,94,7655040,7703040,7639040,7719040,0,0,0,0,0,0,0,2,3,1,0,0
FluencyBank,89,95,7685600,7733600,7669600,7749600,0,0,0,1,1,1,1,0,0,0,0,0
FluencyBank,89,96,7706720,7754720,7690720,7770720,1,0,1,1,0,1,1,2,0,0,0,0
FluencyBank,89,97,7723200,7771200,7707200,7787200,0,0,0,0,3,3,0,3,0,0,0,0
FluencyBank,89,98,7781120,7829120,7765120,7845120,0,0,0,0,0,0,0,2,3,0,0,0
FluencyBank,89,99,7882560,7930560,7866560,7946560,0,0,0,0,0,3,0,3,0,0,0,0
FluencyBank,89,100,7908800,7956800,7892800,7972800,0,0,0,0,0,0,0,3,3,0,0,0
FluencyBank,89,101,7991200,8039200,7975200,8055200,0,0,0,0,0,2,0,3,1,0,0,0
FluencyBank,89,102,8022080,8070080,8006080,8086080,0,0,1,0,0,3,0,3,0,0,0,0
FluencyBank,89,103,8047200,8095200,8031200,8111200,0,0,0,0,1,3,0,2,0,0,0,0
FluencyBank,89,104,1095360,1143360,1079360,1159360,0,0,0,0,0,0,0,0,3,0,0,0
FluencyBank,89,105,1127680,1175680,1111680,1191680,0,0,0,1,1,0,0,2,1,0,0,0
FluencyBank,89,106,8111680,8159680,8095680,8175680,1,0,0,0,1,1,0,0,1,0,0,0
FluencyBank,89,107,8136160,8184160,8120160,8200160,0,0,0,0,0,3,0,0,0,0,0,0
FluencyBank,89,108,8398400,8446400,8382400,8462400,0,0,0,0,0,0,0,0,3,0,0,0
FluencyBank,89,109,8472000,8520000,8456000,8536000,0,0,0,0,0,0,0,0,3,0,0,0
FluencyBank,89,110,8608640,8656640,8592640,8672640,0,0,3,0,0,0,0,0,0,0,0,0
FluencyBank,89,111,8641920,8689920,8625920,8705920,0,0,0,0,0,0,0,2,3,0,0,0
FluencyBank,89,112,8699040,8747040,8683040,8763040,0,0,0,1,2,2,0,3,0,1,0,0
FluencyBank,89,113,8729280,8777280,8713280,8793280,1,0,0,0,0,0,0,1,3,0,0,0
FluencyBank,89,114,9146400,9194400,9130400,9210400,0,0,0,0,0,2,0,2,1,1,0,0
FluencyBank,89,115,9176000,9224000,9160000,9240000,0,0,0,0,0,0,0,3,3,0,0,0
FluencyBank,89,116,9192160,9240160,9176160,9256160,0,0,0,0,0,3,0,3,0,0,0,0
FluencyBank,89,117,9248960,9296960,9232960,9312960,0,0,0,0,0,0,0,0,3,2,0,0
FluencyBank,89,118,9276640,9324640,9260640,9340640,0,0,0,0,0,0,0,0,3,0,0,0
FluencyBank,89,119,9460960,9508960,9444960,9524960,0,0,0,0,0,0,0,3,3,0,0,0
FluencyBank,89,120,9506080,9554080,9490080,9570080,0,0,1,0,1,0,0,3,2,0,0,0
FluencyBank,89,121,9555200,9603200,9539200,9619200,0,0,2,0,0,0,0,2,1,0,0,0
FluencyBank,89,122,9602720,9650720,9586720,9666720,0,0,3,0,0,0,0,0,0,0,0,0
FluencyBank,89,123,9630080,9678080,9614080,9694080,0,0,1,0,0,0,0,2,3,0,0,0
FluencyBank,89,124,1324160,1372160,1308160,1388160,0,0,0,0,0,1,1,1,2,0,0,0
FluencyBank,89,125,1356640,1404640,1340640,1420640,0,0,0,1,0,0,0,3,2,0,0,0
FluencyBank,89,126,9736960,9784960,9720960,9800960,0,0,0,0,3,0,0,0,0,0,0,0
FluencyBank,89,127,9780800,9828800,9764800,9844800,0,0,0,0,3,0,0,3,1,0,0,0
FluencyBank,89,128,9833280,9881280,9817280,9897280,0,0,0,1,1,0,0,1,1,0,0,0
FluencyBank,89,129,10025120,10073120,10009120,10089120,0,0,0,0,0,3,0,0,0,1,0,0
FluencyBank,89,130,10050080,10098080,10034080,10114080,0,0,0,0,0,0,0,3,3,0,0,0
FluencyBank,89,131,10080960,10128960,10064960,10144960,0,0,0,0,0,0,0,3,3,0,0,0
FluencyBank,89,132,10130560,10178560,10114560,10194560,0,0,0,0,1,2,0,3,0,0,0,0
FluencyBank,89,133,10157120,10205120,10141120,10221120,0,0,0,1,0,0,0,3,2,1,0,0
FluencyBank,89,134,10250080,10298080,10234080,10314080,0,0,0,0,2,0,0,0,1,0,0,0
FluencyBank,89,135,10301600,10349600,10285600,10365600,2,0,0,1,0,0,1,0,2,0,0,0
FluencyBank,89,136,10320320,10368320,10304320,10384320,0,0,0,0,0,0,1,0,3,0,0,0
FluencyBank,89,137,1388000,1436000,1372000,1452000,0,0,1,0,0,0,0,2,2,0,0,0
FluencyBank,89,138,1439520,1487520,1423520,1503520,0,0,1,1,0,0,0,2,1,0,0,0
FluencyBank,93,0,15840,63840,-160,79840,0,0,0,0,0,0,1,0,3,0,0,0
FluencyBank,93,1,1093440,1141440,1077440,1157440,0,0,0,0,0,0,0,0,3,0,0,0
FluencyBank,93,2,1130880,1178880,1114880,1194880,0,0,0,0,0,0,1,0,3,0,0,0
FluencyBank,93,3,1145920,1193920,1129920,1209920,0,0,2,0,0,0,2,0,1,0,0,0
FluencyBank,93,4,1161120,1209120,1145120,1225120,0,0,3,0,0,0,1,0,0,0,0,0
FluencyBank,93,5,1239200,1287200,1223200,1303200,0,0,0,1,2,0,0,0,0,1,0,0
FluencyBank,93,6,1263520,1311520,1247520,1327520,0,0,0,0,0,1,0,0,2,0,0,0
FluencyBank,93,7,1336800,1384800,1320800,1400800,0,0,0,0,0,0,0,0,3,0,0,0
FluencyBank,93,8,1404160,1452160,1388160,1468160,0,0,0,0,0,0,0,0,3,0,0,0
FluencyBank,93,9,1472800,1520800,1456800,1536800,0,0,2,0,3,1,0,1,0,0,0,0
FluencyBank,93,10,1497920,1545920,1481920,1561920,0,0,2,1,2,1,0,1,0,0,0,0
FluencyBank,93,11,1567680,1615680,1551680,1631680,0,0,2,0,0,0,0,0,1,0,0,0
FluencyBank,93,12,1609120,1657120,1593120,1673120,1,0,0,0,1,0,0,0,2,0,0,0
FluencyBank,93,13,1751520,1799520,1735520,1815520,0,0,0,0,0,0,0,0,3,3,0,0
FluencyBank,93,14,1778880,1826880,1762880,1842880,0,0,0,0,0,0,0,0,3,1,0,0
FluencyBank,93,15,1832160,1880160,1816160,1896160,0,0,0,0,0,0,0,3,3,0,0,0
FluencyBank,93,16,1909760,1957760,1893760,1973760,0,0,1,1,0,0,0,0,1,0,0,0
FluencyBank,93,17,1968000,2016000,1952000,2032000,0,0,3,0,0,0,0,0,0,0,0,0
FluencyBank,93,18,56480,104480,40480,120480,0,0,1,0,0,0,1,0,2,0,0,0
FluencyBank,93,19,2188000,2236000,2172000,2252000,0,0,0,1,0,0,0,0,2,0,0,0
FluencyBank,93,20,2210720,2258720,2194720,2274720,0,0,0,0,0,0,0,0,3,0,0,0
FluencyBank,93,21,2272640,2320640,2256640,2336640,0,0,0,0,0,0,0,0,3,2,0,0
FluencyBank,93,22,2294560,2342560,2278560,2358560,0,0,0,0,0,0,0,1,3,0,0,0
FluencyBank,93,23,2316640,2364640,2300640,2380640,0,0,0,0,0,0,0,0,3,1,0,0
FluencyBank,93,24,2368480,2416480,2352480,2432480,0,0,0,0,0,0,0,0,3,0,0,0
FluencyBank,93,25,2411360,2459360,2395360,2475360,0,0,0,0,0,0,0,0,3,1,0,0
FluencyBank,93,26,2443360,2491360,2427360,2507360,0,0,0,0,3,0,0,0,0,0,0,0
FluencyBank,93,27,2461920,2509920,2445920,2525920,0,0,0,1,2,1,0,1,0,0,0,0
FluencyBank,93,28,2565280,2613280,2549280,2629280,0,0,3,1,2,0,0,0,0,0,0,0
FluencyBank,93,29,2589600,2637600,2573600,2653600,0,0,0,0,3,0,0,0,0,0,0,0
FluencyBank,93,30,2597600,2645600,2581600,2661600,0,0,0,0,3,1,0,0,0,0,0,0
FluencyBank,93,31,2671680,2719680,2655680,2735680,0,0,2,0,0,0,0,1,1,0,0,0
FluencyBank,93,32,2697120,2745120,2681120,2761120,0,0,1,1,2,0,0,0,0,0,0,0
FluencyBank,93,33,3279680,3327680,3263680,3343680,0,0,0,0,0,0,0,0,3,2,0,0
FluencyBank,93,34,3303200,3351200,3287200,3367200,0,0,0,0,0,1,0,1,2,2,0,0
FluencyBank,93,35,107040,155040,91040,171040,0,0,0,1,2,0,0,0,0,0,0,0
FluencyBank,93,36,3418720,3466720,3402720,3482720,0,0,0,0,0,0,0,0,3,1,0,0
FluencyBank,93,37,3440640,3488640,3424640,3504640,0,0,0,0,0,0,0,0,3,2,0,0
FluencyBank,93,38,3481440,3529440,3465440,3545440,0,0,0,0,0,0,0,0,3,0,0,0
FluencyBank,93,39,3617440,3665440,3601440,3681440,0,0,0,0,0,0,0,0,3,0,0,0
FluencyBank,93,40,3644960,3692960,3628960,3708960,0,0,0,0,0,0,0,0,3,0,0,0
FluencyBank,93,41,3692960,3740960,3676960,3756960,0,0,3,0,0,0,0,0,0,0,0,0
FluencyBank,93,42,3709920,3757920,3693920,3773920,0,0,2,1,3,0,0,0,0,0,0,0
FluencyBank,93,43,3814720,3862720,3798720,3878720,0,0,1,0,2,0,0,1,0,0,0,0
FluencyBank,93,44,3848160,3896160,3832160,3912160,0,0,0,0,0,0,0,0,3,0,0,0
FluencyBank,93,45,4011840,4059840,3995840,4075840,0,0,0,0,0,0,0,0,3,0,0,0
FluencyBank,93,46,4034400,4082400,4018400,4098400,1,0,3,0,0,0,0,0,0,0,0,0
FluencyBank,93,47,4152320,4200320,4136320,4216320,0,0,0,0,0,0,0,0,3,0,0,0
FluencyBank,93,48,4175040,4223040,4159040,4239040,0,0,0,0,0,0,0,3,3,0,0,0
FluencyBank,93,49,4344640,4392640,4328640,4408640,1,0,0,0,0,1,0,2,1,0,0,0
FluencyBank,93,50,4370400,4418400,4354400,4434400,0,0,0,0,0,0,0,0,3,0,0,0
FluencyBank,93,51,4462880,4510880,4446880,4526880,0,0,0,0,0,0,0,0,3,0,0,0
FluencyBank,93,52,4513280,4561280,4497280,4577280,0,0,1,0,0,0,0,0,2,0,0,0
FluencyBank,93,53,213600,261600,197600,277600,0,0,3,0,1,1,0,1,0,0,0,0
FluencyBank,93,54,239680,287680,223680,303680,0,0,1,0,3,1,0,2,0,0,0,0
FluencyBank,93,55,4641440,4689440,4625440,4705440,1,0,0,0,1,0,0,0,2,0,0,0
FluencyBank,93,56,4721440,4769440,4705440,4785440,0,0,3,0,0,0,0,0,0,0,0,0
FluencyBank,93,57,4850240,4898240,4834240,4914240,0,0,0,0,3,0,0,1,0,0,0,0
FluencyBank,93,58,4872640,4920640,4856640,4936640,0,0,0,0,3,0,0,1,0,0,0,0
FluencyBank,93,59,4887520,4935520,4871520,4951520,0,0,0,1,1,0,0,0,1,1,0,0
FluencyBank,93,60,5016800,5064800,5000800,5080800,0,0,0,1,2,0,0,0,0,1,0,0
FluencyBank,93,61,5043360,5091360,5027360,5107360,0,0,2,1,0,0,0,0,1,0,0,0
FluencyBank,93,62,5244480,5292480,5228480,5308480,0,0,2,0,0,0,0,0,1,1,0,0
FluencyBank,93,63,5269120,5317120,5253120,5333120,0,0,0,2,0,0,0,0,1,1,0,0
FluencyBank,93,64,5312640,5360640,5296640,5376640,0,0,1,0,0,0,0,0,2,1,0,0
FluencyBank,93,65,5335520,5383520,5319520,5399520,0,0,0,0,0,0,0,0,3,0,0,0
FluencyBank,93,66,5427040,5475040,5411040,5491040,0,0,0,0,1,0,0,0,2,1,0,0
FluencyBank,93,67,5448960,5496960,5432960,5512960,0,0,0,0,0,0,0,0,3,1,0,0
FluencyBank,93,68,5499840,5547840,5483840,5563840,0,0,0,0,0,0,0,1,3,1,0,0
FluencyBank,93,69,5578880,5626880,5562880,5642880,0,0,0,1,0,0,0,0,2,1,0,0
FluencyBank,93,70,5602240,5650240,5586240,5666240,0,0,0,0,0,0,0,0,3,1,0,0
FluencyBank,93,71,342880,390880,326880,406880,0,0,2,1,0,1,0,1,0,0,0,0
FluencyBank,93,72,368800,416800,352800,432800,0,0,0,0,3,1,0,0,0,0,0,0
FluencyBank,93,73,5754720,5802720,5738720,5818720,0,0,0,0,3,0,0,0,0,0,0,0
FluencyBank,93,74,5777120,5825120,5761120,5841120,0,0,0,0,3,0,0,0,0,1,0,0
FluencyBank,93,75,5806080,5854080,5790080,5870080,0,0,0,0,0,0,0,1,3,1,0,0
FluencyBank,93,76,5913280,5961280,5897280,5977280,0,0,0,1,0,0,0,0,2,0,0,0
FluencyBank,93,77,5948160,5996160,5932160,6012160,0,0,0,1,0,0,0,0,2,0,0,0
FluencyBank,93,78,6026400,6074400,6010400,6090400,0,0,0,0,0,0,0,0,3,0,0,0
FluencyBank,93,79,6073440,6121440,6057440,6137440,0,0,2,0,0,0,0,3,1,0,0,0
FluencyBank,93,80,6157440,6205440,6141440,6221440,0,0,0,0,0,0,0,0,3,0,0,0
FluencyBank,93,81,6184160,6232160,6168160,6248160,0,0,0,0,0,0,1,0,3,0,0,0
FluencyBank,93,82,6213120,6261120,6197120,6277120,0,0,0,0,0,0,0,0,3,0,0,0
FluencyBank,93,83,6242560,6290560,6226560,6306560,0,0,0,0,0,0,0,0,3,0,0,0
FluencyBank,93,84,436000,484000,420000,500000,0,0,0,1,2,0,0,0,0,0,0,0
FluencyBank,93,85,459680,507680,443680,523680,0,0,0,0,0,0,0,0,3,1,0,0
FluencyBank,93,86,492160,540160,476160,556160,0,0,0,1,0,0,0,0,2,1,0,0
FluencyBank,93,87,563360,611360,547360,627360,0,0,0,0,0,0,0,0,3,0,0,0
FluencyBank,93,88,595840,643840,579840,659840,0,0,0,0,0,0,0,0,3,0,0,0
FluencyBank,93,89,678240,726240,662240,742240,0,0,0,1,1,1,0,0,1,1,0,0
FluencyBank,93,90,700000,748000,684000,764000,0,0,0,0,0,0,0,0,3,0,0,0
FluencyBank,93,91,820800,868800,804800,884800,0,0,0,0,0,0,0,0,3,1,0,0
FluencyBank,93,92,845280,893280,829280,909280,1,0,0,2,0,0,0,0,1,0,0,0
FluencyBank,96,0,152160,200160,136160,216160,0,0,2,1,0,0,0,1,0,0,0,0
FluencyBank,96,1,1768320,1816320,1752320,1832320,0,0,0,0,0,1,0,3,2,0,0,0
FluencyBank,96,2,1804640,1852640,1788640,1868640,0,0,0,0,1,2,0,0,1,0,0,0
FluencyBank,96,3,1928480,1976480,1912480,1992480,0,0,0,0,0,0,0,0,3,0,0,0
FluencyBank,96,4,1969920,2017920,1953920,2033920,0,0,0,0,0,0,0,0,3,0,0,0
FluencyBank,96,5,1981440,2029440,1965440,2045440,0,0,0,0,0,0,0,0,3,0,0,0
FluencyBank,96,6,2017280,2065280,2001280,2081280,1,0,0,0,2,0,0,0,1,0,0,0
FluencyBank,96,7,2032000,2080000,2016000,2096000,0,0,0,1,2,0,0,0,1,0,0,0
FluencyBank,96,8,2168000,2216000,2152000,2232000,0,0,1,1,2,1,0,0,0,0,0,0
FluencyBank,96,9,2192960,2240960,2176960,2256960,0,0,2,1,0,0,0,3,1,0,0,0
FluencyBank,96,10,2418080,2466080,2402080,2482080,0,0,0,0,0,3,0,1,0,0,0,0
FluencyBank,96,11,2444480,2492480,2428480,2508480,0,0,0,1,1,0,0,0,1,0,0,0
FluencyBank,96,12,2486240,2534240,2470240,2550240,0,0,0,0,0,0,0,0,3,2,0,0
FluencyBank,96,13,2510400,2558400,2494400,2574400,0,0,0,0,0,0,0,0,3,1,0,0
FluencyBank,96,14,2552640,2600640,2536640,2616640,0,0,2,1,0,0,0,2,0,1,0,0
FluencyBank,96,15,2574560,2622560,2558560,2638560,0,0,0,0,0,0,0,0,3,0,0,0
FluencyBank,96,16,597600,645600,581600,661600,0,0,0,0,2,0,0,2,1,0,0,0
FluencyBank,96,17,622560,670560,606560,686560,0,0,0,0,0,0,0,3,3,0,0,0
FluencyBank,96,18,2633440,2681440,2617440,2697440,0,0,0,0,0,0,0,0,3,1,0,0
FluencyBank,96,19,2671520,2719520,2655520,2735520,0,0,0,0,0,0,0,0,3,2,0,0
FluencyBank,96,20,2699200,2747200,2683200,2763200,0,0,0,0,0,0,0,0,3,0,0,0
FluencyBank,96,21,2736160,2784160,2720160,2800160,0,0,0,0,0,0,0,0,3,1,0,0
FluencyBank,96,22,2763360,2811360,2747360,2827360,1,0,0,0,0,0,0,0,2,0,0,0
FluencyBank,96,23,2813760,2861760,2797760,2877760,0,0,1,0,3,0,0,0,0,0,0,0
FluencyBank,96,24,2867200,2915200,2851200,2931200,0,0,0,0,0,1,0,0,2,0,0,0
FluencyBank,96,25,2893920,2941920,2877920,2957920,0,0,0,0,0,0,0,0,3,0,0,0
FluencyBank,96,26,2952000,3000000,2936000,3016000,0,0,0,1,0,0,0,0,2,0,0,0
FluencyBank,96,27,2984800,3032800,2968800,3048800,0,0,0,0,2,0,1,0,1,0,0,0
FluencyBank,96,28,3013280,3061280,2997280,3077280,0,0,0,1,3,0,0,1,0,0,0,0
FluencyBank,96,29,3204960,3252960,3188960,3268960,0,0,0,1,3,1,0,0,0,0,0,0
FluencyBank,96,30,3229120,3277120,3213120,3293120,0,0,1,3,2,1,0,1,0,1,0,0
FluencyBank,96,31,699680,747680,683680,763680,0,0,0,0,0,0,0,3,3,0,0,0
FluencyBank,96,32,752000,800000,736000,816000,0,0,0,0,1,0,0,0,2,0,0,0
FluencyBank,96,33,3408160,3456160,3392160,3472160,0,0,0,1,2,1,0,0,0,0,0,0
FluencyBank,96,34,3434400,3482400,3418400,3498400,0,0,1,1,2,0,0,0,0,0,0,0
FluencyBank,96,35,3471520,3519520,3455520,3535520,0,0,0,0,0,0,0,0,3,1,0,0
FluencyBank,96,36,3496320,3544320,3480320,3560320,0,0,0,0,2,2,0,1,0,0,0,0
FluencyBank,96,37,3560000,3608000,3544000,3624000,0,0,0,0,2,0,0,0,1,0,0,0
FluencyBank,96,38,3585920,3633920,3569920,3649920,0,0,0,0,3,0,0,1,0,0,0,0
FluencyBank,96,39,3628640,3676640,3612640,3692640,0,0,0,0,0,0,0,0,3,0,0,0
FluencyBank,96,40,3740160,3788160,3724160,3804160,0,0,0,0,0,3,0,1,0,0,0,0
FluencyBank,96,41,3769120,3817120,3753120,3833120,0,0,1,1,1,0,0,1,0,1,0,0
FluencyBank,96,42,3921600,3969600,3905600,3985600,0,0,0,2,0,0,0,2,1,0,0,0
FluencyBank,96,43,3965440,4013440,3949440,4029440,0,0,0,0,0,3,0,0,0,0,0,0
FluencyBank,96,44,4022560,4070560,4006560,4086560,0,0,0,0,0,0,0,1,3,0,0,0
FluencyBank,96,45,4078400,4126400,4062400,4142400,0,0,0,0,0,3,0,1,0,0,0,0
FluencyBank,96,46,4103840,4151840,4087840,4167840,0,0,0,0,1,2,0,1,0,1,0,0
FluencyBank,96,47,4132640,4180640,4116640,4196640,0,0,0,0,0,3,0,0,0,0,0,0
FluencyBank,96,48,4248320,4296320,4232320,4312320,0,0,2,1,2,0,0,0,0,0,0,0
FluencyBank,96,49,805120,853120,789120,869120,0,0,0,0,0,0,2,3,3,1,0,0
FluencyBank,96,50,829440,877440,813440,893440,0,0,0,0,0,0,1,2,3,0,0,0
FluencyBank,96,51,4395040,4443040,4379040,4459040,0,0,2,0,1,0,0,0,0,0,0,0
FluencyBank,96,52,4433600,4481600,4417600,4497600,0,0,1,0,0,0,0,0,2,0,0,0
FluencyBank,96,53,4475840,4523840,4459840,4539840,0,0,0,1,0,0,0,2,2,0,0,0
FluencyBank,96,54,4559680,4607680,4543680,4623680,0,0,0,0,0,0,0,0,3,1,0,0
FluencyBank,96,55,4584320,4632320,4568320,4648320,0,0,0,0,0,0,0,0,3,1,0,0
FluencyBank,96,56,4644160,4692160,4628160,4708160,0,0,1,0,0,0,0,0,2,0,0,0
FluencyBank,96,57,4666880,4714880,4650880,4730880,0,0,0,1,1,3,0,1,0,0,0,0
FluencyBank,96,58,4675680,4723680,4659680,4739680,0,0,1,1,1,3,0,1,0,1,0,0
FluencyBank,96,59,4753600,4801600,4737600,4817600,0,0,0,0,0,0,0,0,3,0,0,0
FluencyBank,96,60,4824160,4872160,4808160,4888160,0,0,3,0,0,0,0,0,0,0,0,0
FluencyBank,96,61,5094720,5142720,5078720,5158720,0,0,2,0,3,0,0,0,0,0,0,0
FluencyBank,96,62,5119040,5167040,5103040,5183040,0,0,0,1,2,0,0,0,0,0,0,0
FluencyBank,96,63,5141760,5189760,5125760,5205760,0,0,0,1,2,1,0,3,0,1,0,0
FluencyBank,96,64,5182240,5230240,5166240,5246240,0,0,0,0,0,0,0,2,3,0,0,0
FluencyBank,96,65,5213760,5261760,5197760,5277760,0,0,0,0,3,0,0,0,0,0,0,0
FluencyBank,96,66,1255520,1303520,1239520,1319520,0,0,0,0,1,0,1,1,2,0,0,0
FluencyBank,96,67,1287040,1335040,1271040,1351040,0,0,0,1,0,0,0,3,2,0,0,0
FluencyBank,96,68,5258720,5306720,5242720,5322720,0,0,0,0,0,0,0,2,3,0,0,0
FluencyBank,96,69,5283040,5331040,5267040,5347040,0,0,1,0,0,0,0,3,2,0,0,0
FluencyBank,96,70,5340960,5388960,5324960,5404960,0,0,1,1,0,0,0,2,1,1,0,0
FluencyBank,96,71,5364320,5412320,5348320,5428320,0,0,0,0,0,0,0,1,3,0,0,0
FluencyBank,96,72,5404160,5452160,5388160,5468160,0,0,1,1,0,1,0,3,1,0,0,0
FluencyBank,96,73,5427360,5475360,5411360,5491360,0,0,0,0,0,0,0,0,3,0,0,0
FluencyBank,96,74,5495200,5543200,5479200,5559200,0,0,0,0,3,0,0,0,0,0,0,0
FluencyBank,96,75,5537760,5585760,5521760,5601760,0,0,0,0,0,0,0,1,3,0,0,0
FluencyBank,96,76,5568960,5616960,5552960,5632960,0,0,0,1,2,3,0,0,0,0,0,0
FluencyBank,96,77,5617920,5665920,5601920,5681920,0,0,0,1,0,1,0,0,1,1,0,0
FluencyBank,96,78,5765600,5813600,5749600,5829600,0,0,1,1,1,0,0,0,0,0,0,0
FluencyBank,96,79,5793280,5841280,5777280,5857280,0,0,0,0,0,0,0,0,3,1,0,0
FluencyBank,96,80,5816960,5864960,5800960,5880960,0,0,0,0,0,0,0,0,3,0,0,0
FluencyBank,96,81,1380320,1428320,1364320,1444320,0,0,0,1,1,0,0,0,1,1,0,0
FluencyBank,96,82,1410400,1458400,1394400,1474400,0,0,0,1,0,0,0,2,2,0,0,0
FluencyBank,96,83,5855360,5903360,5839360,5919360,0,0,3,0,0,0,0,1,0,0,0,0
FluencyBank,96,84,5937600,5985600,5921600,6001600,0,0,0,1,0,0,0,0,2,0,0,0
FluencyBank,96,85,5977920,6025920,5961920,6041920,0,0,0,0,0,0,0,3,3,0,0,0
FluencyBank,96,86,6024480,6072480,6008480,6088480,0,0,0,0,0,1,0,0,2,2,0,0
FluencyBank,96,87,6057440,6105440,6041440,6121440,0,0,0,0,0,0,0,0,3,1,0,0
FluencyBank,96,88,6100800,6148800,6084800,6164800,1,0,0,0,1,0,0,0,2,0,0,0
FluencyBank,96,89,1455520,1503520,1439520,1519520,0,0,0,0,0,3,0,3,0,0,0,0
FluencyBank,96,90,1504800,1552800,1488800,1568800,0,0,0,0,0,0,0,0,3,1,0,0
FluencyBank,96,91,1532800,1580800,1516800,1596800,0,0,0,0,0,0,0,3,3,0,0,0
FluencyBank,96,92,1586880,1634880,1570880,1650880,0,0,0,0,2,1,0,0,0,0,0,0
FluencyBank,96,93,1667680,1715680,1651680,1731680,0,0,1,0,0,0,0,3,2,0,0,0
FluencyBank,96,94,1694240,1742240,1678240,1758240,0,0,0,0,0,0,0,3,3,1,0,0
FluencyBank,97,0,13280,61280,-2720,77280,0,0,0,1,0,0,0,0,2,1,0,0
FluencyBank,97,1,11665120,11713120,11649120,11729120,0,0,1,1,2,0,0,0,0,0,0,0
FluencyBank,97,2,11706240,11754240,11690240,11770240,0,0,0,1,2,0,1,0,0,0,0,0
FluencyBank,97,3,11734880,11782880,11718880,11798880,0,0,2,1,0,1,0,1,0,1,0,0
FluencyBank,97,4,11828320,11876320,11812320,11892320,0,0,0,0,0,0,0,0,3,0,0,0
FluencyBank,97,5,11888800,11936800,11872800,11952800,0,0,0,0,0,0,0,0,3,0,0,0
FluencyBank,97,6,11959520,12007520,11943520,12023520,0,0,0,1,1,0,0,1,1,0,0,0
FluencyBank,97,7,11991840,12039840,11975840,12055840,0,0,0,2,0,0,1,0,1,0,0,0
FluencyBank,97,8,12044320,12092320,12028320,12108320,0,0,0,1,2,1,2,1,0,0,0,0
FluencyBank,97,9,12102720,12150720,12086720,12166720,0,0,2,0,0,0,0,0,1,1,0,0
FluencyBank,97,10,12142560,12190560,12126560,12206560,0,0,0,0,0,0,0,0,3,0,0,0
FluencyBank,97,11,12338400,12386400,12322400,12402400,0,0,0,0,0,0,0,0,3,0,0,0
FluencyBank,97,12,12369760,12417760,12353760,12433760,0,0,0,2,1,0,0,0,0,1,0,0
FluencyBank,97,13,12429760,12477760,12413760,12493760,0,0,1,1,2,0,1,1,0,0,0,0
FluencyBank,97,14,12495200,12543200,12479200,12559200,0,0,2,0,1,0,0,0,0,0,0,0
FluencyBank,97,15,12526880,12574880,12510880,12590880,0,0,0,1,2,0,0,1,0,0,0,0
FluencyBank,97,16,12664160,12712160,12648160,12728160,0,0,0,0,3,0,0,0,0,0,0,0
FluencyBank,97,17,12710880,12758880,12694880,12774880,0,0,0,1,2,0,0,0,0,0,0,0
FluencyBank,97,18,1138240,1186240,1122240,1202240,0,0,0,1,2,0,0,1,0,0,0,0
FluencyBank,97,19,12801920,12849920,12785920,12865920,0,0,0,0,3,0,1,0,0,0,0,0
FluencyBank,97,20,12853440,12901440,12837440,12917440,0,0,2,0,2,0,0,0,0,1,0,0
FluencyBank,97,21,12974560,13022560,12958560,13038560,0,0,3,0,1,0,0,1,0,0,0,0
FluencyBank,97,22,13005440,13053440,12989440,13069440,0,0,3,3,1,0,0,0,0,0,0,0
FluencyBank,97,23,13053760,13101760,13037760,13117760,0,0,3,0,0,0,0,0,0,0,0,0
FluencyBank,97,24,13084160,13132160,13068160,13148160,1,0,0,1,1,0,2,0,1,0,0,0
FluencyBank,97,25,13129920,13177920,13113920,13193920,0,0,0,0,3,1,0,1,0,0,0,0
FluencyBank,97,26,13198880,13246880,13182880,13262880,0,0,2,0,0,0,0,0,1,0,0,0
FluencyBank,97,27,13275200,13323200,13259200,13339200,0,0,0,1,0,0,1,0,2,0,0,0
FluencyBank,97,28,13307840,13355840,13291840,13371840,0,0,0,2,2,0,0,0,0,0,0,0
FluencyBank,97,29,13367360,13415360,13351360,13431360,0,0,3,0,1,0,0,1,0,0,0,0
FluencyBank,97,30,13405600,13453600,13389600,13469600,0,0,3,0,0,0,0,0,0,0,0,0
FluencyBank,97,31,13491520,13539520,13475520,13555520,0,0,0,0,0,0,0,0,3,0,0,0
FluencyBank,97,32,13529760,13577760,13513760,13593760,1,0,0,0,1,0,2,0,2,0,0,0
FluencyBank,97,33,1229920,1277920,1213920,1293920,0,0,1,2,0,0,0,0,1,0,0,0
FluencyBank,97,34,1262240,1310240,1246240,1326240,0,0,1,0,0,3,0,0,0,0,0,0
FluencyBank,97,35,1524640,1572640,1508640,1588640,0,0,1,1,1,0,0,0,0,0,0,0
FluencyBank,97,36,1587680,1635680,1571680,1651680,1,0,0,1,1,0,2,0,0,0,0,0
FluencyBank,97,37,1615360,1663360,1599360,1679360,0,0,2,1,0,0,0,0,0,1,0,0
FluencyBank,97,38,1668480,1716480,1652480,1732480,0,0,1,0,0,0,0,0,2,0,0,0
FluencyBank,97,39,1699200,1747200,1683200,1763200,0,0,1,1,0,1,0,2,1,2,0,0
FluencyBank,97,40,1767680,1815680,1751680,1831680,0,0,0,0,0,0,0,0,3,0,0,0
FluencyBank,97,41,1797440,1845440,1781440,1861440,0,0,1,0,0,1,0,0,1,0,0,0
FluencyBank,97,42,1898880,1946880,1882880,1962880,0,0,1,1,1,0,0,1,0,0,0,0
FluencyBank,97,43,1956960,2004960,1940960,2020960,0,0,0,1,1,0,0,0,1,0,0,0
FluencyBank,97,44,2007680,2055680,1991680,2071680,0,0,1,1,1,0,0,1,0,0,0,0
FluencyBank,97,45,2059840,2107840,2043840,2123840,0,0,1,1,1,1,0,0,0,0,0,0
FluencyBank,97,46,2090400,2138400,2074400,2154400,0,0,0,0,0,0,0,0,3,0,0,0
FluencyBank,97,47,2441120,2489120,2425120,2505120,0,0,0,0,0,0,0,0,3,0,0,0
FluencyBank,97,48,2492960,2540960,2476960,2556960,0,0,1,0,1,0,0,0,1,0,0,0
FluencyBank,97,49,166240,214240,150240,230240,0,0,0,2,3,0,0,1,0,0,0,0
FluencyBank,97,50,228480,276480,212480,292480,0,0,0,1,1,0,0,0,1,0,0,0
FluencyBank,97,51,2720480,2768480,2704480,2784480,0,0,0,1,2,0,0,0,0,0,0,0
FluencyBank,97,52,2761760,2809760,2745760,2825760,0,0,2,1,2,0,0,0,0,0,0,0
FluencyBank,97,53,2853920,2901920,2837920,2917920,0,0,0,2,1,0,0,0,1,0,0,0
FluencyBank,97,54,2885920,2933920,2869920,2949920,0,0,2,0,3,0,0,1,0,0,0,0
FluencyBank,97,55,3116160,3164160,3100160,3180160,0,0,3,0,0,0,0,0,0,0,0,0
FluencyBank,97,56,3150080,3198080,3134080,3214080,1,0,0,1,1,0,2,0,1,0,0,0
FluencyBank,97,57,3219680,3267680,3203680,3283680,0,0,1,1,1,0,0,0,1,0,0,0
FluencyBank,97,58,3283360,3331360,3267360,3347360,0,0,1,0,0,0,0,0,2,0,0,0
FluencyBank,97,59,3376320,3424320,3360320,3440320,0,0,2,2,1,0,0,0,0,0,0,0
FluencyBank,97,60,3416960,3464960,3400960,3480960,0,0,3,2,0,0,0,0,0,0,0,0
FluencyBank,97,61,3475680,3523680,3459680,3539680,0,0,0,2,0,0,0,1,1,0,0,0
FluencyBank,97,62,3543680,3591680,3527680,3607680,0,0,0,1,2,0,0,0,0,0,0,0
FluencyBank,97,63,3583200,3631200,3567200,3647200,0,0,0,1,0,0,0,0,2,0,0,0
FluencyBank,97,64,3632480,3680480,3616480,3696480,0,0,0,0,2,0,0,0,1,0,0,0
FluencyBank,97,65,3737920,3785920,3721920,3801920,0,0,0,1,1,0,0,0,1,0,0,0
FluencyBank,97,66,3774240,3822240,3758240,3838240,0,0,0,1,2,0,0,0,0,0,0,0
FluencyBank,97,67,3852800,3900800,3836800,3916800,0,0,1,1,1,0,0,0,0,0,0,0
FluencyBank,97,68,3884160,3932160,3868160,3948160,0,0,0,1,0,0,0,0,2,0,0,0
FluencyBank,97,69,276800,324800,260800,340800,0,0,0,0,0,0,0,0,3,2,0,0
FluencyBank,97,70,319040,367040,303040,383040,0,0,0,1,1,0,0,0,1,0,0,0
FluencyBank,97,71,3972160,4020160,3956160,4036160,0,0,0,0,0,0,0,0,3,0,0,0
FluencyBank,97,72,4002880,4050880,3986880,4066880,0,0,0,0,0,1,0,0,2,0,0,0
FluencyBank,97,73,4070240,4118240,4054240,4134240,0,0,2,1,1,0,0,0,0,0,0,0
FluencyBank,97,74,4106080,4154080,4090080,4170080,0,0,1,2,0,0,0,0,0,0,0,0
FluencyBank,97,75,4270240,4318240,4254240,4334240,0,0,1,0,0,0,0,0,2,0,0,0
FluencyBank,97,76,4304800,4352800,4288800,4368800,0,0,1,0,0,0,0,0,2,0,0,0
FluencyBank,97,77,4361920,4409920,4345920,4425920,0,0,1,2,1,0,3,0,1,0,0,0
FluencyBank,97,78,4420000,4468000,4404000,4484000,0,0,3,1,1,0,1,0,0,0,0,0
FluencyBank,97,79,4524960,4572960,4508960,4588960,0,0,3,0,0,0,0,0,0,0,0,0
FluencyBank,97,80,4556960,4604960,4540960,4620960,0,0,3,1,1,0,0,0,0,0,0,0
FluencyBank,97,81,4608640,4656640,4592640,4672640,0,0,3,0,0,0,0,0,0,0,0,0
FluencyBank,97,82,4641440,4689440,4625440,4705440,0,0,0,0,0,0,0,0,3,0,0,0
FluencyBank,97,83,4744960,4792960,4728960,4808960,0,0,0,0,0,0,0,0,3,0,0,0
FluencyBank,97,84,4785600,4833600,4769600,4849600,0,0,0,0,0,0,0,0,3,0,0,0
FluencyBank,97,85,4899200,4947200,4883200,4963200,0,0,0,0,0,0,0,0,3,1,0,0
FluencyBank,97,86,4928960,4976960,4912960,4992960,0,0,0,1,0,0,0,1,2,0,0,0
FluencyBank,97,87,4993280,5041280,4977280,5057280,0,0,1,0,0,0,1,0,2,0,0,0
FluencyBank,97,88,448480,496480,432480,512480,0,0,0,1,2,0,0,0,0,0,0,0
FluencyBank,97,89,514560,562560,498560,578560,0,0,1,1,0,0,0,0,1,2,0,0
FluencyBank,97,90,5029920,5077920,5013920,5093920,0,0,1,2,0,0,0,0,0,0,0,0
FluencyBank,97,91,5071520,5119520,5055520,5135520,0,0,0,1,2,0,0,0,0,0,0,0
FluencyBank,97,92,5101120,5149120,5085120,5165120,0,0,0,1,2,0,0,1,0,0,0,0
FluencyBank,97,93,5150720,5198720,5134720,5214720,0,0,0,2,1,0,0,0,0,0,0,0
FluencyBank,97,94,5186080,5234080,5170080,5250080,0,0,0,0,2,0,2,0,1,0,0,0
FluencyBank,97,95,5231680,5279680,5215680,5295680,0,0,0,0,0,0,0,0,3,0,0,0
FluencyBank,97,96,5342560,5390560,5326560,5406560,0,0,1,0,0,0,0,0,2,0,0,0
FluencyBank,97,97,5579200,5627200,5563200,5643200,0,0,0,3,0,0,0,0,1,0,0,0
FluencyBank,97,98,5613440,5661440,5597440,5677440,0,0,0,1,2,0,0,0,0,0,0,0
FluencyBank,97,99,5671840,5719840,5655840,5735840,0,0,1,1,1,0,0,0,0,0,0,0
FluencyBank,97,100,5704000,5752000,5688000,5768000,0,0,0,1,2,0,0,0,0,0,0,0
FluencyBank,97,101,5754240,5802240,5738240,5818240,0,0,0,2,1,0,1,0,0,0,0,0
FluencyBank,97,102,5801920,5849920,5785920,5865920,0,0,0,1,0,0,0,0,2,0,0,0
FluencyBank,97,103,539680,587680,523680,603680,0,0,0,0,0,0,0,0,3,1,0,0
FluencyBank,97,104,5839520,5887520,5823520,5903520,1,0,1,0,0,0,0,0,2,0,0,0
FluencyBank,97,105,5872320,5920320,5856320,5936320,0,0,2,1,1,0,0,0,0,0,0,0
FluencyBank,97,106,6000640,6048640,5984640,6064640,0,0,2,2,1,0,0,1,0,0,0,0
FluencyBank,97,107,6032160,6080160,6016160,6096160,0,0,0,2,1,0,0,0,0,0,0,0
FluencyBank,97,108,6054080,6102080,6038080,6118080,0,0,2,0,0,0,0,0,1,0,0,0
FluencyBank,97,109,6114880,6162880,6098880,6178880,0,0,0,1,2,0,0,0,0,0,0,0
FluencyBank,97,110,6159680,6207680,6143680,6223680,0,0,0,0,0,0,0,0,3,0,0,0
FluencyBank,97,111,6316000,6364000,6300000,6380000,0,0,1,1,2,0,2,0,0,0,0,0
FluencyBank,97,112,6347840,6395840,6331840,6411840,0,0,2,2,0,0,0,0,0,0,0,0
FluencyBank,97,113,6394720,6442720,6378720,6458720,1,0,0,2,0,0,1,0,1,1,0,0
FluencyBank,97,114,6518560,6566560,6502560,6582560,0,0,0,1,1,0,1,0,1,0,0,0
FluencyBank,97,115,6556640,6604640,6540640,6620640,0,0,2,0,3,0,0,1,0,0,0,0
FluencyBank,97,116,6635680,6683680,6619680,6699680,0,0,0,3,2,2,0,0,0,0,0,0
FluencyBank,97,117,6744800,6792800,6728800,6808800,0,0,0,0,1,0,0,0,2,0,0,0
FluencyBank,97,118,6777760,6825760,6761760,6841760,0,0,0,1,1,0,0,0,1,0,0,0
FluencyBank,97,119,6913120,6961120,6897120,6977120,0,0,0,0,0,0,0,0,3,0,0,0
FluencyBank,97,120,6978400,7026400,6962400,7042400,1,0,0,0,0,0,1,0,3,0,0,0
FluencyBank,97,121,638080,686080,622080,702080,0,0,2,1,2,1,0,1,0,0,0,0
FluencyBank,97,122,699840,747840,683840,763840,0,0,2,0,0,1,0,2,0,0,0,0
FluencyBank,97,123,7017600,7065600,7001600,7081600,0,0,1,0,0,0,0,0,2,0,0,0
FluencyBank,97,124,7193440,7241440,7177440,7257440,1,0,0,2,1,0,1,0,0,0,0,0
FluencyBank,97,125,7231040,7279040,7215040,7295040,0,0,0,2,0,0,0,0,1,0,0,0
FluencyBank,97,126,7293120,7341120,7277120,7357120,0,0,2,1,0,0,0,1,0,0,0,0
FluencyBank,97,127,7364160,7412160,7348160,7428160,0,0,2,2,0,0,1,0,0,0,0,0
FluencyBank,97,128,7395360,7443360,7379360,7459360,0,0,0,2,0,0,2,0,1,0,0,0
FluencyBank,97,129,7439520,7487520,7423520,7503520,0,0,0,0,3,0,0,0,0,0,0,0
FluencyBank,97,130,7485280,7533280,7469280,7549280,0,0,2,0,1,0,0,0,1,0,0,0
FluencyBank,97,131,7535360,7583360,7519360,7599360,0,0,0,0,0,0,0,0,3,0,0,0
FluencyBank,97,132,7920480,7968480,7904480,7984480,1,0,2,1,0,0,1,0,0,0,0,0
FluencyBank,97,133,7952480,8000480,7936480,8016480,0,0,0,3,1,0,1,0,0,0,0,0
FluencyBank,97,134,8024160,8072160,8008160,8088160,0,0,0,2,1,0,0,1,0,0,0,0
FluencyBank,97,135,8057600,8105600,8041600,8121600,0,0,0,2,1,0,0,0,0,1,0,0
FluencyBank,97,136,8167200,8215200,8151200,8231200,0,0,2,0,0,0,0,0,1,0,0,0
FluencyBank,97,137,8199680,8247680,8183680,8263680,1,0,1,1,0,0,2,0,0,0,0,0
FluencyBank,97,138,8235680,8283680,8219680,8299680,0,0,0,1,1,0,0,0,1,0,0,0
FluencyBank,97,139,723200,771200,707200,787200,0,0,2,1,0,0,0,0,1,0,0,0
FluencyBank,97,140,8335840,8383840,8319840,8399840,0,0,3,0,0,0,0,0,0,0,0,0
FluencyBank,97,141,8378400,8426400,8362400,8442400,0,0,0,0,0,0,0,0,3,1,0,0
FluencyBank,97,142,8441440,8489440,8425440,8505440,0,0,0,0,0,0,0,0,3,1,0,0
FluencyBank,97,143,8487680,8535680,8471680,8551680,0,0,0,0,0,0,0,0,3,0,0,0
FluencyBank,97,144,8522400,8570400,8506400,8586400,0,0,0,0,0,0,0,3,3,0,0,0
FluencyBank,97,145,8593440,8641440,8577440,8657440,0,0,0,2,0,0,0,0,1,0,0,0
FluencyBank,97,146,8790400,8838400,8774400,8854400,0,0,0,1,2,0,0,0,0,0,0,0
FluencyBank,97,147,8825440,8873440,8809440,8889440,0,0,0,1,2,0,0,0,0,0,0,0
FluencyBank,97,148,8901760,8949760,8885760,8965760,0,0,2,1,1,0,0,0,0,0,0,0
FluencyBank,97,149,8932160,8980160,8916160,8996160,0,0,0,1,1,0,0,0,2,0,0,0
FluencyBank,97,150,8975200,9023200,8959200,9039200,0,0,1,0,0,0,0,0,2,0,0,0
FluencyBank,97,151,9042080,9090080,9026080,9106080,0,0,0,2,1,0,0,0,1,1,0,0
FluencyBank,97,152,9066080,9114080,9050080,9130080,0,0,0,2,1,0,0,0,0,0,0,0
FluencyBank,97,153,9145440,9193440,9129440,9209440,0,0,0,1,2,1,0,1,0,0,0,0
FluencyBank,97,154,9205440,9253440,9189440,9269440,0,0,0,0,0,0,0,0,3,0,0,0
FluencyBank,97,155,9248000,9296000,9232000,9312000,0,0,3,2,1,0,1,0,0,0,0,0
FluencyBank,97,156,784800,832800,768800,848800,0,0,0,1,0,0,0,0,2,0,0,0
FluencyBank,97,157,9306720,9354720,9290720,9370720,0,0,1,2,1,1,0,0,0,0,0,0
FluencyBank,97,158,9337280,9385280,9321280,9401280,0,0,0,2,2,1,1,1,0,0,0,0
FluencyBank,97,159,9470560,9518560,9454560,9534560,0,0,2,0,0,0,0,1,1,1,0,0
FluencyBank,97,160,9507680,9555680,9491680,9571680,0,0,1,1,1,0,0,0,0,0,0,0
FluencyBank,97,161,9525920,9573920,9509920,9589920,0,0,0,2,0,1,0,0,1,0,0,0
FluencyBank,97,162,9820960,9868960,9804960,9884960,0,0,0,1,2,0,0,0,0,1,0,0
FluencyBank,97,163,9902240,9950240,9886240,9966240,0,0,2,0,0,0,0,1,1,0,0,0
FluencyBank,97,164,10098400,10146400,10082400,10162400,0,0,0,0,3,0,0,0,0,0,0,0
FluencyBank,97,165,10132480,10180480,10116480,10196480,0,0,3,0,1,0,0,0,0,0,0,0
FluencyBank,97,166,10244640,10292640,10228640,10308640,1,0,0,2,0,0,1,0,0,0,0,0
FluencyBank,97,167,10279360,10327360,10263360,10343360,0,0,0,1,2,0,0,1,0,0,0,0
FluencyBank,97,168,10375680,10423680,10359680,10439680,0,0,0,1,1,0,0,0,1,0,0,0
FluencyBank,97,169,10411040,10459040,10395040,10475040,1,0,0,1,0,0,1,0,2,0,0,0
FluencyBank,97,170,10461440,10509440,10445440,10525440,0,0,0,1,2,0,0,0,0,0,0,0
FluencyBank,97,171,10508480,10556480,10492480,10572480,0,0,0,1,2,0,0,0,0,0,0,0
FluencyBank,97,172,10585440,10633440,10569440,10649440,0,0,2,0,0,0,0,0,1,0,0,0
FluencyBank,97,173,10628800,10676800,10612800,10692800,0,0,2,0,0,0,0,0,1,0,0,0
FluencyBank,97,174,919040,967040,903040,983040,0,0,3,0,0,0,0,0,0,0,0,0
FluencyBank,97,175,958560,1006560,942560,1022560,0,0,0,2,2,0,0,0,0,0,0,0
FluencyBank,97,176,10675840,10723840,10659840,10739840,0,0,0,1,1,0,0,1,1,0,0,0
FluencyBank,97,177,10708320,10756320,10692320,10772320,0,0,0,1,1,0,0,0,1,0,0,0
FluencyBank,97,178,10750240,10798240,10734240,10814240,0,0,0,2,1,0,0,0,0,0,0,0
FluencyBank,97,179,10768320,10816320,10752320,10832320,0,0,0,1,1,2,0,0,0,1,0,0
FluencyBank,97,180,10804480,10852480,10788480,10868480,0,0,3,0,1,0,0,1,0,0,0,0
FluencyBank,97,181,10834400,10882400,10818400,10898400,0,0,0,0,0,1,0,0,2,0,0,0
FluencyBank,97,182,10912640,10960640,10896640,10976640,0,0,3,0,0,0,0,0,0,0,0,0
FluencyBank,97,183,10960960,11008960,10944960,11024960,0,0,1,1,1,0,0,0,0,0,0,0
FluencyBank,97,184,11024480,11072480,11008480,11088480,0,0,0,0,0,0,0,0,3,0,0,0
FluencyBank,97,185,11144800,11192800,11128800,11208800,0,0,0,0,0,0,0,0,3,0,0,0
FluencyBank,97,186,11200000,11248000,11184000,11264000,0,0,1,1,1,0,0,0,0,0,0,0
FluencyBank,97,187,11336000,11384000,11320000,11400000,0,0,3,0,0,0,0,0,0,0,0,0
FluencyBank,97,188,11369760,11417760,11353760,11433760,0,0,0,1,0,0,0,0,2,0,0,0
FluencyBank,97,189,11432800,11480800,11416800,11496800,0,0,1,0,2,0,3,0,0,0,0,0
FluencyBank,97,190,11476160,11524160,11460160,11540160,0,0,1,1,0,0,0,0,1,1,0,0
FluencyBank,97,191,1053440,1101440,1037440,1117440,0,0,1,0,0,0,0,0,2,0,0,0
FluencyBank,97,192,1108000,1156000,1092000,1172000,0,0,0,1,1,1,1,0,0,0,0,0
FluencyBank,98,0,0,41440,-16000,57440,0,0,0,0,0,0,0,0,3,0,0,0
FluencyBank,98,1,700160,748160,684160,764160,1,0,0,2,1,0,0,3,0,1,0,0
FluencyBank,98,2,724800,772800,708800,788800,0,0,0,1,0,0,0,2,2,1,0,0
FluencyBank,98,3,822240,870240,806240,886240,0,0,0,2,2,0,0,0,0,0,0,0
FluencyBank,98,4,846400,894400,830400,910400,0,0,0,3,0,1,0,1,0,1,0,0
FluencyBank,98,5,896960,944960,880960,960960,0,0,0,0,2,1,0,0,0,0,0,0
FluencyBank,98,6,931360,979360,915360,995360,0,0,0,2,0,0,0,0,1,1,0,0
FluencyBank,98,7,1017920,1065920,1001920,1081920,0,0,0,2,0,0,0,0,1,0,0,0
FluencyBank,98,8,991680,1039680,975680,1055680,0,0,1,1,0,2,0,1,0,0,0,0
FluencyBank,98,9,1099040,1147040,1083040,1163040,0,0,1,2,1,0,2,1,0,0,0,0
FluencyBank,98,10,1125760,1173760,1109760,1189760,0,0,0,2,1,0,0,0,0,1,0,0
FluencyBank,98,11,1625920,1673920,1609920,1689920,0,0,0,0,0,0,0,3,3,0,0,0
FluencyBank,98,12,1651840,1699840,1635840,1715840,0,0,2,0,0,0,0,3,1,0,0,0
FluencyBank,98,13,1762080,1810080,1746080,1826080,0,0,0,2,2,0,0,1,0,0,0,0
FluencyBank,98,14,1798880,1846880,1782880,1862880,0,0,0,2,0,0,0,0,1,1,0,0
FluencyBank,98,15,2036640,2084640,2020640,2100640,0,0,0,0,0,0,1,0,3,0,0,0
FluencyBank,98,16,2062080,2110080,2046080,2126080,0,0,0,0,0,0,0,0,3,0,0,0
FluencyBank,98,17,2072160,2120160,2056160,2136160,0,0,1,0,0,0,0,1,2,0,0,0
FluencyBank,98,18,2126080,2174080,2110080,2190080,0,0,1,2,0,0,0,0,0,0,0,0
FluencyBank,98,19,103040,151040,87040,167040,0,0,0,0,0,0,0,0,3,0,0,0
FluencyBank,98,20,69920,117920,53920,133920,0,0,0,0,0,0,0,0,3,1,0,0
FluencyBank,98,21,2162240,2210240,2146240,2226240,0,0,0,0,0,1,0,2,2,1,0,0
FluencyBank,98,22,2190880,2238880,2174880,2254880,0,0,1,0,1,1,0,3,1,1,0,0
FluencyBank,98,23,2260320,2308320,2244320,2324320,0,0,0,0,0,0,0,2,3,1,0,0
FluencyBank,98,24,2354400,2402400,2338400,2418400,0,0,1,1,0,0,0,2,1,1,0,0
FluencyBank,98,25,2382560,2430560,2366560,2446560,0,0,1,3,1,0,0,0,0,0,0,0
FluencyBank,98,26,2495360,2543360,2479360,2559360,1,0,0,1,0,2,0,3,0,0,0,0
FluencyBank,98,27,2532640,2580640,2516640,2596640,0,0,0,0,0,0,0,0,3,1,0,0
FluencyBank,98,28,2780800,2828800,2764800,2844800,0,0,0,3,1,0,0,0,0,0,0,0
FluencyBank,98,29,2807520,2855520,2791520,2871520,0,0,1,2,2,0,2,1,0,0,0,0
FluencyBank,98,30,3249920,3297920,3233920,3313920,0,0,0,2,2,1,0,0,0,0,0,0
FluencyBank,98,31,3319360,3367360,3303360,3383360,0,0,0,0,0,0,0,0,3,1,0,0
FluencyBank,98,32,3336800,3384800,3320800,3400800,0,0,0,1,0,0,0,0,2,1,0,0
FluencyBank,98,33,3411200,3459200,3395200,3475200,0,0,0,2,1,0,0,0,0,0,0,0
FluencyBank,98,34,3439200,3487200,3423200,3503200,0,0,0,3,1,0,0,0,0,1,0,0
FluencyBank,98,35,3482080,3530080,3466080,3546080,0,0,1,2,0,0,1,2,0,1,0,0
FluencyBank,98,36,3590400,3638400,3574400,3654400,0,0,0,0,0,0,0,3,3,0,0,0
FluencyBank,98,37,3618560,3666560,3602560,3682560,0,0,0,2,0,0,0,2,1,1,0,0
FluencyBank,98,38,131040,179040,115040,195040,0,0,0,0,0,0,0,0,3,0,0,0
FluencyBank,98,39,3637760,3685760,3621760,3701760,0,0,0,1,0,2,0,3,0,0,0,0
FluencyBank,98,40,3752480,3800480,3736480,3816480,0,0,0,1,3,0,0,3,0,0,0,0
FluencyBank,98,41,3781280,3829280,3765280,3845280,0,0,0,0,0,0,0,3,3,0,0,0
FluencyBank,98,42,3821920,3869920,3805920,3885920,0,0,0,1,1,0,2,0,1,1,0,0
FluencyBank,98,43,3925120,3973120,3909120,3989120,0,0,0,2,1,2,1,0,0,0,0,0
FluencyBank,98,44,3951200,3999200,3935200,4015200,0,0,0,1,0,0,0,0,2,0,0,0
FluencyBank,98,45,4007360,4055360,3991360,4071360,0,0,0,1,2,1,0,0,0,0,0,0
FluencyBank,98,46,4029120,4077120,4013120,4093120,0,0,0,0,3,0,1,0,0,0,0,0
FluencyBank,98,47,4826720,4874720,4810720,4890720,0,0,0,2,1,0,0,0,1,0,0,0
FluencyBank,98,48,4853280,4901280,4837280,4917280,0,0,0,1,3,0,0,2,0,0,0,0
FluencyBank,98,49,4981120,5029120,4965120,5045120,0,0,0,1,1,1,0,1,0,0,0,0
FluencyBank,98,50,5008160,5056160,4992160,5072160,0,0,0,1,0,0,0,0,2,0,0,0
FluencyBank,98,51,5116640,5164640,5100640,5180640,0,0,0,0,3,0,0,3,0,0,0,0
FluencyBank,98,52,5141440,5189440,5125440,5205440,0,0,0,0,0,0,0,3,3,0,0,0
FluencyBank,98,53,5243200,5291200,5227200,5307200,0,0,1,2,0,0,0,1,0,0,0,0
FluencyBank,98,54,5292160,5340160,5276160,5356160,0,0,0,0,0,0,0,0,3,0,0,0
FluencyBank,98,55,184800,232800,168800,248800,0,0,0,0,0,0,0,0,3,2,0,0
FluencyBank,98,56,5403840,5451840,5387840,5467840,0,0,0,1,0,0,0,0,2,0,0,0
FluencyBank,98,57,5430880,5478880,5414880,5494880,0,0,0,0,0,0,0,0,3,0,0,0
FluencyBank,98,58,5469600,5517600,5453600,5533600,0,0,0,0,0,0,0,0,3,0,0,0
FluencyBank,98,59,5542080,5590080,5526080,5606080,0,0,0,1,0,2,0,0,1,0,0,0
FluencyBank,98,60,5572640,5620640,5556640,5636640,0,0,0,0,0,0,0,0,3,0,0,0
FluencyBank,98,61,5618240,5666240,5602240,5682240,0,0,1,0,0,0,0,2,2,1,0,0
FluencyBank,98,62,5644480,5692480,5628480,5708480,0,0,0,1,2,0,1,1,0,0,0,0
FluencyBank,98,63,5754560,5802560,5738560,5818560,0,0,0,0,0,0,0,0,3,0,0,0
FluencyBank,98,64,5785760,5833760,5769760,5849760,0,0,0,2,2,1,1,1,0,0,0,0
FluencyBank,98,65,5857920,5905920,5841920,5921920,0,0,0,1,1,0,0,0,1,0,0,0
FluencyBank,98,66,5905280,5953280,5889280,5969280,0,0,0,0,0,0,0,0,3,0,0,0
FluencyBank,98,67,5944160,5992160,5928160,6008160,0,0,0,0,0,0,0,3,3,0,0,0
FluencyBank,98,68,5972480,6020480,5956480,6036480,0,0,2,2,0,0,2,2,0,0,0,0
FluencyBank,98,69,6039040,6087040,6023040,6103040,0,0,0,2,0,1,1,2,0,0,0,0
FluencyBank,98,70,6063840,6111840,6047840,6127840,0,0,0,0,1,1,0,2,2,0,0,0
FluencyBank,98,71,6438080,6486080,6422080,6502080,0,0,1,0,0,0,0,3,2,0,0,0
FluencyBank,98,72,6466720,6514720,6450720,6530720,0,0,2,0,0,0,0,3,1,0,0,0
FluencyBank,98,73,233280,281280,217280,297280,0,0,0,0,0,0,0,0,3,0,0,0
FluencyBank,98,74,267840,315840,251840,331840,0,0,0,1,0,0,0,2,2,0,0,0
FluencyBank,98,75,6610240,6658240,6594240,6674240,0,0,0,0,2,1,0,1,0,0,0,0
FluencyBank,98,76,6644480,6692480,6628480,6708480,0,0,0,2,1,1,0,0,0,0,0,0
FluencyBank,98,77,6692000,6740000,6676000,6756000,0,0,0,0,3,0,1,0,0,0,0,0
FluencyBank,98,78,6893920,6941920,6877920,6957920,0,0,0,2,2,0,1,0,0,0,0,0
FluencyBank,98,79,6918560,6966560,6902560,6982560,0,0,0,1,1,0,1,0,1,0,0,0
FluencyBank,98,80,6941760,6989760,6925760,7005760,0,0,0,0,0,0,0,0,3,0,0,0
FluencyBank,98,81,6975040,7023040,6959040,7039040,0,0,0,0,0,0,0,0,3,0,0,0
FluencyBank,98,82,6993760,7041760,6977760,7057760,0,0,0,0,0,0,0,0,3,1,0,0
FluencyBank,98,83,7071680,7119680,7055680,7135680,0,0,2,0,0,0,0,2,1,0,0,0
FluencyBank,98,84,7103360,7151360,7087360,7167360,0,0,0,0,0,0,0,0,3,0,0,0
FluencyBank,98,85,7135680,7183680,7119680,7199680,0,0,0,1,0,0,0,0,2,0,0,0
FluencyBank,98,86,7166240,7214240,7150240,7230240,0,0,1,2,0,0,0,3,0,0,0,0
FluencyBank,98,87,7189760,7237760,7173760,7253760,0,0,1,1,1,1,0,3,0,0,0,0
FluencyBank,98,88,335200,383200,319200,399200,0,0,0,0,1,1,0,3,1,0,0,0
FluencyBank,98,89,359520,407520,343520,423520,0,0,0,0,0,1,0,3,2,0,0,0
FluencyBank,98,90,7211360,7259360,7195360,7275360,0,0,1,1,0,0,0,2,1,0,0,0
FluencyBank,98,91,7344640,7392640,7328640,7408640,0,0,1,1,2,0,1,1,0,0,0,0
FluencyBank,98,92,7370080,7418080,7354080,7434080,0,0,0,0,0,0,0,0,3,0,0,0
FluencyBank,98,93,7410720,7458720,7394720,7474720,0,0,1,0,0,2,0,0,1,0,0,0
FluencyBank,98,94,7437440,7485440,7421440,7501440,0,0,0,0,3,2,0,1,0,0,0,0
FluencyBank,98,95,7463840,7511840,7447840,7527840,0,0,1,0,3,0,0,0,0,1,0,0
FluencyBank,98,96,7512000,7560000,7496000,7576000,0,0,0,3,0,2,0,0,0,0,0,0
FluencyBank,98,97,7542880,7590880,7526880,7606880,0,0,0,0,0,0,0,0,3,0,0,0
FluencyBank,98,98,7669920,7717920,7653920,7733920,0,0,1,0,2,0,0,1,0,0,0,0
FluencyBank,98,99,7700320,7748320,7684320,7764320,0,0,0,0,0,1,0,0,2,1,0,0
FluencyBank,98,100,7718240,7766240,7702240,7782240,0,0,0,0,0,0,0,0,3,1,0,0
FluencyBank,98,101,7737920,7785920,7721920,7801920,0,0,0,0,0,0,1,0,3,0,0,0
FluencyBank,98,102,7775040,7823040,7759040,7839040,0,0,0,1,0,0,0,0,2,0,0,0
FluencyBank,98,103,7905120,7953120,7889120,7969120,0,0,0,0,0,0,0,0,3,1,0,0
FluencyBank,98,104,7933280,7981280,7917280,7997280,0,0,1,0,0,0,0,1,2,0,0,0
FluencyBank,98,105,426720,474720,410720,490720,0,0,0,0,0,0,0,2,3,0,0,0
FluencyBank,98,106,463360,511360,447360,527360,0,0,0,2,1,0,0,0,0,0,0,0
FluencyBank,98,107,7955360,8003360,7939360,8019360,0,0,0,1,0,0,0,0,3,0,0,0
FluencyBank,98,108,7987840,8035840,7971840,8051840,0,0,1,0,0,0,0,0,2,0,0,0
FluencyBank,98,109,8043840,8091840,8027840,8107840,0,0,1,2,1,1,1,0,0,0,0,0
FluencyBank,98,110,8121440,8169440,8105440,8185440,0,0,0,0,3,0,0,0,0,1,0,0
FluencyBank,98,111,8145600,8193600,8129600,8209600,0,0,0,0,0,0,0,0,3,1,0,0
FluencyBank,98,112,8196320,8244320,8180320,8260320,0,0,0,2,2,0,0,0,0,1,0,0
FluencyBank,98,113,8222080,8270080,8206080,8286080,0,0,0,0,0,0,0,0,3,2,0,0
FluencyBank,98,114,8265760,8313760,8249760,8329760,0,0,0,1,2,0,0,0,0,0,0,0
FluencyBank,98,115,8293760,8341760,8277760,8357760,0,0,1,0,0,0,0,0,2,0,0,0
FluencyBank,98,116,8326560,8374560,8310560,8390560,0,0,1,0,0,0,0,2,2,1,0,0
FluencyBank,98,117,8409280,8457280,8393280,8473280,0,0,0,2,0,0,0,0,1,0,0,0
FluencyBank,98,118,8611840,8659840,8595840,8675840,0,0,0,1,2,0,0,1,0,0,0,0
FluencyBank,98,119,8641440,8689440,8625440,8705440,0,0,0,1,2,0,0,0,0,0,0,0
FluencyBank,98,120,530400,578400,514400,594400,0,0,0,0,0,0,0,1,3,0,0,0
FluencyBank,98,121,8944640,8992640,8928640,9008640,0,0,0,0,0,0,0,3,3,0,0,0
FluencyBank,98,122,8969440,9017440,8953440,9033440,0,0,1,1,3,0,0,3,0,0,0,0
FluencyBank,98,123,9104320,9152320,9088320,9168320,0,0,1,0,1,2,0,1,0,0,0,0
FluencyBank,98,124,9160160,9208160,9144160,9224160,0,0,1,0,0,0,0,0,2,0,0,0
FluencyBank,98,125,603200,651200,587200,667200,0,0,0,0,0,2,0,2,1,0,0,0
FluencyBank,98,126,627680,675680,611680,691680,0,0,0,0,0,1,0,3,2,0,0,0
FluencyBank,98,127,659840,707840,643840,723840,0,0,0,0,2,0,1,0,1,1,0,0
FluencyBank,99,0,189120,237120,173120,253120,0,0,0,0,0,0,0,0,3,0,0,0
FluencyBank,99,1,12169920,12217920,12153920,12233920,0,0,0,0,0,0,0,2,3,1,0,0
FluencyBank,99,2,12312160,12360160,12296160,12376160,0,0,0,0,2,0,0,2,1,0,0,0
FluencyBank,99,3,12345280,12393280,12329280,12409280,0,0,0,0,0,0,0,3,3,0,0,0
FluencyBank,99,4,12419360,12467360,12403360,12483360,0,0,0,0,0,0,0,3,3,0,0,0
FluencyBank,99,5,12452640,12500640,12436640,12516640,0,0,0,0,0,0,0,0,3,1,0,0
FluencyBank,99,6,12641440,12689440,12625440,12705440,0,0,0,0,0,0,0,3,3,0,0,0
FluencyBank,99,7,12682880,12730880,12666880,12746880,0,0,0,0,0,2,0,3,1,0,0,0
FluencyBank,99,8,12919520,12967520,12903520,12983520,0,0,0,0,0,1,0,3,2,1,0,0
FluencyBank,99,9,12947840,12995840,12931840,13011840,0,0,0,0,0,0,0,2,3,0,0,0
FluencyBank,99,10,13002560,13050560,12986560,13066560,0,0,0,1,2,0,0,3,0,1,0,0
FluencyBank,99,11,13030400,13078400,13014400,13094400,0,0,0,0,0,0,0,3,3,1,0,0
FluencyBank,99,12,13189920,13237920,13173920,13253920,0,0,0,1,0,0,0,2,2,1,0,0
FluencyBank,99,13,13221120,13269120,13205120,13285120,0,0,0,0,0,0,0,2,3,1,0,0
FluencyBank,99,14,13248000,13296000,13232000,13312000,0,0,0,0,0,0,0,0,3,0,0,0
FluencyBank,99,15,13314720,13362720,13298720,13378720,0,0,0,1,0,0,0,3,2,0,0,0
FluencyBank,99,16,13345760,13393760,13329760,13409760,0,0,0,0,0,3,0,0,0,0,0,0
FluencyBank,99,17,13432800,13480800,13416800,13496800,0,0,0,1,0,2,0,3,0,0,0,0
FluencyBank,99,18,13461120,13509120,13445120,13525120,0,0,1,0,0,0,0,3,2,0,0,0
FluencyBank,99,19,1817120,1865120,1801120,1881120,0,0,0,1,1,0,0,2,1,0,0,0
FluencyBank,99,20,1846080,1894080,1830080,1910080,0,0,1,1,1,0,0,3,0,0,0,0
FluencyBank,99,21,13504960,13552960,13488960,13568960,0,0,0,1,0,0,0,2,2,1,0,0
FluencyBank,99,22,13536640,13584640,13520640,13600640,0,0,0,0,0,0,0,0,3,0,0,0
FluencyBank,99,23,13614720,13662720,13598720,13678720,0,0,0,1,0,0,0,0,2,0,0,0
FluencyBank,99,24,13901280,13949280,13885280,13965280,0,0,0,0,0,0,0,3,3,0,0,0
FluencyBank,99,25,13936320,13984320,13920320,14000320,0,0,0,0,0,0,0,0,3,0,0,0
FluencyBank,99,26,13975200,14023200,13959200,14039200,0,0,0,0,0,0,0,0,3,0,0,0
FluencyBank,99,27,1909280,1957280,1893280,1973280,0,0,0,0,0,0,0,0,3,1,0,0
FluencyBank,99,28,1933920,1981920,1917920,1997920,0,0,2,0,0,0,0,0,1,1,0,0
FluencyBank,99,29,2255200,2303200,2239200,2319200,0,0,0,0,1,0,0,0,2,0,0,0
FluencyBank,99,30,2284960,2332960,2268960,2348960,1,0,1,1,1,0,1,0,0,0,0,0
FluencyBank,99,31,2326240,2374240,2310240,2390240,0,0,0,0,0,0,0,0,3,0,0,0
FluencyBank,99,32,2395200,2443200,2379200,2459200,0,0,1,0,0,0,1,0,2,0,0,0
FluencyBank,99,33,2424160,2472160,2408160,2488160,0,0,0,0,0,0,0,3,3,1,0,0
FluencyBank,99,34,2473440,2521440,2457440,2537440,0,0,0,0,0,0,1,3,3,0,0,0
FluencyBank,99,35,2525280,2573280,2509280,2589280,0,0,0,1,1,0,0,2,2,0,0,0
FluencyBank,99,36,2813120,2861120,2797120,2877120,0,0,0,0,0,0,0,1,3,0,0,0
FluencyBank,99,37,2842080,2890080,2826080,2906080,0,0,0,0,0,0,0,3,3,1,0,0
FluencyBank,99,38,227200,275200,211200,291200,0,0,0,0,0,0,0,0,3,0,0,0
FluencyBank,99,39,259520,307520,243520,323520,0,0,0,0,0,0,0,0,3,2,0,0
FluencyBank,99,40,2932160,2980160,2916160,2996160,0,0,0,0,0,0,0,0,3,0,0,0
FluencyBank,99,41,2961760,3009760,2945760,3025760,0,0,1,0,2,0,0,0,0,0,0,0
FluencyBank,99,42,3057600,3105600,3041600,3121600,0,0,0,1,1,1,0,1,1,0,0,0
FluencyBank,99,43,3087680,3135680,3071680,3151680,0,0,0,1,0,0,0,0,2,0,0,0
FluencyBank,99,44,3309600,3357600,3293600,3373600,0,0,3,0,0,0,0,0,0,0,0,0
FluencyBank,99,45,3340000,3388000,3324000,3404000,0,0,0,0,0,2,0,0,2,0,0,0
FluencyBank,99,46,3699360,3747360,3683360,3763360,0,0,0,0,0,0,0,0,3,0,0,0
FluencyBank,99,47,3730880,3778880,3714880,3794880,0,0,0,0,0,0,0,3,3,0,0,0
FluencyBank,99,48,3775200,3823200,3759200,3839200,0,0,0,3,0,1,0,2,0,2,0,0
FluencyBank,99,49,3953120,4001120,3937120,4017120,0,0,0,0,0,0,0,3,3,0,0,0
FluencyBank,99,50,3981920,4029920,3965920,4045920,0,0,0,0,0,0,0,1,3,0,0,0
FluencyBank,99,51,4029760,4077760,4013760,4093760,0,0,0,1,1,0,0,0,1,0,0,0
FluencyBank,99,52,4074880,4122880,4058880,4138880,0,0,0,0,0,0,0,0,3,0,0,0
FluencyBank,99,53,4181600,4229600,4165600,4245600,0,0,1,0,0,0,0,0,2,0,0,0
FluencyBank,99,54,4211200,4259200,4195200,4275200,0,0,0,0,0,0,0,0,3,1,0,0
FluencyBank,99,55,4447360,4495360,4431360,4511360,0,0,0,0,0,0,0,1,3,0,0,0
FluencyBank,99,56,4478240,4526240,4462240,4542240,0,0,1,1,0,0,0,0,1,0,0,0
FluencyBank,99,57,4559040,4607040,4543040,4623040,0,0,0,0,0,1,0,3,2,0,0,0
FluencyBank,99,58,4588480,4636480,4572480,4652480,0,0,0,1,1,1,0,1,0,0,0,0
FluencyBank,99,59,308960,356960,292960,372960,0,0,0,0,0,0,0,3,3,0,0,0
FluencyBank,99,60,337120,385120,321120,401120,0,0,0,0,0,0,0,3,3,0,0,0
FluencyBank,99,61,4633440,4681440,4617440,4697440,0,0,1,0,0,0,0,2,2,0,0,0
FluencyBank,99,62,4702560,4750560,4686560,4766560,0,0,0,0,0,0,0,2,3,0,0,0
FluencyBank,99,63,4729600,4777600,4713600,4793600,0,0,0,1,0,1,0,1,1,1,0,0
FluencyBank,99,64,4782720,4830720,4766720,4846720,0,0,0,2,0,0,0,1,1,0,0,0
FluencyBank,99,65,4923360,4971360,4907360,4987360,0,0,1,0,1,0,0,0,1,0,0,0
FluencyBank,99,66,4957600,5005600,4941600,5021600,0,0,0,2,0,1,0,3,0,0,0,0
FluencyBank,99,67,5023840,5071840,5007840,5087840,0,0,0,0,0,0,0,0,3,1,0,0
FluencyBank,99,68,5148160,5196160,5132160,5212160,0,0,0,0,0,0,0,0,3,0,0,0
FluencyBank,99,69,5181440,5229440,5165440,5245440,0,0,0,0,0,3,0,1,0,0,0,0
FluencyBank,99,70,5232320,5280320,5216320,5296320,0,0,0,0,0,0,0,2,3,0,0,0
FluencyBank,99,71,5297440,5345440,5281440,5361440,0,0,0,0,0,3,0,0,0,1,0,0
FluencyBank,99,72,5414560,5462560,5398560,5478560,1,0,0,0,0,0,0,0,2,0,0,0
FluencyBank,99,73,5441600,5489600,5425600,5505600,0,0,0,0,0,0,0,1,3,1,0,0
FluencyBank,99,74,5488320,5536320,5472320,5552320,0,0,0,0,0,1,0,3,2,0,0,0
FluencyBank,99,75,5538720,5586720,5522720,5602720,0,0,1,0,0,0,0,0,2,0,0,0
FluencyBank,99,76,5581120,5629120,5565120,5645120,0,0,0,3,0,0,0,0,0,0,0,0
FluencyBank,99,77,422400,470400,406400,486400,0,0,0,0,0,0,0,3,3,0,0,0
FluencyBank,99,78,5700160,5748160,5684160,5764160,0,0,0,1,0,1,0,2,2,1,0,0
FluencyBank,99,79,5730880,5778880,5714880,5794880,0,0,0,2,1,0,0,1,0,0,0,0
FluencyBank,99,80,5814560,5862560,5798560,5878560,0,0,0,0,0,0,0,0,3,1,0,0
FluencyBank,99,81,5846560,5894560,5830560,5910560,0,0,1,0,0,0,0,0,2,1,0,0
FluencyBank,99,82,5902080,5950080,5886080,5966080,0,0,0,0,0,1,0,1,2,0,0,0
FluencyBank,99,83,5955200,6003200,5939200,6019200,0,0,2,0,0,1,0,0,1,0,0,0
FluencyBank,99,84,5984160,6032160,5968160,6048160,0,0,1,1,0,2,0,0,0,0,0,0
FluencyBank,99,85,6140320,6188320,6124320,6204320,0,0,0,0,0,0,0,0,3,2,0,0
FluencyBank,99,86,6170080,6218080,6154080,6234080,0,0,0,0,0,0,0,2,3,0,0,0
FluencyBank,99,87,6229920,6277920,6213920,6293920,0,0,1,0,0,0,0,0,2,0,0,0
FluencyBank,99,88,6264000,6312000,6248000,6328000,0,0,0,0,0,0,0,0,3,0,0,0
FluencyBank,99,89,6546080,6594080,6530080,6610080,0,0,0,1,0,0,0,2,2,0,0,0
FluencyBank,99,90,6575360,6623360,6559360,6639360,0,0,0,0,0,0,0,0,3,0,0,0
FluencyBank,99,91,6621760,6669760,6605760,6685760,0,0,0,1,1,1,0,2,0,0,0,0
FluencyBank,99,92,6657760,6705760,6641760,6721760,0,0,0,2,0,0,0,0,1,0,0,0
FluencyBank,99,93,6697920,6745920,6681920,6761920,0,0,0,0,0,0,0,0,3,0,0,0
FluencyBank,99,94,6731040,6779040,6715040,6795040,0,0,1,1,0,0,0,2,1,1,0,0
FluencyBank,99,95,6969280,7017280,6953280,7033280,0,0,0,1,1,2,0,1,0,0,0,0
FluencyBank,99,96,6998880,7046880,6982880,7062880,0,0,0,2,0,0,0,3,1,0,0,0
FluencyBank,99,97,498400,546400,482400,562400,0,0,0,0,0,3,0,3,0,0,0,0
FluencyBank,99,98,525600,573600,509600,589600,0,0,0,0,0,0,0,2,3,0,0,0
FluencyBank,99,99,7045440,7093440,7029440,7109440,0,0,0,0,0,0,0,3,3,0,0,0
FluencyBank,99,100,7076800,7124800,7060800,7140800,1,0,1,2,0,0,0,0,0,0,0,0
FluencyBank,99,101,7181440,7229440,7165440,7245440,0,0,0,0,0,0,0,0,3,0,0,0
FluencyBank,99,102,7211840,7259840,7195840,7275840,0,0,1,0,0,0,0,2,2,2,0,0
FluencyBank,99,103,7236320,7284320,7220320,7300320,0,0,0,0,0,0,0,1,3,0,0,0
FluencyBank,99,104,7301120,7349120,7285120,7365120,0,0,0,0,0,0,0,3,3,0,0,0
FluencyBank,99,105,7363040,7411040,7347040,7427040,0,0,0,0,0,3,0,3,0,0,0,0
FluencyBank,99,106,7458240,7506240,7442240,7522240,0,0,0,0,0,0,0,2,3,0,0,0
FluencyBank,99,107,7484960,7532960,7468960,7548960,0,0,0,2,0,0,0,0,1,0,0,0
FluencyBank,99,108,7550880,7598880,7534880,7614880,0,0,0,0,0,0,0,3,3,0,0,0
FluencyBank,99,109,7654720,7702720,7638720,7718720,0,0,0,0,0,3,0,3,0,0,0,0
FluencyBank,99,110,7700480,7748480,7684480,7764480,0,0,0,0,0,3,0,2,0,0,0,0
FluencyBank,99,111,7785440,7833440,7769440,7849440,0,0,0,0,0,2,0,0,1,0,0,0
FluencyBank,99,112,7814880,7862880,7798880,7878880,0,0,0,1,2,0,0,0,0,0,0,0
FluencyBank,99,113,7868320,7916320,7852320,7932320,0,0,0,1,2,0,0,0,0,0,0,0
FluencyBank,99,114,1013600,1061600,997600,1077600,0,0,0,2,0,0,0,0,1,0,0,0
FluencyBank,99,115,1045120,1093120,1029120,1109120,0,0,0,1,2,0,0,1,1,0,0,0
FluencyBank,99,116,7969600,8017600,7953600,8033600,0,0,0,0,0,0,0,3,3,0,0,0
FluencyBank,99,117,8051040,8099040,8035040,8115040,0,0,0,0,0,0,0,0,3,1,0,0
FluencyBank,99,118,8107680,8155680,8091680,8171680,0,0,0,0,2,0,0,0,1,0,0,0
FluencyBank,99,119,8171680,8219680,8155680,8235680,0,0,0,0,0,0,0,0,3,0,0,0
FluencyBank,99,120,8218720,8266720,8202720,8282720,0,0,0,0,0,0,0,0,3,0,0,0
FluencyBank,99,121,8258400,8306400,8242400,8322400,0,0,0,1,0,0,2,0,2,0,0,0
FluencyBank,99,122,8295840,8343840,8279840,8359840,0,0,0,0,0,0,0,3,3,0,0,0
FluencyBank,99,123,8420800,8468800,8404800,8484800,0,0,0,1,2,1,0,2,0,0,0,0
FluencyBank,99,124,8449280,8497280,8433280,8513280,1,0,1,1,1,0,0,2,0,0,0,0
FluencyBank,99,125,8665280,8713280,8649280,8729280,0,0,1,1,0,2,0,3,0,2,0,0
FluencyBank,99,126,8693600,8741600,8677600,8757600,0,0,0,0,0,0,0,2,3,0,0,0
FluencyBank,99,127,8771680,8819680,8755680,8835680,0,0,0,0,0,0,0,3,3,0,0,0
FluencyBank,99,128,8803840,8851840,8787840,8867840,0,0,0,1,0,0,0,2,3,0,0,0
FluencyBank,99,129,9094880,9142880,9078880,9158880,0,0,0,0,0,0,0,0,3,0,0,0
FluencyBank,99,130,9134720,9182720,9118720,9198720,0,0,0,1,1,0,0,0,1,0,0,0
FluencyBank,99,131,9152640,9200640,9136640,9216640,0,0,0,0,0,3,0,0,0,0,0,0
FluencyBank,99,132,1157600,1205600,1141600,1221600,0,0,0,1,0,0,0,0,2,0,0,0
FluencyBank,99,133,1191840,1239840,1175840,1255840,0,0,1,0,2,0,0,1,0,0,0,0
FluencyBank,99,134,9202560,9250560,9186560,9266560,0,0,0,1,0,0,0,0,2,0,0,0
FluencyBank,99,135,9270880,9318880,9254880,9334880,0,0,0,0,0,0,0,0,3,0,0,0
FluencyBank,99,136,9304320,9352320,9288320,9368320,0,0,0,1,1,0,0,3,1,0,0,0
FluencyBank,99,137,9500480,9548480,9484480,9564480,0,0,1,2,0,0,0,2,0,0,0,0
FluencyBank,99,138,9532000,9580000,9516000,9596000,0,0,0,0,0,0,0,0,3,0,0,0
FluencyBank,99,139,9583200,9631200,9567200,9647200,0,0,1,0,0,0,0,0,2,0,0,0
FluencyBank,99,140,9644160,9692160,9628160,9708160,0,0,0,0,0,0,0,0,3,3,0,0
FluencyBank,99,141,9697760,9745760,9681760,9761760,0,0,0,0,0,0,0,0,3,1,0,0
FluencyBank,99,142,9751840,9799840,9735840,9815840,0,0,0,0,0,0,0,0,3,0,0,0
FluencyBank,99,143,9803040,9851040,9787040,9867040,0,0,0,0,0,1,0,0,2,1,0,0
FluencyBank,99,144,9831200,9879200,9815200,9895200,0,0,0,0,0,0,0,0,3,0,0,0
FluencyBank,99,145,9938240,9986240,9922240,10002240,0,0,0,0,0,1,0,1,2,0,0,0
FluencyBank,99,146,9966080,10014080,9950080,10030080,0,0,0,0,0,0,0,3,3,0,0,0
FluencyBank,99,147,10019200,10067200,10003200,10083200,0,0,0,0,0,0,0,0,3,2,0,0
FluencyBank,99,148,10038720,10086720,10022720,10102720,0,0,0,0,0,0,0,2,3,0,0,0
FluencyBank,99,149,1388160,1436160,1372160,1452160,0,0,1,0,1,2,0,0,0,1,0,0
FluencyBank,99,150,1416000,1464000,1400000,1480000,0,0,0,2,0,0,0,3,1,0,0,0
FluencyBank,99,151,10103040,10151040,10087040,10167040,0,0,1,0,0,0,0,3,2,0,0,0
FluencyBank,99,152,10168640,10216640,10152640,10232640,0,0,0,0,0,0,0,0,3,1,0,0
FluencyBank,99,153,10212000,10260000,10196000,10276000,0,0,0,0,0,0,0,0,3,0,0,0
FluencyBank,99,154,10381920,10429920,10365920,10445920,0,0,0,0,0,0,0,0,3,0,0,0
FluencyBank,99,155,10424000,10472000,10408000,10488000,0,0,0,0,0,0,0,2,3,0,0,0
FluencyBank,99,156,10509440,10557440,10493440,10573440,0,0,0,0,0,1,0,2,2,0,0,0
FluencyBank,99,157,10543040,10591040,10527040,10607040,0,0,1,0,1,0,0,2,1,0,0,0
FluencyBank,99,158,10595680,10643680,10579680,10659680,0,0,0,1,0,1,0,0,1,1,0,0
FluencyBank,99,159,10636480,10684480,10620480,10700480,0,0,0,0,0,2,0,0,1,0,0,0
FluencyBank,99,160,10678560,10726560,10662560,10742560,0,0,0,0,0,0,0,0,3,0,0,0
FluencyBank,99,161,10695680,10743680,10679680,10759680,0,0,0,0,0,0,0,0,3,0,0,0
FluencyBank,99,162,10783200,10831200,10767200,10847200,0,0,0,0,0,0,0,2,3,1,0,0
FluencyBank,99,163,10914240,10962240,10898240,10978240,0,0,1,1,0,0,0,0,1,0,0,0
FluencyBank,99,164,10943520,10991520,10927520,11007520,0,0,0,2,2,0,0,0,0,0,0,0
FluencyBank,99,165,11139040,11187040,11123040,11203040,0,0,0,0,0,3,0,3,0,1,0,0
FluencyBank,99,166,11167200,11215200,11151200,11231200,0,0,2,0,0,0,0,0,1,2,0,0
FluencyBank,99,167,1462240,1510240,1446240,1526240,0,0,0,1,0,0,0,2,2,0,0,0
FluencyBank,99,168,11231680,11279680,11215680,11295680,0,0,1,0,0,0,0,3,2,0,0,0
FluencyBank,99,169,11276800,11324800,11260800,11340800,0,0,0,1,0,3,0,2,0,0,0,0
FluencyBank,99,170,11333440,11381440,11317440,11397440,0,0,0,0,0,0,0,2,3,1,0,0
FluencyBank,99,171,11372320,11420320,11356320,11436320,0,0,0,0,0,0,0,2,3,0,0,0
FluencyBank,99,172,11411360,11459360,11395360,11475360,0,0,0,0,0,3,0,2,1,0,0,0
FluencyBank,99,173,11507200,11555200,11491200,11571200,0,0,0,0,0,2,0,0,1,0,0,0
FluencyBank,99,174,11536000,11584000,11520000,11600000,0,0,0,0,0,0,0,1,3,0,0,0
FluencyBank,99,175,11585120,11633120,11569120,11649120,0,0,0,0,0,0,0,1,3,0,0,0
FluencyBank,99,176,11619840,11667840,11603840,11683840,0,0,0,0,0,0,0,3,3,0,0,0
FluencyBank,99,177,11759360,11807360,11743360,11823360,0,0,0,0,0,0,0,2,3,0,0,0
FluencyBank,99,178,11805120,11853120,11789120,11869120,0,0,0,1,0,2,0,2,0,0,0,0
FluencyBank,99,179,11851040,11899040,11835040,11915040,0,0,0,0,1,3,0,0,0,1,0,0
FluencyBank,99,180,11899200,11947200,11883200,11963200,0,0,0,0,0,0,0,0,3,0,0,0
FluencyBank,99,181,12030400,12078400,12014400,12094400,0,0,0,0,0,0,0,0,3,0,0,0
FluencyBank,99,182,12112000,12160000,12096000,12176000,0,0,0,0,0,0,0,2,3,0,0,0
FluencyBank,99,183,12141600,12189600,12125600,12205600,1,0,0,0,0,0,2,0,2,0,0,0
FluencyBank,99,184,1656800,1704800,1640800,1720800,0,0,0,1,0,0,0,3,2,0,0,0
FluencyBank,99,185,1686560,1734560,1670560,1750560,0,0,1,1,0,0,0,2,1,0,0,0
FluencyBank,107,0,0,40480,-16000,56480,0,0,0,0,0,0,0,0,3,0,0,0
FluencyBank,107,1,824160,872160,808160,888160,0,0,0,0,0,0,0,0,3,2,0,0
FluencyBank,107,2,846560,894560,830560,910560,0,0,0,0,0,0,0,0,3,0,0,0
FluencyBank,107,3,939200,987200,923200,1003200,0,0,1,0,0,0,0,3,2,1,0,0
FluencyBank,107,4,962400,1010400,946400,1026400,0,0,1,1,0,0,0,1,1,0,0,0
FluencyBank,107,5,1014240,1062240,998240,1078240,0,0,0,2,0,2,0,0,0,0,0,0
FluencyBank,107,6,1037280,1085280,1021280,1101280,0,0,0,1,1,0,0,0,1,0,0,0
FluencyBank,107,7,1059040,1107040,1043040,1123040,0,0,0,0,0,0,0,0,3,0,0,0
FluencyBank,107,8,1150240,1198240,1134240,1214240,0,0,0,0,0,0,0,0,3,0,0,0
FluencyBank,107,9,1175040,1223040,1159040,1239040,0,0,0,0,0,0,0,0,3,0,0,0
FluencyBank,107,10,1528160,1576160,1512160,1592160,0,0,0,2,1,0,0,0,0,0,0,0
FluencyBank,107,11,1550720,1598720,1534720,1614720,0,0,1,2,0,0,0,0,0,0,0,0
FluencyBank,107,12,1579360,1627360,1563360,1643360,0,0,1,0,0,0,0,0,2,0,0,0
FluencyBank,107,13,1639840,1687840,1623840,1703840,0,0,1,0,0,0,0,0,2,1,0,0
FluencyBank,107,14,1662400,1710400,1646400,1726400,0,0,0,2,0,0,0,1,1,0,0,0
FluencyBank,107,15,1697920,1745920,1681920,1761920,0,0,1,1,2,0,0,1,0,0,0,0
FluencyBank,107,16,1824640,1872640,1808640,1888640,0,0,0,0,0,0,0,0,3,2,0,0
FluencyBank,107,17,1846400,1894400,1830400,1910400,0,0,0,0,0,0,0,0,3,3,0,0
FluencyBank,107,18,148320,196320,132320,212320,0,0,0,1,3,0,0,0,0,0,0,0
FluencyBank,107,19,170560,218560,154560,234560,0,0,1,0,0,0,0,0,2,0,0,0
FluencyBank,107,20,1994560,2042560,1978560,2058560,0,0,0,0,0,0,0,0,3,0,0,0
FluencyBank,107,21,2015520,2063520,1999520,2079520,0,0,0,0,0,0,0,0,3,0,0,0
FluencyBank,107,22,2123680,2171680,2107680,2187680,0,0,2,2,1,0,0,0,0,0,0,0
FluencyBank,107,23,2145920,2193920,2129920,2209920,0,0,1,0,0,0,0,0,2,1,0,0
FluencyBank,107,24,2212000,2260000,2196000,2276000,0,0,0,0,0,0,0,0,3,0,0,0
FluencyBank,107,25,2234880,2282880,2218880,2298880,0,0,0,0,0,0,0,0,3,0,0,0
FluencyBank,107,26,2446080,2494080,2430080,2510080,0,0,0,0,0,0,0,0,3,0,0,0
FluencyBank,107,27,2468960,2516960,2452960,2532960,1,0,0,0,0,0,0,0,2,1,0,0
FluencyBank,107,28,2656480,2704480,2640480,2720480,0,0,0,0,0,0,0,0,3,0,0,0
FluencyBank,107,29,2682880,2730880,2666880,2746880,0,0,0,0,0,0,1,0,3,0,0,0
FluencyBank,107,30,2734720,2782720,2718720,2798720,0,0,1,0,0,0,0,0,3,0,0,0
FluencyBank,107,31,2759200,2807200,2743200,2823200,0,0,1,0,0,0,0,0,2,0,0,0
FluencyBank,107,32,2995680,3043680,2979680,3059680,0,0,0,1,1,1,0,0,1,0,0,0
FluencyBank,107,33,3017440,3065440,3001440,3081440,0,0,0,0,0,2,0,0,1,0,0,0
FluencyBank,107,34,3060960,3108960,3044960,3124960,0,0,0,0,0,0,0,0,3,0,0,0
FluencyBank,107,35,3172160,3220160,3156160,3236160,0,0,0,0,0,0,0,2,3,0,0,0
FluencyBank,107,36,3195040,3243040,3179040,3259040,0,0,0,0,0,0,0,3,3,0,0,0
FluencyBank,107,37,3236320,3284320,3220320,3300320,0,0,0,0,0,0,0,0,3,1,0,0
FluencyBank,107,38,3258080,3306080,3242080,3322080,0,0,0,0,0,0,0,0,3,1,0,0
FluencyBank,107,39,212160,260160,196160,276160,0,0,0,1,2,0,0,0,0,0,0,0
FluencyBank,107,40,3309600,3357600,3293600,3373600,0,0,1,0,1,1,0,0,0,0,0,0
FluencyBank,107,41,3322080,3370080,3306080,3386080,0,0,0,1,0,3,0,0,0,0,0,0
FluencyBank,107,42,3361120,3409120,3345120,3425120,0,0,0,0,0,0,0,0,3,0,0,0
FluencyBank,107,43,3545600,3593600,3529600,3609600,0,0,2,0,0,0,0,0,1,1,0,0
FluencyBank,107,44,3568640,3616640,3552640,3632640,0,0,1,1,0,0,0,0,1,0,0,0
FluencyBank,107,45,3857600,3905600,3841600,3921600,0,0,0,0,0,0,0,0,3,1,0,0
FluencyBank,107,46,3880000,3928000,3864000,3944000,0,0,0,0,0,0,0,0,3,0,0,0
FluencyBank,107,47,3932480,3980480,3916480,3996480,0,0,0,2,0,0,0,0,1,0,0,0
FluencyBank,107,48,3954080,4002080,3938080,4018080,0,0,0,1,0,0,0,0,2,0,0,0
FluencyBank,107,49,4004800,4052800,3988800,4068800,0,0,1,0,0,0,0,0,2,1,0,0
FluencyBank,107,50,4029600,4077600,4013600,4093600,0,0,1,1,0,0,0,0,1,0,0,0
FluencyBank,107,51,4070720,4118720,4054720,4134720,0,0,0,0,0,0,0,3,3,0,0,0
FluencyBank,107,52,4095200,4143200,4079200,4159200,0,0,0,0,0,0,0,3,3,0,0,0
FluencyBank,107,53,4287360,4335360,4271360,4351360,0,0,0,1,0,0,0,0,2,0,0,0
FluencyBank,107,54,4315200,4363200,4299200,4379200,0,0,1,0,0,0,0,0,2,0,0,0
FluencyBank,107,55,4418400,4466400,4402400,4482400,0,0,0,0,0,0,0,3,3,0,0,0
FluencyBank,107,56,4440960,4488960,4424960,4504960,0,0,0,0,0,0,0,2,3,0,0,0
FluencyBank,107,57,226720,274720,210720,290720,0,0,1,1,0,0,0,0,1,0,0,0
FluencyBank,107,58,4497280,4545280,4481280,4561280,0,0,0,0,0,0,0,0,3,1,0,0
FluencyBank,107,59,4519200,4567200,4503200,4583200,0,0,0,0,0,0,0,0,3,0,0,0
FluencyBank,107,60,4679840,4727840,4663840,4743840,0,0,0,0,0,1,0,3,2,0,0,0
FluencyBank,107,61,4700960,4748960,4684960,4764960,0,0,0,0,0,0,0,3,3,0,0,0
FluencyBank,107,62,4840160,4888160,4824160,4904160,0,0,0,0,0,0,0,0,3,0,0,0
FluencyBank,107,63,4871840,4919840,4855840,4935840,0,0,0,0,0,0,0,0,3,0,0,0
FluencyBank,107,64,4958080,5006080,4942080,5022080,0,0,0,0,0,0,0,3,3,0,0,0
FluencyBank,107,65,4980480,5028480,4964480,5044480,0,0,0,0,0,0,0,3,3,1,0,0
FluencyBank,107,66,5106400,5154400,5090400,5170400,0,0,0,0,0,0,0,0,3,0,0,0
FluencyBank,107,67,5127520,5175520,5111520,5191520,0,0,0,0,0,2,0,0,1,0,0,0
FluencyBank,107,68,5192960,5240960,5176960,5256960,0,0,0,0,0,0,0,2,3,1,0,0
FluencyBank,107,69,5216320,5264320,5200320,5280320,0,0,0,0,0,0,0,2,3,0,0,0
FluencyBank,107,70,5235040,5283040,5219040,5299040,0,0,0,0,0,0,0,2,3,1,0,0
FluencyBank,107,71,5326240,5374240,5310240,5390240,0,0,0,0,0,0,0,0,3,0,0,0
FluencyBank,107,72,5347360,5395360,5331360,5411360,0,0,1,0,0,0,0,0,2,0,0,0
FluencyBank,107,73,5462720,5510720,5446720,5526720,0,0,0,0,0,0,0,3,3,0,0,0
FluencyBank,107,74,5487840,5535840,5471840,5551840,0,0,0,0,0,0,0,2,3,0,0,0
FluencyBank,107,75,5565760,5613760,5549760,5629760,0,0,0,3,0,0,1,0,0,1,0,0
FluencyBank,107,76,5589760,5637760,5573760,5653760,0,0,1,0,0,0,0,0,2,0,0,0
FluencyBank,107,77,330880,378880,314880,394880,0,0,0,0,0,0,0,0,3,1,0,0
FluencyBank,107,78,352960,400960,336960,416960,0,0,0,0,0,0,0,0,3,0,0,0
FluencyBank,107,79,5849440,5897440,5833440,5913440,0,0,0,0,3,2,1,0,0,0,0,0
FluencyBank,107,80,5870880,5918880,5854880,5934880,0,0,0,0,0,0,0,0,3,0,0,0
FluencyBank,107,81,5931840,5979840,5915840,5995840,0,0,0,0,0,1,0,3,2,1,0,0
FluencyBank,107,82,5954720,6002720,5938720,6018720,0,0,1,0,0,0,0,2,2,0,0,0
FluencyBank,107,83,6134240,6182240,6118240,6198240,0,0,1,2,1,0,0,0,0,0,0,0
FluencyBank,107,84,6155520,6203520,6139520,6219520,0,0,0,0,0,0,0,0,3,2,0,0
FluencyBank,107,85,6306560,6354560,6290560,6370560,0,0,0,0,0,0,0,0,3,1,0,0
FluencyBank,107,86,6328800,6376800,6312800,6392800,0,0,2,0,0,0,0,0,1,0,0,0
FluencyBank,107,87,6389600,6437600,6373600,6453600,0,0,0,0,0,0,0,0,3,0,0,0
FluencyBank,107,88,6421920,6469920,6405920,6485920,0,0,0,0,0,2,0,0,2,0,0,0
FluencyBank,107,89,389280,437280,373280,453280,0,0,1,0,0,0,0,0,2,2,0,0
FluencyBank,107,90,436800,484800,420800,500800,0,0,1,1,0,0,0,0,1,0,0,0
FluencyBank,107,91,462400,510400,446400,526400,0,0,0,0,1,2,0,0,0,1,0,0
FluencyBank,107,92,480960,528960,464960,544960,0,0,0,0,0,2,0,0,1,1,0,0
FluencyBank,107,93,555040,603040,539040,619040,0,0,0,0,0,0,0,0,3,1,0,0
FluencyBank,107,94,576960,624960,560960,640960,0,0,0,0,0,0,0,0,3,2,0,0
FluencyBank,107,95,711520,759520,695520,775520,0,0,0,0,0,0,0,0,3,0,0,0
FluencyBank,107,96,732480,780480,716480,796480,0,0,0,0,0,0,0,0,3,1,0,0
FluencyBank,109,0,910240,958240,894240,974240,0,0,2,0,0,0,0,0,1,0,0,0
FluencyBank,109,1,4751680,4799680,4735680,4815680,0,0,0,1,1,3,0,2,0,0,0,0
FluencyBank,109,2,4777600,4825600,4761600,4841600,0,0,0,2,0,0,0,0,1,0,0,0
FluencyBank,109,3,4848800,4896800,4832800,4912800,0,0,0,0,2,0,0,0,1,0,0,0
FluencyBank,109,4,4909600,4957600,4893600,4973600,0,0,0,0,0,0,0,0,3,0,0,0
FluencyBank,109,5,5007200,5055200,4991200,5071200,0,0,0,0,0,0,0,2,3,2,0,0
FluencyBank,109,6,5035040,5083040,5019040,5099040,0,0,3,1,0,0,0,3,0,0,0,0
FluencyBank,109,7,5083200,5131200,5067200,5147200,0,0,2,0,2,0,0,0,0,0,0,0
FluencyBank,109,8,5152160,5200160,5136160,5216160,0,0,1,1,1,0,0,2,0,0,0,0
FluencyBank,109,9,5241600,5289600,5225600,5305600,0,0,1,0,0,0,0,0,2,0,0,0
FluencyBank,109,10,5265760,5313760,5249760,5329760,0,0,0,0,0,0,0,0,3,1,0,0
FluencyBank,109,11,5300000,5348000,5284000,5364000,0,0,2,0,2,0,0,0,0,0,0,0
FluencyBank,109,12,5338240,5386240,5322240,5402240,0,0,1,1,0,0,0,0,1,0,0,0
FluencyBank,109,13,5363680,5411680,5347680,5427680,0,0,0,1,0,0,0,0,2,0,0,0
FluencyBank,109,14,5396800,5444800,5380800,5460800,0,0,0,1,0,0,0,3,2,0,0,0
FluencyBank,109,15,5426560,5474560,5410560,5490560,0,0,0,1,1,0,0,2,1,0,0,0
FluencyBank,109,16,3241280,3289280,3225280,3305280,0,0,0,0,0,0,0,0,3,0,0,0
FluencyBank,109,17,3274720,3322720,3258720,3338720,0,0,0,0,0,0,0,0,3,0,0,0
FluencyBank,109,18,5473280,5521280,5457280,5537280,0,0,1,0,0,0,0,3,2,0,0,0
FluencyBank,109,19,5517600,5565600,5501600,5581600,0,0,3,0,0,0,0,2,0,0,0,0
FluencyBank,109,20,5562400,5610400,5546400,5626400,0,0,0,0,0,0,0,0,3,0,0,0
FluencyBank,109,21,5588800,5636800,5572800,5652800,0,0,3,1,0,0,0,0,0,0,0,0
FluencyBank,109,22,5727200,5775200,5711200,5791200,0,0,0,0,0,0,0,0,3,0,0,0
FluencyBank,109,23,5758880,5806880,5742880,5822880,0,0,0,1,0,0,0,0,2,1,0,0
FluencyBank,109,24,5779040,5827040,5763040,5843040,0,0,1,0,0,0,0,3,2,0,0,0
FluencyBank,109,25,5814080,5862080,5798080,5878080,0,0,0,0,3,0,0,1,0,0,0,0
FluencyBank,109,26,5833120,5881120,5817120,5897120,0,0,0,2,1,1,0,0,0,0,0,0
FluencyBank,109,27,5880160,5928160,5864160,5944160,0,0,2,2,0,0,0,1,0,1,0,0
FluencyBank,109,28,5906720,5954720,5890720,5970720,0,0,0,0,0,1,0,2,2,0,0,0
FluencyBank,109,29,6017920,6065920,6001920,6081920,0,0,0,2,1,0,0,0,0,1,0,0
FluencyBank,109,30,6047680,6095680,6031680,6111680,0,0,0,0,0,0,0,0,3,1,0,0
FluencyBank,109,31,6181440,6229440,6165440,6245440,0,0,0,0,0,0,0,3,3,0,0,0
FluencyBank,109,32,6217120,6265120,6201120,6281120,0,0,0,1,1,1,0,3,0,0,0,0
FluencyBank,109,33,4080160,4128160,4064160,4144160,0,0,0,1,1,1,0,2,0,0,0,0
FluencyBank,109,34,4105440,4153440,4089440,4169440,0,0,1,0,0,0,0,2,2,2,0,0
FluencyBank,109,35,6234400,6282400,6218400,6298400,0,0,0,2,1,0,0,0,0,0,0,0
FluencyBank,109,36,6299040,6347040,6283040,6363040,0,0,0,0,3,0,0,0,0,0,0,0
FluencyBank,109,37,6344160,6392160,6328160,6408160,0,0,0,2,1,0,0,0,0,0,0,0
FluencyBank,109,38,6358880,6406880,6342880,6422880,0,0,0,1,2,0,0,0,0,0,0,0
FluencyBank,109,39,6376640,6424640,6360640,6440640,0,0,0,0,1,2,0,0,0,0,0,0
FluencyBank,109,40,6428800,6476800,6412800,6492800,0,0,0,0,0,0,0,3,3,0,0,0
FluencyBank,109,41,6454880,6502880,6438880,6518880,0,0,0,0,0,0,0,0,3,0,0,0
FluencyBank,109,42,6510880,6558880,6494880,6574880,0,0,1,2,1,0,0,0,0,1,0,0
FluencyBank,109,43,6535200,6583200,6519200,6599200,0,0,0,1,2,0,0,0,0,0,0,0
FluencyBank,109,44,6602400,6650400,6586400,6666400,0,0,1,0,0,0,0,0,2,2,0,0
FluencyBank,109,45,6628800,6676800,6612800,6692800,0,0,0,0,0,0,0,0,3,1,0,0
FluencyBank,109,46,6755360,6803360,6739360,6819360,0,0,0,1,2,0,0,0,0,0,0,0
FluencyBank,109,47,6787040,6835040,6771040,6851040,0,0,3,0,0,0,0,1,0,1,0,0
FluencyBank,109,48,4135040,4183040,4119040,4199040,0,0,1,0,0,0,0,0,2,0,0,0
FluencyBank,109,49,6886400,6934400,6870400,6950400,0,0,0,1,1,1,0,2,0,0,0,0
FluencyBank,109,50,6912480,6960480,6896480,6976480,0,0,0,0,0,0,0,3,3,0,0,0
FluencyBank,109,51,6931680,6979680,6915680,6995680,0,0,0,0,0,1,0,1,2,0,0,0
FluencyBank,109,52,7061440,7109440,7045440,7125440,0,0,0,0,0,0,0,2,3,0,0,0
FluencyBank,109,53,7086240,7134240,7070240,7150240,0,0,0,1,0,0,0,2,2,1,0,0
FluencyBank,109,54,7126880,7174880,7110880,7190880,0,0,2,0,0,0,0,0,1,0,0,0
FluencyBank,109,55,7195680,7243680,7179680,7259680,0,0,0,1,2,0,0,3,0,0,0,0
FluencyBank,109,56,7220160,7268160,7204160,7284160,0,0,1,0,0,0,0,3,2,0,0,0
FluencyBank,109,57,7309120,7357120,7293120,7373120,0,0,0,0,0,0,0,0,3,0,0,0
FluencyBank,109,58,7344160,7392160,7328160,7408160,0,0,0,1,1,0,0,0,1,0,0,0
FluencyBank,109,59,7452800,7500800,7436800,7516800,0,0,0,1,0,1,0,0,1,0,0,0
FluencyBank,109,60,7481760,7529760,7465760,7545760,0,0,0,0,0,0,0,0,3,0,0,0
FluencyBank,109,61,7517280,7565280,7501280,7581280,0,0,0,0,0,0,0,0,3,1,0,0
FluencyBank,109,62,7539360,7587360,7523360,7603360,0,0,1,0,0,0,0,0,2,0,0,0
FluencyBank,109,63,7627360,7675360,7611360,7691360,0,0,0,0,1,0,0,0,2,0,0,0
FluencyBank,109,64,7656960,7704960,7640960,7720960,0,0,0,1,1,0,0,0,1,0,0,0
FluencyBank,109,65,4168960,4216960,4152960,4232960,0,0,0,0,3,0,0,0,0,0,0,0
FluencyBank,109,66,7689280,7737280,7673280,7753280,0,0,0,1,0,1,0,3,2,2,0,0
FluencyBank,109,67,7706880,7754880,7690880,7770880,0,0,1,0,0,0,0,3,2,0,0,0
FluencyBank,109,68,7742560,7790560,7726560,7806560,0,0,0,0,3,0,0,1,0,0,0,0
FluencyBank,109,69,7789920,7837920,7773920,7853920,0,0,0,0,0,0,0,0,3,0,0,0
FluencyBank,109,70,7832160,7880160,7816160,7896160,0,0,1,0,0,0,0,0,2,0,0,0
FluencyBank,109,71,7934560,7982560,7918560,7998560,0,0,0,0,0,0,0,0,3,0,0,0
FluencyBank,109,72,7959360,8007360,7943360,8023360,0,0,0,1,2,1,0,0,0,0,0,0
FluencyBank,109,73,8025760,8073760,8009760,8089760,0,0,0,0,0,1,0,3,2,0,0,0
FluencyBank,109,74,8203840,8251840,8187840,8267840,0,0,0,0,2,0,0,0,1,1,0,0
FluencyBank,109,75,8230240,8278240,8214240,8294240,0,0,2,0,1,0,0,0,0,0,0,0
FluencyBank,109,76,8354560,8402560,8338560,8418560,0,0,0,0,0,0,0,0,3,0,0,0
FluencyBank,109,77,8383040,8431040,8367040,8447040,0,0,0,0,1,0,0,0,2,0,0,0
FluencyBank,109,78,4340800,4388800,4324800,4404800,0,0,0,0,0,1,0,1,3,0,0,0
FluencyBank,109,79,4376800,4424800,4360800,4440800,0,0,1,1,1,0,0,2,0,1,0,0
FluencyBank,109,80,4445120,4493120,4429120,4509120,0,0,3,0,0,0,0,0,0,1,0,0
FluencyBank,109,81,4471360,4519360,4455360,4535360,0,0,0,0,0,0,0,2,3,0,0,0
FluencyBank,109,82,4498720,4546720,4482720,4562720,0,0,0,0,0,0,0,0,3,0,0,0
FluencyBank,109,83,4559520,4607520,4543520,4623520,0,0,0,0,2,0,0,0,1,0,0,0
FluencyBank,109,84,4604320,4652320,4588320,4668320,0,0,1,2,0,0,0,0,0,0,0,0
FluencyBank,111,0,0,48000,-16000,64000,0,0,0,0,0,0,0,3,3,0,0,0
FluencyBank,111,1,9640800,9688800,9624800,9704800,0,0,0,0,0,0,0,0,3,1,0,0
FluencyBank,111,2,9668320,9716320,9652320,9732320,0,0,0,0,0,0,1,0,3,0,0,0
FluencyBank,111,3,9816960,9864960,9800960,9880960,0,0,0,1,0,2,0,1,0,0,0,0
FluencyBank,111,4,9847680,9895680,9831680,9911680,0,0,0,0,1,0,0,0,2,2,0,0
FluencyBank,111,5,10026240,10074240,10010240,10090240,0,0,0,0,0,3,0,1,0,0,0,0
FluencyBank,111,6,9999520,10047520,9983520,10063520,0,0,0,2,0,0,0,0,1,0,0,0
FluencyBank,111,7,10180320,10228320,10164320,10244320,0,0,0,0,0,0,0,0,3,1,0,0
FluencyBank,111,8,10218560,10266560,10202560,10282560,0,0,0,1,0,3,0,1,0,0,0,0
FluencyBank,111,9,10260640,10308640,10244640,10324640,0,0,0,0,0,0,0,0,3,1,0,0
FluencyBank,111,10,10287360,10335360,10271360,10351360,0,0,0,1,0,0,2,0,2,0,0,0
FluencyBank,111,11,1022560,1070560,1006560,1086560,0,0,0,0,0,2,0,0,1,0,0,0
FluencyBank,111,12,1132640,1180640,1116640,1196640,0,0,0,0,1,3,0,1,0,0,0,0
FluencyBank,111,13,1163680,1211680,1147680,1227680,0,0,0,0,0,0,0,0,3,0,0,0
FluencyBank,111,14,1207200,1255200,1191200,1271200,0,0,0,0,0,0,0,0,3,0,0,0
FluencyBank,111,15,1312800,1360800,1296800,1376800,0,0,0,0,0,0,0,0,3,0,0,0
FluencyBank,111,16,1343840,1391840,1327840,1407840,0,0,0,1,0,0,0,0,2,0,0,0
FluencyBank,111,17,1382880,1430880,1366880,1446880,0,0,0,0,0,0,0,0,3,0,0,0
FluencyBank,111,18,1478720,1526720,1462720,1542720,0,0,1,0,0,3,0,0,0,0,0,0
FluencyBank,111,19,1506880,1554880,1490880,1570880,0,0,0,0,0,0,0,0,3,0,0,0
FluencyBank,111,20,1622240,1670240,1606240,1686240,0,0,0,0,0,2,0,0,1,0,0,0
FluencyBank,111,21,1654720,1702720,1638720,1718720,0,0,1,2,1,1,0,1,0,0,0,0
FluencyBank,111,22,1676000,1724000,1660000,1740000,0,0,3,2,1,0,0,0,0,0,0,0
FluencyBank,111,23,1720320,1768320,1704320,1784320,1,0,0,2,0,2,0,0,0,0,0,0
FluencyBank,111,24,1749920,1797920,1733920,1813920,0,0,0,0,1,0,0,0,2,0,0,0
FluencyBank,111,25,223520,271520,207520,287520,0,0,0,0,0,0,0,3,3,1,0,0
FluencyBank,111,26,248000,296000,232000,312000,0,0,0,0,0,0,0,3,3,0,0,0
FluencyBank,111,27,1856800,1904800,1840800,1920800,0,0,0,0,0,1,0,0,2,0,0,0
FluencyBank,111,28,1884800,1932800,1868800,1948800,0,0,0,1,0,0,0,0,2,2,0,0
FluencyBank,111,29,1911200,1959200,1895200,1975200,0,0,0,0,0,0,0,0,3,0,0,0
FluencyBank,111,30,1974400,2022400,1958400,2038400,0,0,1,0,0,0,0,0,2,0,0,0
FluencyBank,111,31,1998560,2046560,1982560,2062560,0,0,1,0,0,0,0,0,2,0,0,0
FluencyBank,111,32,2025280,2073280,2009280,2089280,0,0,3,0,0,0,0,0,0,0,0,0
FluencyBank,111,33,2070080,2118080,2054080,2134080,0,0,0,0,1,2,0,0,0,0,0,0
FluencyBank,111,34,2106720,2154720,2090720,2170720,0,0,0,1,0,0,0,0,2,0,0,0
FluencyBank,111,35,2134080,2182080,2118080,2198080,0,0,0,1,0,1,0,0,1,0,0,0
FluencyBank,111,36,2187040,2235040,2171040,2251040,0,0,0,0,0,1,1,0,2,1,0,0
FluencyBank,111,37,2211840,2259840,2195840,2275840,0,0,0,0,0,0,0,0,3,0,0,0
FluencyBank,111,38,2279040,2327040,2263040,2343040,0,0,0,0,0,0,0,0,3,0,0,0
FluencyBank,111,39,2308160,2356160,2292160,2372160,0,0,0,0,0,0,0,0,3,1,0,0
FluencyBank,111,40,2369600,2417600,2353600,2433600,0,0,0,0,0,0,0,0,3,0,0,0
FluencyBank,111,41,2402880,2450880,2386880,2466880,0,0,0,0,0,0,0,0,3,0,0,0
FluencyBank,111,42,2415680,2463680,2399680,2479680,0,0,0,1,0,1,0,0,1,0,0,0
FluencyBank,111,43,286720,334720,270720,350720,0,0,0,0,0,2,0,0,1,1,0,0
FluencyBank,111,44,2472480,2520480,2456480,2536480,0,0,0,0,0,0,0,3,3,0,0,0
FluencyBank,111,45,2513120,2561120,2497120,2577120,0,0,0,0,0,0,0,0,3,0,0,0
FluencyBank,111,46,2597600,2645600,2581600,2661600,0,0,0,1,0,0,0,3,2,0,0,0
FluencyBank,111,47,2622400,2670400,2606400,2686400,0,0,0,1,0,0,0,2,2,1,0,0
FluencyBank,111,48,2645600,2693600,2629600,2709600,0,0,0,0,0,0,0,0,3,1,0,0
FluencyBank,111,49,2815200,2863200,2799200,2879200,0,0,0,0,0,0,0,0,3,2,0,0
FluencyBank,111,50,2842720,2890720,2826720,2906720,0,0,0,0,0,0,0,0,3,0,0,0
FluencyBank,111,51,2870560,2918560,2854560,2934560,0,0,1,0,0,0,0,0,2,0,0,0
FluencyBank,111,52,3248800,3296800,3232800,3312800,0,0,0,0,0,1,0,2,2,0,0,0
FluencyBank,111,53,3276000,3324000,3260000,3340000,0,0,0,0,0,0,0,3,3,0,0,0
FluencyBank,111,54,3552640,3600640,3536640,3616640,0,0,0,0,0,1,0,0,2,1,0,0
FluencyBank,111,55,3577120,3625120,3561120,3641120,0,0,0,0,0,0,0,0,3,1,0,0
FluencyBank,111,56,3625920,3673920,3609920,3689920,0,0,0,0,1,3,0,0,0,1,0,0
FluencyBank,111,57,3669280,3717280,3653280,3733280,0,0,0,0,0,0,0,0,3,1,0,0
FluencyBank,111,58,3696000,3744000,3680000,3760000,0,0,0,0,1,0,0,0,2,0,0,0
FluencyBank,111,59,3839680,3887680,3823680,3903680,0,0,0,0,1,0,0,0,2,0,0,0
FluencyBank,111,60,3875360,3923360,3859360,3939360,0,0,0,1,0,1,0,3,1,0,0,0
FluencyBank,111,61,491840,539840,475840,555840,0,0,0,0,0,0,0,0,3,1,0,0
FluencyBank,111,62,520320,568320,504320,584320,0,0,0,2,2,0,0,1,0,0,0,0
FluencyBank,111,63,3928480,3976480,3912480,3992480,0,0,0,0,1,3,0,1,0,0,0,0
FluencyBank,111,64,4109280,4157280,4093280,4173280,0,0,0,0,0,0,1,2,3,0,0,0
FluencyBank,111,65,4136800,4184800,4120800,4200800,0,0,0,2,1,1,0,0,0,0,0,0
FluencyBank,111,66,4273120,4321120,4257120,4337120,0,0,0,0,0,0,0,0,3,0,0,0
FluencyBank,111,67,4306240,4354240,4290240,4370240,0,0,2,0,0,0,0,0,1,0,0,0
FluencyBank,111,68,4490400,4538400,4474400,4554400,0,0,0,0,0,0,0,0,3,1,0,0
FluencyBank,111,69,4516800,4564800,4500800,4580800,0,0,0,0,0,0,0,0,3,1,0,0
FluencyBank,111,70,4591040,4639040,4575040,4655040,0,0,0,1,1,1,0,0,0,1,0,0
FluencyBank,111,71,4620800,4668800,4604800,4684800,0,0,0,0,1,3,0,2,0,0,0,0
FluencyBank,111,72,4681600,4729600,4665600,4745600,0,0,0,0,0,0,0,2,3,0,0,0
FluencyBank,111,73,4712480,4760480,4696480,4776480,0,0,0,0,0,2,0,2,1,0,0,0
FluencyBank,111,74,4753600,4801600,4737600,4817600,0,0,3,1,0,0,0,3,0,0,0,0
FluencyBank,111,75,4777760,4825760,4761760,4841760,0,0,0,0,0,0,0,3,3,0,0,0
FluencyBank,111,76,4816480,4864480,4800480,4880480,0,0,0,0,0,3,0,0,0,0,0,0
FluencyBank,111,77,4945920,4993920,4929920,5009920,0,0,0,0,1,0,0,0,2,0,0,0
FluencyBank,111,78,4982880,5030880,4966880,5046880,0,0,0,1,0,3,0,1,0,0,0,0
FluencyBank,111,79,562080,610080,546080,626080,0,0,1,0,1,0,0,0,1,0,0,0
FluencyBank,111,80,598400,646400,582400,662400,0,0,0,0,0,0,0,0,3,0,0,0
FluencyBank,111,81,5197920,5245920,5181920,5261920,0,0,0,0,0,0,0,0,3,1,0,0
FluencyBank,111,82,5226400,5274400,5210400,5290400,0,0,2,1,0,0,0,0,0,0,0,0
FluencyBank,111,83,5291200,5339200,5275200,5355200,0,0,0,0,0,0,0,3,3,0,0,0
FluencyBank,111,84,5354560,5402560,5338560,5418560,0,0,0,0,0,0,0,0,3,0,0,0
FluencyBank,111,85,5379680,5427680,5363680,5443680,0,0,0,0,0,0,0,0,3,0,0,0
FluencyBank,111,86,5411360,5459360,5395360,5475360,0,0,0,0,0,3,0,0,0,0,0,0
FluencyBank,111,87,5469600,5517600,5453600,5533600,0,0,0,0,0,1,0,2,2,0,0,0
FluencyBank,111,88,5495680,5543680,5479680,5559680,0,0,0,0,0,2,0,3,1,0,0,0
FluencyBank,111,89,5559680,5607680,5543680,5623680,0,0,0,1,0,2,0,3,0,0,0,0
FluencyBank,111,90,5614240,5662240,5598240,5678240,0,0,0,0,0,3,0,3,0,0,0,0
FluencyBank,111,91,5639040,5687040,5623040,5703040,0,0,0,1,1,1,0,3,0,0,0,0
FluencyBank,111,92,5704800,5752800,5688800,5768800,0,0,0,0,0,0,0,0,3,1,0,0
FluencyBank,111,93,5734240,5782240,5718240,5798240,0,0,0,1,1,2,0,2,0,0,0,0
FluencyBank,111,94,5784640,5832640,5768640,5848640,0,0,0,1,0,0,1,0,2,1,0,0
FluencyBank,111,95,5805280,5853280,5789280,5869280,0,0,0,0,0,0,0,0,3,0,0,0
FluencyBank,111,96,629920,677920,613920,693920,0,0,0,0,0,0,0,0,3,0,0,0
FluencyBank,111,97,5829280,5877280,5813280,5893280,0,0,0,0,0,0,0,0,3,1,0,0
FluencyBank,111,98,5893120,5941120,5877120,5957120,0,0,0,0,0,3,0,0,0,0,0,0
FluencyBank,111,99,5953600,6001600,5937600,6017600,0,0,0,0,0,0,0,0,3,1,0,0
FluencyBank,111,100,6016480,6064480,6000480,6080480,0,0,0,1,1,1,0,3,0,0,0,0
FluencyBank,111,101,6044640,6092640,6028640,6108640,0,0,0,3,0,0,0,0,0,0,0,0
FluencyBank,111,102,6217280,6265280,6201280,6281280,0,0,0,0,0,0,0,3,3,0,0,0
FluencyBank,111,103,6244960,6292960,6228960,6308960,0,0,0,0,0,2,0,3,1,0,0,0
FluencyBank,111,104,6372000,6420000,6356000,6436000,0,0,0,0,0,0,0,0,3,2,0,0
FluencyBank,111,105,6398080,6446080,6382080,6462080,0,0,0,0,0,0,0,2,3,2,0,0
FluencyBank,111,106,6448480,6496480,6432480,6512480,0,0,0,0,0,0,0,0,3,1,0,0
FluencyBank,111,107,6474400,6522400,6458400,6538400,0,0,0,0,0,0,0,3,3,1,0,0
FluencyBank,111,108,6492960,6540960,6476960,6556960,0,0,0,0,0,2,0,3,1,0,0,0
FluencyBank,111,109,6557120,6605120,6541120,6621120,0,0,0,0,0,0,2,0,3,1,0,0
FluencyBank,111,110,6585760,6633760,6569760,6649760,0,0,0,0,0,0,0,3,3,1,0,0
FluencyBank,111,111,6647200,6695200,6631200,6711200,0,0,0,0,0,0,0,3,3,1,0,0
FluencyBank,111,112,674720,722720,658720,738720,0,0,0,0,0,1,0,1,2,0,0,0
FluencyBank,111,113,728160,776160,712160,792160,0,0,0,0,0,0,1,0,3,0,0,0
FluencyBank,111,114,6696000,6744000,6680000,6760000,0,0,0,0,0,0,0,0,3,0,0,0
FluencyBank,111,115,6723360,6771360,6707360,6787360,0,0,0,0,0,0,0,1,3,1,0,0
FluencyBank,111,116,6799360,6847360,6783360,6863360,0,0,0,0,0,0,0,0,3,0,0,0
FluencyBank,111,117,6841280,6889280,6825280,6905280,0,0,1,0,0,0,0,0,2,0,0,0
FluencyBank,111,118,6937280,6985280,6921280,7001280,0,0,0,0,0,0,0,0,3,0,0,0
FluencyBank,111,119,6967680,7015680,6951680,7031680,0,0,0,0,0,0,0,0,3,0,0,0
FluencyBank,111,120,6983200,7031200,6967200,7047200,0,0,1,0,0,1,1,0,1,0,0,0
FluencyBank,111,121,7049600,7097600,7033600,7113600,0,0,0,0,0,0,0,3,3,1,0,0
FluencyBank,111,122,7120320,7168320,7104320,7184320,0,0,0,0,0,0,0,0,3,1,0,0
FluencyBank,111,123,7147680,7195680,7131680,7211680,0,0,0,0,0,0,0,0,3,0,0,0
FluencyBank,111,124,7235040,7283040,7219040,7299040,0,0,0,1,1,2,0,0,0,0,0,0
FluencyBank,111,125,7260960,7308960,7244960,7324960,0,0,0,1,0,0,0,0,2,0,0,0
FluencyBank,111,126,7356000,7404000,7340000,7420000,0,0,1,0,0,0,0,0,2,1,0,0
FluencyBank,111,127,7386880,7434880,7370880,7450880,0,0,0,0,0,0,0,0,3,0,0,0
FluencyBank,111,128,7421600,7469600,7405600,7485600,0,0,2,0,0,0,0,3,1,0,0,0
FluencyBank,111,129,773760,821760,757760,837760,0,0,0,0,0,0,0,0,3,0,0,0
FluencyBank,111,130,7451360,7499360,7435360,7515360,0,0,0,0,0,0,0,0,3,0,0,0
FluencyBank,111,131,7506720,7554720,7490720,7570720,0,0,0,1,0,3,0,0,0,1,0,0
FluencyBank,111,132,7524320,7572320,7508320,7588320,0,0,0,0,1,3,0,0,0,1,0,0
FluencyBank,111,133,7544480,7592480,7528480,7608480,0,0,0,0,0,3,0,3,0,0,0,0
FluencyBank,111,134,7570720,7618720,7554720,7634720,0,0,1,1,0,1,0,3,1,0,0,0
FluencyBank,111,135,7652160,7700160,7636160,7716160,1,0,0,0,0,0,1,0,2,0,0,0
FluencyBank,111,136,7688800,7736800,7672800,7752800,0,0,0,2,1,0,0,0,0,0,0,0
FluencyBank,111,137,7745280,7793280,7729280,7809280,0,0,0,0,0,0,0,0,3,1,0,0
FluencyBank,111,138,7834240,7882240,7818240,7898240,0,0,0,1,1,0,0,0,2,0,0,0
FluencyBank,111,139,7884320,7932320,7868320,7948320,0,0,0,0,0,0,0,3,3,2,0,0
FluencyBank,111,140,8048000,8096000,8032000,8112000,0,0,0,0,0,0,0,0,3,0,0,0
FluencyBank,111,141,8086720,8134720,8070720,8150720,0,0,0,0,3,1,0,0,0,0,0,0
FluencyBank,111,142,8239680,8287680,8223680,8303680,0,0,0,0,0,0,0,3,3,1,0,0
FluencyBank,111,143,8264640,8312640,8248640,8328640,0,0,0,2,1,0,0,3,0,0,0,0
FluencyBank,111,144,919200,967200,903200,983200,0,0,1,0,0,0,0,0,2,0,0,0
FluencyBank,111,145,944640,992640,928640,1008640,0,0,0,0,0,0,0,2,3,0,0,0
FluencyBank,111,146,8429600,8477600,8413600,8493600,1,0,0,0,0,0,0,0,2,1,0,0
FluencyBank,111,147,8454240,8502240,8438240,8518240,0,0,0,3,0,0,1,0,0,0,0,0
FluencyBank,111,148,8488000,8536000,8472000,8552000,0,0,0,0,0,0,0,0,3,1,0,0
FluencyBank,111,149,8562560,8610560,8546560,8626560,0,0,0,0,0,0,0,0,3,1,0,0
FluencyBank,111,150,8592800,8640800,8576800,8656800,0,0,0,1,2,0,0,0,0,0,0,0
FluencyBank,111,151,8777120,8825120,8761120,8841120,0,0,1,0,0,0,0,0,2,1,0,0
FluencyBank,111,152,8803840,8851840,8787840,8867840,0,0,2,0,0,0,0,0,1,0,0,0
FluencyBank,111,153,8871360,8919360,8855360,8935360,0,0,0,0,0,2,0,0,1,0,0,0
FluencyBank,111,154,9037440,9085440,9021440,9101440,0,0,0,0,0,0,0,0,3,0,0,0
FluencyBank,111,155,9063360,9111360,9047360,9127360,0,0,0,0,0,0,0,0,3,1,0,0
FluencyBank,111,156,9202080,9250080,9186080,9266080,0,0,0,0,0,0,0,0,3,0,0,0
FluencyBank,111,157,9227040,9275040,9211040,9291040,0,0,0,1,2,0,0,0,0,0,0,0
FluencyBank,111,158,9277920,9325920,9261920,9341920,0,0,0,1,0,0,0,2,2,1,0,0
FluencyBank,111,159,9308640,9356640,9292640,9372640,0,0,0,0,0,2,0,1,1,0,0,0
FluencyBank,111,160,9435840,9483840,9419840,9499840,0,0,0,0,1,0,0,1,2,0,0,0
FluencyBank,111,161,9463360,9511360,9447360,9527360,0,0,0,1,1,0,0,0,2,0,0,0
FluencyBank,111,162,9550400,9598400,9534400,9614400,0,0,0,0,0,0,0,0,3,0,0,0
FluencyBank,111,163,9576000,9624000,9560000,9640000,0,0,0,0,0,0,0,0,3,0,0,0
FluencyBank,111,164,981120,1029120,965120,1045120,0,0,0,0,0,0,0,3,3,0,0,0
FluencyBank,118,0,2880,50880,-13120,66880,0,0,0,0,0,0,0,0,3,0,0,0
FluencyBank,118,1,889920,937920,873920,953920,0,0,1,0,0,0,0,0,2,1,0,0
FluencyBank,118,2,916480,964480,900480,980480,0,0,0,0,0,0,0,0,3,0,0,0
FluencyBank,118,3,1702560,1750560,1686560,1766560,0,0,3,0,0,0,0,1,0,0,0,0
FluencyBank,118,4,1727840,1775840,1711840,1791840,0,0,1,0,0,0,0,0,2,0,0,0
FluencyBank,118,5,6691840,6739840,6675840,6755840,0,0,0,0,0,0,0,0,3,0,0,0
FluencyBank,118,6,6728480,6776480,6712480,6792480,0,0,0,0,0,0,0,0,3,0,0,0
FluencyBank,118,7,6771840,6819840,6755840,6835840,0,0,0,1,0,0,0,1,2,0,0,0
FluencyBank,118,8,6844320,6892320,6828320,6908320,0,0,0,2,1,0,0,1,0,0,0,0
FluencyBank,118,9,6873920,6921920,6857920,6937920,0,0,0,0,0,0,0,0,3,0,0,0
FluencyBank,118,10,6913920,6961920,6897920,6977920,0,0,0,0,0,0,0,0,3,1,0,0
FluencyBank,118,11,6963040,7011040,6947040,7027040,0,0,3,1,0,0,0,0,0,0,0,0
FluencyBank,118,12,6992160,7040160,6976160,7056160,0,0,1,1,2,0,0,0,0,0,0,0
FluencyBank,118,13,7029280,7077280,7013280,7093280,0,0,0,0,0,0,0,0,3,1,0,0
FluencyBank,118,14,7058240,7106240,7042240,7122240,0,0,0,1,0,0,0,0,2,0,0,0
FluencyBank,118,15,166560,214560,150560,230560,0,0,0,0,0,0,0,0,3,0,0,0
FluencyBank,118,16,208000,256000,192000,272000,0,0,0,1,0,0,0,0,2,0,0,0
FluencyBank,118,17,7089440,7137440,7073440,7153440,0,0,0,1,0,0,0,0,2,1,0,0
FluencyBank,118,18,7125920,7173920,7109920,7189920,0,0,0,1,0,2,0,0,0,0,0,0
FluencyBank,118,19,7155840,7203840,7139840,7219840,0,0,1,1,1,0,0,0,0,0,0,0
FluencyBank,118,20,7200160,7248160,7184160,7264160,0,0,0,0,1,0,0,0,2,0,0,0
FluencyBank,118,21,7218080,7266080,7202080,7282080,0,0,2,0,1,0,0,0,1,0,0,0
FluencyBank,118,22,7296320,7344320,7280320,7360320,0,0,0,0,0,0,0,3,3,0,0,0
FluencyBank,118,23,7351040,7399040,7335040,7415040,0,0,1,0,0,0,0,0,2,1,0,0
FluencyBank,118,24,7388480,7436480,7372480,7452480,0,0,0,0,0,0,0,0,3,0,0,0
FluencyBank,118,25,7442240,7490240,7426240,7506240,0,0,0,0,0,0,0,0,3,0,0,0
FluencyBank,118,26,7484480,7532480,7468480,7548480,0,0,1,0,0,0,0,0,2,2,0,0
FluencyBank,118,27,7547200,7595200,7531200,7611200,0,0,0,0,2,0,0,0,1,0,0,0
FluencyBank,118,28,7583360,7631360,7567360,7647360,0,0,1,0,0,0,0,0,2,1,0,0
FluencyBank,118,29,280320,328320,264320,344320,0,0,0,0,0,0,0,0,3,0,0,0
FluencyBank,118,30,306880,354880,290880,370880,0,0,0,2,1,0,0,0,1,0,0,0
FluencyBank,118,31,7609280,7657280,7593280,7673280,0,0,0,0,0,0,0,0,3,1,0,0
FluencyBank,118,32,7659520,7707520,7643520,7723520,0,0,1,1,0,0,0,0,1,0,0,0
FluencyBank,118,33,7692800,7740800,7676800,7756800,0,0,0,1,1,0,0,0,1,0,0,0
FluencyBank,118,34,7755840,7803840,7739840,7819840,0,0,0,0,0,0,0,0,3,1,0,0
FluencyBank,118,35,7785600,7833600,7769600,7849600,0,0,2,1,1,0,0,0,0,0,0,0
FluencyBank,118,36,7826400,7874400,7810400,7890400,0,0,0,0,0,0,0,0,3,0,0,0
FluencyBank,118,37,7857920,7905920,7841920,7921920,0,0,0,0,0,0,0,3,3,0,0,0
FluencyBank,118,38,7905760,7953760,7889760,7969760,0,0,0,0,0,0,0,0,3,0,0,0
FluencyBank,118,39,7935840,7983840,7919840,7999840,0,0,0,0,0,0,0,0,3,0,0,0
FluencyBank,118,40,7997280,8045280,7981280,8061280,0,0,2,0,2,1,0,1,0,0,0,0
FluencyBank,118,41,8057120,8105120,8041120,8121120,0,0,0,0,0,0,1,0,3,0,0,0
FluencyBank,118,42,8096640,8144640,8080640,8160640,0,0,0,0,0,0,0,0,3,1,0,0
FluencyBank,118,43,8247200,8295200,8231200,8311200,0,0,1,0,0,0,0,0,2,0,0,0
FluencyBank,118,44,8310720,8358720,8294720,8374720,0,0,0,0,0,0,0,0,3,0,0,0
FluencyBank,118,45,340960,388960,324960,404960,0,0,1,0,0,0,0,3,2,0,0,0
FluencyBank,118,46,8380640,8428640,8364640,8444640,0,0,3,0,1,0,0,0,0,0,0,0
FluencyBank,118,47,8418560,8466560,8402560,8482560,0,0,0,0,0,1,0,3,2,1,0,0
FluencyBank,118,48,8443200,8491200,8427200,8507200,0,0,2,0,0,0,0,0,1,0,0,0
FluencyBank,118,49,8499520,8547520,8483520,8563520,0,0,0,0,1,0,0,0,2,0,0,0
FluencyBank,118,50,8565280,8613280,8549280,8629280,0,0,0,0,0,0,0,3,3,0,0,0
FluencyBank,118,51,8595520,8643520,8579520,8659520,0,0,0,0,0,0,0,0,3,0,0,0
FluencyBank,118,52,8642560,8690560,8626560,8706560,0,0,0,0,0,1,0,2,2,1,0,0
FluencyBank,118,53,8683680,8731680,8667680,8747680,0,0,2,0,1,0,0,0,0,0,0,0
FluencyBank,118,54,8719360,8767360,8703360,8783360,0,0,0,0,0,0,0,0,3,0,0,0
FluencyBank,118,55,8765440,8813440,8749440,8829440,0,0,1,0,0,0,0,3,2,0,0,0
FluencyBank,118,56,8814880,8862880,8798880,8878880,0,0,1,2,0,0,0,0,0,0,0,0
FluencyBank,118,57,405280,453280,389280,469280,0,0,3,1,0,0,1,0,0,0,0,0
FluencyBank,118,58,443680,491680,427680,507680,0,0,3,0,0,0,0,0,0,0,0,0
FluencyBank,118,59,8877920,8925920,8861920,8941920,0,0,0,0,0,0,0,0,3,0,0,0
FluencyBank,118,60,8916960,8964960,8900960,8980960,0,0,0,0,0,0,0,0,3,0,0,0
FluencyBank,118,61,9023360,9071360,9007360,9087360,0,0,0,0,0,0,0,0,3,0,0,0
FluencyBank,118,62,9051840,9099840,9035840,9115840,1,0,0,0,0,0,1,0,2,0,0,0
FluencyBank,118,63,9141600,9189600,9125600,9205600,0,0,0,0,0,0,0,0,3,0,0,0
FluencyBank,118,64,9278880,9326880,9262880,9342880,0,0,2,1,0,0,0,0,0,0,0,0
FluencyBank,118,65,9314720,9362720,9298720,9378720,0,0,0,1,0,0,0,1,2,0,0,0
FluencyBank,118,66,9378720,9426720,9362720,9442720,0,0,2,0,0,0,0,0,1,0,0,0
FluencyBank,118,67,9425280,9473280,9409280,9489280,0,0,0,0,0,0,0,0,3,0,0,0
FluencyBank,118,68,9480480,9528480,9464480,9544480,0,0,0,0,0,0,0,0,3,2,0,0
FluencyBank,118,69,9508160,9556160,9492160,9572160,0,0,0,0,0,0,0,0,3,0,0,0
FluencyBank,118,70,9571200,9619200,9555200,9635200,0,0,0,0,0,0,0,3,3,0,0,0
FluencyBank,118,71,9600800,9648800,9584800,9664800,0,0,0,0,0,0,0,0,3,0,0,0
FluencyBank,118,72,9629760,9677760,9613760,9693760,0,0,0,0,0,0,0,0,3,0,0,0
FluencyBank,118,73,522720,570720,506720,586720,0,0,3,0,0,0,0,0,0,0,0,0
FluencyBank,118,74,548000,596000,532000,612000,0,0,0,0,0,0,0,3,3,0,0,0
FluencyBank,118,75,9710080,9758080,9694080,9774080,0,0,0,0,0,0,0,0,3,0,0,0
FluencyBank,118,76,9737120,9785120,9721120,9801120,0,0,0,0,0,2,0,0,1,0,0,0
FluencyBank,118,77,9776480,9824480,9760480,9840480,0,0,1,1,0,0,0,1,1,1,0,0
FluencyBank,118,78,9800800,9848800,9784800,9864800,0,0,0,0,0,1,0,1,2,0,0,0
FluencyBank,118,79,9853760,9901760,9837760,9917760,0,0,1,1,0,0,0,0,2,2,0,0
FluencyBank,118,80,9900800,9948800,9884800,9964800,0,0,0,0,2,1,0,0,0,0,0,0
FluencyBank,118,81,9957280,10005280,9941280,10021280,0,0,0,0,0,0,0,0,3,0,0,0
FluencyBank,118,82,10013600,10061600,9997600,10077600,0,0,1,1,1,0,0,0,0,1,0,0
FluencyBank,118,83,10044320,10092320,10028320,10108320,0,0,0,0,0,0,0,0,3,0,0,0
FluencyBank,118,84,10101440,10149440,10085440,10165440,0,0,0,0,0,0,0,0,3,0,0,0
FluencyBank,118,85,10142880,10190880,10126880,10206880,0,0,0,0,0,0,0,0,3,1,0,0
FluencyBank,118,86,10168640,10216640,10152640,10232640,0,0,0,0,0,1,0,3,2,1,0,0
FluencyBank,118,87,10223840,10271840,10207840,10287840,0,0,2,0,1,0,0,0,1,0,0,0
FluencyBank,118,88,10252960,10300960,10236960,10316960,0,0,0,1,2,0,0,0,0,0,0,0
FluencyBank,118,89,598880,646880,582880,662880,0,0,0,0,0,0,0,0,3,0,0,0
FluencyBank,118,90,10296160,10344160,10280160,10360160,0,0,0,0,0,0,0,0,3,0,0,0
FluencyBank,118,91,10330720,10378720,10314720,10394720,0,0,0,0,0,0,0,3,3,0,0,0
FluencyBank,118,92,10357760,10405760,10341760,10421760,0,0,0,0,0,0,0,0,3,0,0,0
FluencyBank,118,93,10498880,10546880,10482880,10562880,0,0,0,1,0,0,0,0,2,0,0,0
FluencyBank,118,94,10537920,10585920,10521920,10601920,0,0,0,2,1,0,0,0,0,0,0,0
FluencyBank,118,95,10578240,10626240,10562240,10642240,0,0,1,1,1,0,2,0,0,0,0,0
FluencyBank,118,96,10600800,10648800,10584800,10664800,0,0,1,1,1,0,1,0,0,0,0,0
FluencyBank,118,97,10616480,10664480,10600480,10680480,0,0,1,1,1,0,1,0,0,0,0,0
FluencyBank,118,98,10629440,10677440,10613440,10693440,0,0,0,1,1,0,2,0,1,0,0,0
FluencyBank,118,99,10674240,10722240,10658240,10738240,0,0,0,1,1,0,0,0,1,0,0,0
FluencyBank,118,100,10684640,10732640,10668640,10748640,0,0,0,1,0,0,0,0,2,0,0,0
FluencyBank,118,101,10718880,10766880,10702880,10782880,0,0,0,1,0,0,0,0,2,1,0,0
FluencyBank,118,102,658240,706240,642240,722240,0,0,0,0,0,0,0,0,3,1,0,0
FluencyBank,118,103,687200,735200,671200,751200,0,0,2,0,0,0,0,2,1,1,0,0
FluencyBank,118,104,10739200,10787200,10723200,10803200,0,0,0,3,0,1,0,3,0,1,0,0
FluencyBank,118,105,10880000,10928000,10864000,10944000,0,0,0,0,0,0,0,0,3,0,0,0
FluencyBank,118,106,10907200,10955200,10891200,10971200,0,0,0,0,0,0,1,0,3,0,0,0
FluencyBank,118,107,10920960,10968960,10904960,10984960,0,0,0,0,0,0,1,0,3,0,0,0
FluencyBank,118,108,12008160,12056160,11992160,12072160,0,0,0,0,0,0,0,0,3,0,0,0
FluencyBank,118,109,12032800,12080800,12016800,12096800,0,0,0,0,0,0,0,0,3,0,0,0
FluencyBank,118,110,729920,777920,713920,793920,0,0,1,0,0,0,0,0,2,0,0,0
FluencyBank,118,111,814400,862400,798400,878400,0,0,2,0,2,0,0,1,0,0,0,0
FluencyBank,118,112,848320,896320,832320,912320,0,0,1,0,0,0,0,0,2,0,0,0
FluencyBank,121,0,17120,65120,1120,81120,0,0,0,2,1,0,0,0,0,0,0,0
FluencyBank,121,1,1019360,1067360,1003360,1083360,0,0,0,0,0,1,0,1,2,0,0,0
FluencyBank,121,2,1043840,1091840,1027840,1107840,0,0,0,1,0,0,0,3,2,1,0,0
FluencyBank,121,3,1077280,1125280,1061280,1141280,0,0,0,0,0,0,0,0,3,0,0,0
FluencyBank,121,4,1124000,1172000,1108000,1188000,0,0,0,0,0,1,0,0,2,0,0,0
FluencyBank,121,5,1153280,1201280,1137280,1217280,0,0,1,0,0,0,0,0,2,1,0,0
FluencyBank,121,6,1205920,1253920,1189920,1269920,0,0,0,1,0,0,0,2,2,0,0,0
FluencyBank,121,7,1255520,1303520,1239520,1319520,0,0,0,0,0,0,0,1,3,0,0,0
FluencyBank,121,8,1288480,1336480,1272480,1352480,0,0,0,0,0,3,0,1,0,0,0,0
FluencyBank,121,9,1337440,1385440,1321440,1401440,0,0,0,1,0,0,0,0,2,0,0,0
FluencyBank,121,10,1448320,1496320,1432320,1512320,1,0,0,0,0,0,2,0,3,0,0,0
FluencyBank,121,11,1479360,1527360,1463360,1543360,0,0,0,0,0,0,0,1,3,0,0,0
FluencyBank,121,12,1538240,1586240,1522240,1602240,0,0,0,0,0,0,0,1,3,0,0,0
FluencyBank,121,13,1575680,1623680,1559680,1639680,0,0,1,1,0,0,0,0,1,0,0,0
FluencyBank,121,14,1611680,1659680,1595680,1675680,0,0,0,1,0,1,0,0,1,0,0,0
FluencyBank,121,15,1752800,1800800,1736800,1816800,0,0,1,0,1,0,0,0,1,1,0,0
FluencyBank,121,16,1779680,1827680,1763680,1843680,0,0,0,0,0,0,0,2,3,0,0,0
FluencyBank,121,17,100320,148320,84320,164320,0,0,0,0,0,0,0,2,3,1,0,0
FluencyBank,121,18,75520,123520,59520,139520,0,0,0,1,0,0,0,0,2,1,0,0
FluencyBank,121,19,1847840,1895840,1831840,1911840,0,0,2,1,1,0,0,0,0,0,0,0
FluencyBank,121,20,1952800,2000800,1936800,2016800,0,0,0,0,0,0,0,1,3,0,0,0
FluencyBank,121,21,1977920,2025920,1961920,2041920,0,0,0,1,0,1,0,2,1,0,0,0
FluencyBank,121,22,2025920,2073920,2009920,2089920,0,0,0,1,1,0,0,2,1,1,0,0
FluencyBank,121,23,2050240,2098240,2034240,2114240,0,0,1,1,0,0,0,3,1,0,0,0
FluencyBank,121,24,2081920,2129920,2065920,2145920,0,0,2,0,0,0,0,0,1,0,0,0
FluencyBank,121,25,2166880,2214880,2150880,2230880,0,0,0,0,0,0,0,0,3,0,0,0
FluencyBank,121,26,2201280,2249280,2185280,2265280,0,0,0,2,0,0,0,0,1,1,0,0
FluencyBank,121,27,2236320,2284320,2220320,2300320,0,0,0,0,0,0,0,3,3,1,0,0
FluencyBank,121,28,2462240,2510240,2446240,2526240,0,0,0,0,0,3,0,0,0,0,0,0
FluencyBank,121,29,2487360,2535360,2471360,2551360,0,0,0,3,1,0,0,2,0,0,0,0
FluencyBank,121,30,2510880,2558880,2494880,2574880,0,0,0,2,0,0,0,1,1,0,0,0
FluencyBank,121,31,2549440,2597440,2533440,2613440,0,0,0,0,0,0,0,0,3,0,0,0
FluencyBank,121,32,2584960,2632960,2568960,2648960,0,0,0,2,1,0,0,0,1,0,0,0
FluencyBank,121,33,242560,290560,226560,306560,0,0,0,0,0,0,0,0,3,0,0,0
FluencyBank,121,34,273280,321280,257280,337280,0,0,0,1,2,0,0,0,0,0,0,0
FluencyBank,121,35,2635520,2683520,2619520,2699520,0,0,1,0,0,2,0,2,0,1,0,0
FluencyBank,121,36,2662560,2710560,2646560,2726560,0,0,1,0,0,1,0,3,1,0,0,0
FluencyBank,121,37,2683040,2731040,2667040,2747040,0,0,0,0,0,0,0,0,3,0,0,0
FluencyBank,121,38,2742720,2790720,2726720,2806720,0,0,1,0,0,0,0,2,2,0,0,0
FluencyBank,121,39,2777280,2825280,2761280,2841280,0,0,1,1,1,0,0,0,0,0,0,0
FluencyBank,121,40,2836000,2884000,2820000,2900000,0,0,0,0,0,0,0,2,3,0,0,0
FluencyBank,121,41,2861440,2909440,2845440,2925440,0,0,1,0,0,0,0,2,2,1,0,0
FluencyBank,121,42,2897440,2945440,2881440,2961440,0,0,1,2,1,3,0,0,0,1,0,0
FluencyBank,121,43,2912000,2960000,2896000,2976000,0,0,0,1,0,3,0,3,0,0,0,0
FluencyBank,121,44,2995520,3043520,2979520,3059520,0,0,3,0,0,0,0,2,0,0,0,0
FluencyBank,121,45,3025120,3073120,3009120,3089120,0,0,1,2,1,1,1,0,0,0,0,0
FluencyBank,121,46,3169120,3217120,3153120,3233120,0,0,0,0,0,0,0,3,3,1,0,0
FluencyBank,121,47,3195040,3243040,3179040,3259040,0,0,2,0,0,1,0,1,0,0,0,0
FluencyBank,121,48,3233600,3281600,3217600,3297600,0,0,2,0,0,0,0,3,1,0,0,0
FluencyBank,121,49,3262400,3310400,3246400,3326400,0,0,0,1,0,0,1,1,2,1,0,0
FluencyBank,121,50,412800,460800,396800,476800,0,0,0,0,0,0,0,2,3,0,0,0
FluencyBank,121,51,460480,508480,444480,524480,0,0,1,0,0,0,0,0,2,1,0,0
FluencyBank,121,52,3280320,3328320,3264320,3344320,0,0,1,0,1,0,0,1,2,2,0,0
FluencyBank,121,53,3322400,3370400,3306400,3386400,0,0,0,0,0,1,0,2,2,1,0,0
FluencyBank,121,54,3348960,3396960,3332960,3412960,0,0,0,0,0,0,0,2,3,1,0,0
FluencyBank,121,55,3449440,3497440,3433440,3513440,0,0,0,0,0,1,0,0,2,1,0,0
FluencyBank,121,56,3475360,3523360,3459360,3539360,0,0,0,0,0,0,0,0,3,0,0,0
FluencyBank,121,57,3541920,3589920,3525920,3605920,0,0,1,1,2,0,0,1,0,0,0,0
FluencyBank,121,58,3566560,3614560,3550560,3630560,0,0,0,2,1,1,0,0,0,0,0,0
FluencyBank,121,59,3604640,3652640,3588640,3668640,0,0,0,3,0,0,0,1,0,0,0,0
FluencyBank,121,60,3670720,3718720,3654720,3734720,0,0,0,0,0,0,0,3,3,0,0,0
FluencyBank,121,61,3742560,3790560,3726560,3806560,0,0,1,0,3,0,0,1,0,0,0,0
FluencyBank,121,62,3845120,3893120,3829120,3909120,0,0,0,0,0,1,0,3,2,0,0,0
FluencyBank,121,63,3870880,3918880,3854880,3934880,0,0,0,0,0,3,0,3,0,0,0,0
FluencyBank,121,64,3941600,3989600,3925600,4005600,0,0,0,0,0,0,0,3,3,1,0,0
FluencyBank,121,65,3967200,4015200,3951200,4031200,0,0,0,0,0,0,0,2,3,0,0,0
FluencyBank,121,66,4156160,4204160,4140160,4220160,0,0,0,2,0,0,0,2,1,0,0,0
FluencyBank,121,67,4183520,4231520,4167520,4247520,0,0,0,0,1,0,0,3,2,0,0,0
FluencyBank,121,68,485120,533120,469120,549120,0,0,0,1,0,0,0,2,2,0,0,0
FluencyBank,121,69,4244000,4292000,4228000,4308000,0,0,0,0,0,0,0,2,3,0,0,0
FluencyBank,121,70,4313280,4361280,4297280,4377280,1,0,2,0,0,0,0,1,2,1,0,0
FluencyBank,121,71,4371520,4419520,4355520,4435520,0,0,0,0,0,0,0,1,3,0,0,0
FluencyBank,121,72,4396960,4444960,4380960,4460960,0,0,0,0,1,0,0,0,2,0,0,0
FluencyBank,121,73,4553280,4601280,4537280,4617280,0,0,0,1,1,0,0,0,1,0,0,0
FluencyBank,121,74,4578400,4626400,4562400,4642400,0,0,0,1,0,0,0,0,2,1,0,0
FluencyBank,121,75,4608800,4656800,4592800,4672800,0,0,0,1,0,0,0,2,2,0,0,0
FluencyBank,121,76,4629600,4677600,4613600,4693600,0,0,0,0,0,0,0,1,3,0,0,0
FluencyBank,121,77,4670240,4718240,4654240,4734240,0,0,0,0,0,0,0,0,3,0,0,0
FluencyBank,121,78,4711360,4759360,4695360,4775360,0,0,0,0,0,3,0,0,0,1,0,0
FluencyBank,121,79,4761440,4809440,4745440,4825440,0,0,0,0,0,0,0,0,3,0,0,0
FluencyBank,121,80,4845760,4893760,4829760,4909760,0,0,3,0,0,3,0,1,0,0,0,0
FluencyBank,121,81,4873920,4921920,4857920,4937920,0,0,1,0,0,0,0,2,2,0,0,0
FluencyBank,121,82,541600,589600,525600,605600,0,0,0,0,0,3,0,0,0,1,0,0
FluencyBank,121,83,566080,614080,550080,630080,0,0,1,1,0,0,0,0,1,0,0,0
FluencyBank,121,84,4927520,4975520,4911520,4991520,0,0,0,2,0,0,0,0,1,0,0,0
FluencyBank,121,85,4956640,5004640,4940640,5020640,0,0,0,1,1,1,1,0,0,0,0,0
FluencyBank,121,86,5008640,5056640,4992640,5072640,0,0,0,1,0,0,1,2,2,0,0,0
FluencyBank,121,87,5045600,5093600,5029600,5109600,0,0,1,0,0,0,0,2,2,0,0,0
FluencyBank,121,88,5083360,5131360,5067360,5147360,0,0,0,1,0,2,0,0,0,0,0,0
FluencyBank,121,89,5156000,5204000,5140000,5220000,0,0,0,1,0,3,0,3,0,0,0,0
FluencyBank,121,90,5180160,5228160,5164160,5244160,0,0,0,1,2,3,0,0,0,0,0,0
FluencyBank,121,91,5212320,5260320,5196320,5276320,0,0,1,0,0,0,0,2,2,0,0,0
FluencyBank,121,92,5264640,5312640,5248640,5328640,0,0,1,0,0,1,0,0,1,1,0,0
FluencyBank,121,93,5291680,5339680,5275680,5355680,0,0,1,0,0,0,0,0,2,0,0,0
FluencyBank,121,94,5341120,5389120,5325120,5405120,0,0,0,0,0,0,0,3,3,0,0,0
FluencyBank,121,95,5450880,5498880,5434880,5514880,0,0,0,0,0,3,0,0,0,1,0,0
FluencyBank,121,96,5489120,5537120,5473120,5553120,0,0,0,1,0,0,0,0,2,0,0,0
FluencyBank,121,97,635520,683520,619520,699520,2,0,0,1,1,0,1,0,1,0,0,0
FluencyBank,121,98,667360,715360,651360,731360,0,0,1,1,0,0,1,0,1,1,0,0
FluencyBank,121,99,5545280,5593280,5529280,5609280,0,0,0,0,0,0,0,0,3,0,0,0
FluencyBank,121,100,5575680,5623680,5559680,5639680,0,0,0,2,1,1,1,1,0,0,0,0
FluencyBank,121,101,5636000,5684000,5620000,5700000,0,0,0,0,0,2,0,3,1,0,0,0
FluencyBank,121,102,5667040,5715040,5651040,5731040,0,0,0,0,0,3,0,1,0,0,0,0
FluencyBank,121,103,5714080,5762080,5698080,5778080,0,0,0,0,0,0,0,0,3,0,0,0
FluencyBank,121,104,5768960,5816960,5752960,5832960,0,0,0,0,0,0,0,2,3,0,0,0
FluencyBank,121,105,5846240,5894240,5830240,5910240,0,0,0,1,0,0,0,0,2,0,0,0
FluencyBank,121,106,5893600,5941600,5877600,5957600,0,0,2,0,0,0,0,0,1,0,0,0
FluencyBank,121,107,6002240,6050240,5986240,6066240,0,0,0,1,2,0,1,3,0,0,0,0
FluencyBank,121,108,6036640,6084640,6020640,6100640,0,0,2,0,0,0,0,0,1,0,0,0
FluencyBank,121,109,6092320,6140320,6076320,6156320,0,0,2,1,0,1,0,0,0,0,0,0
FluencyBank,121,110,6146560,6194560,6130560,6210560,0,0,0,0,0,0,0,1,3,0,0,0
FluencyBank,121,111,712320,760320,696320,776320,0,0,0,0,0,0,0,0,3,0,0,0
FluencyBank,121,112,6350560,6398560,6334560,6414560,0,0,0,3,1,2,1,1,0,1,0,0
FluencyBank,121,113,6380000,6428000,6364000,6444000,0,0,1,2,1,0,0,1,0,0,0,0
FluencyBank,121,114,6398240,6446240,6382240,6462240,0,0,2,1,0,0,0,1,0,0,0,0
FluencyBank,121,115,6443200,6491200,6427200,6507200,0,0,0,0,0,3,0,3,0,0,0,0
FluencyBank,121,116,6469920,6517920,6453920,6533920,0,0,0,0,0,0,0,0,3,1,0,0
FluencyBank,121,117,6686080,6734080,6670080,6750080,0,0,0,0,0,0,0,0,3,0,0,0
FluencyBank,121,118,6727680,6775680,6711680,6791680,0,0,0,0,0,0,0,1,3,1,0,0
FluencyBank,121,119,7035040,7083040,7019040,7099040,0,0,0,0,0,0,0,0,3,0,0,0
FluencyBank,121,120,7075360,7123360,7059360,7139360,0,0,0,0,0,0,0,0,3,1,0,0
FluencyBank,121,121,7100320,7148320,7084320,7164320,0,0,2,1,1,0,0,0,0,0,0,0
FluencyBank,121,122,7157920,7205920,7141920,7221920,0,0,0,0,0,0,0,3,3,0,0,0
FluencyBank,121,123,7194880,7242880,7178880,7258880,0,0,0,2,0,0,0,0,1,0,0,0
FluencyBank,121,124,7275200,7323200,7259200,7339200,0,0,1,1,0,2,0,0,0,1,0,0
FluencyBank,121,125,7304800,7352800,7288800,7368800,0,0,0,2,0,0,0,2,1,0,0,0
FluencyBank,121,126,7358080,7406080,7342080,7422080,0,0,1,2,0,0,0,1,0,0,0,0
FluencyBank,121,127,7466240,7514240,7450240,7530240,0,0,0,0,0,0,0,1,3,0,0,0
FluencyBank,121,128,7499040,7547040,7483040,7563040,0,0,0,1,0,2,1,2,1,0,0,0
FluencyBank,121,129,753120,801120,737120,817120,0,0,0,0,0,2,0,2,1,0,0,0
FluencyBank,121,130,7583200,7631200,7567200,7647200,0,0,0,0,1,1,0,0,1,1,0,0
FluencyBank,121,131,7609600,7657600,7593600,7673600,0,0,0,0,0,3,0,0,0,0,0,0
FluencyBank,121,132,7676160,7724160,7660160,7740160,0,0,0,0,0,0,0,2,3,0,0,0
FluencyBank,121,133,7844800,7892800,7828800,7908800,0,0,0,0,0,0,0,0,3,0,0,0
FluencyBank,121,134,7872000,7920000,7856000,7936000,0,0,0,1,0,3,0,2,0,0,0,0
FluencyBank,121,135,7903520,7951520,7887520,7967520,0,0,0,0,0,0,1,1,3,0,0,0
FluencyBank,121,136,7936960,7984960,7920960,8000960,0,0,0,2,1,0,0,0,0,0,0,0
FluencyBank,121,137,7959040,8007040,7943040,8023040,0,0,0,1,1,1,0,0,0,0,0,0
FluencyBank,121,138,7974080,8022080,7958080,8038080,0,0,0,3,0,0,0,0,0,0,0,0
FluencyBank,121,139,8024320,8072320,8008320,8088320,0,0,0,0,0,1,0,1,2,0,0,0
FluencyBank,121,140,8081920,8129920,8065920,8145920,0,0,1,1,1,0,0,0,0,0,0,0
FluencyBank,121,141,935360,983360,919360,999360,0,0,0,0,0,0,0,3,3,0,0,0
FluencyBank,121,142,966560,1014560,950560,1030560,0,0,0,0,0,0,0,0,3,0,0,0
FluencyBank,132,0,218880,266880,202880,282880,0,0,1,1,0,0,0,2,1,0,0,0
FluencyBank,132,1,1438400,1486400,1422400,1502400,0,0,0,1,1,0,0,2,1,0,0,0
FluencyBank,132,2,1529760,1577760,1513760,1593760,0,0,0,2,0,0,0,2,1,0,0,0
FluencyBank,132,3,1552320,1600320,1536320,1616320,0,0,0,1,0,0,0,0,2,1,0,0
FluencyBank,132,4,1743360,1791360,1727360,1807360,0,0,0,3,1,0,2,0,0,0,0,0
FluencyBank,132,5,1765280,1813280,1749280,1829280,0,0,0,2,1,1,0,0,0,0,0,0
FluencyBank,132,6,1843840,1891840,1827840,1907840,0,0,0,0,0,0,0,2,3,1,0,0
FluencyBank,132,7,1866880,1914880,1850880,1930880,0,0,0,0,0,3,0,2,0,0,0,0
FluencyBank,132,8,1921280,1969280,1905280,1985280,0,0,0,1,1,1,0,0,0,0,0,0
FluencyBank,132,9,1968640,2016640,1952640,2032640,0,0,0,0,0,0,0,2,3,1,0,0
FluencyBank,132,10,2111200,2159200,2095200,2175200,0,0,0,2,0,0,0,3,1,0,0,0
FluencyBank,132,11,2133600,2181600,2117600,2197600,0,0,1,2,2,1,0,0,0,0,0,0
FluencyBank,132,12,2145120,2193120,2129120,2209120,0,0,0,1,0,2,0,3,0,0,0,0
FluencyBank,132,13,2190400,2238400,2174400,2254400,0,0,0,0,0,0,0,3,3,0,0,0
FluencyBank,132,14,2414720,2462720,2398720,2478720,0,0,0,2,1,1,1,0,0,0,0,0
FluencyBank,132,15,2437920,2485920,2421920,2501920,0,0,0,2,1,1,0,2,1,0,0,0
FluencyBank,132,16,323680,371680,307680,387680,0,0,1,1,0,1,0,3,1,1,0,0
FluencyBank,132,17,352960,400960,336960,416960,0,0,0,0,0,0,0,3,3,0,0,0
FluencyBank,132,18,2491360,2539360,2475360,2555360,0,0,0,3,1,0,0,0,0,0,0,0
FluencyBank,132,19,2513920,2561920,2497920,2577920,0,0,0,1,0,0,1,0,2,0,0,0
FluencyBank,132,20,2818400,2866400,2802400,2882400,0,0,1,0,0,0,0,2,2,2,0,0
FluencyBank,132,21,2845600,2893600,2829600,2909600,0,0,2,0,0,1,0,3,0,0,0,0
FluencyBank,132,22,2886720,2934720,2870720,2950720,0,0,0,1,0,0,0,0,2,1,0,0
FluencyBank,132,23,2918400,2966400,2902400,2982400,1,0,2,0,0,0,1,0,1,0,0,0
FluencyBank,132,24,2962560,3010560,2946560,3026560,0,0,0,2,1,0,0,0,0,0,0,0
FluencyBank,132,25,3120000,3168000,3104000,3184000,1,0,0,1,2,2,0,2,0,0,0,0
FluencyBank,132,26,3144160,3192160,3128160,3208160,0,0,1,1,0,0,0,2,1,0,0,0
FluencyBank,132,27,3206400,3254400,3190400,3270400,0,0,1,1,1,2,1,0,0,0,0,0
FluencyBank,132,28,3231680,3279680,3215680,3295680,0,0,0,0,0,3,0,0,0,1,0,0
FluencyBank,132,29,3373440,3421440,3357440,3437440,0,0,0,0,0,1,0,1,2,0,0,0
FluencyBank,132,30,3395200,3443200,3379200,3459200,0,0,0,0,0,0,0,2,3,0,0,0
FluencyBank,132,31,3540480,3588480,3524480,3604480,0,0,0,0,0,0,0,0,3,1,0,0
FluencyBank,132,32,3563520,3611520,3547520,3627520,0,0,0,0,0,0,0,0,3,0,0,0
FluencyBank,132,33,3679680,3727680,3663680,3743680,0,0,1,1,3,0,0,1,0,0,0,0
FluencyBank,132,34,3704480,3752480,3688480,3768480,0,0,1,1,0,0,0,1,1,0,0,0
FluencyBank,132,35,3799200,3847200,3783200,3863200,0,0,0,0,2,0,1,3,1,0,0,0
FluencyBank,132,36,3824160,3872160,3808160,3888160,0,0,0,0,1,0,0,3,2,0,0,0
FluencyBank,132,37,646880,694880,630880,710880,0,0,0,1,0,0,0,3,2,1,0,0
FluencyBank,132,38,672960,720960,656960,736960,0,0,1,1,2,1,1,3,0,0,0,0
FluencyBank,132,39,3868000,3916000,3852000,3932000,0,0,0,0,0,3,0,1,0,0,0,0
FluencyBank,132,40,3881760,3929760,3865760,3945760,0,0,0,1,0,3,0,0,0,0,0,0
FluencyBank,132,41,3912480,3960480,3896480,3976480,0,0,0,2,1,2,0,1,0,0,0,0
FluencyBank,132,42,3932640,3980640,3916640,3996640,0,0,0,2,1,0,0,3,0,0,0,0
FluencyBank,132,43,3960800,4008800,3944800,4024800,0,0,0,0,1,0,0,3,2,0,0,0
FluencyBank,132,44,4000480,4048480,3984480,4064480,0,0,1,1,1,2,0,1,0,1,0,0
FluencyBank,132,45,4014720,4062720,3998720,4078720,0,0,2,0,2,2,0,0,0,0,0,0
FluencyBank,132,46,4119360,4167360,4103360,4183360,0,0,1,1,2,3,0,0,0,0,0,0
FluencyBank,132,47,4143680,4191680,4127680,4207680,0,0,0,1,1,2,0,1,0,0,0,0
FluencyBank,132,48,4159200,4207200,4143200,4223200,0,0,0,0,2,1,0,1,0,0,0,0
FluencyBank,132,49,4220320,4268320,4204320,4284320,0,0,0,1,0,1,0,0,2,0,0,0
FluencyBank,132,50,4242720,4290720,4226720,4306720,0,0,0,1,0,0,0,1,2,1,0,0
FluencyBank,132,51,836320,884320,820320,900320,0,0,0,0,0,0,0,1,3,0,0,0
FluencyBank,132,52,861600,909600,845600,925600,1,0,0,1,0,0,1,3,2,1,0,0
FluencyBank,132,53,4280160,4328160,4264160,4344160,0,0,0,1,0,3,0,3,0,0,0,0
FluencyBank,132,54,4398400,4446400,4382400,4462400,0,0,0,0,2,3,0,0,0,0,0,0
FluencyBank,132,55,4420320,4468320,4404320,4484320,0,0,0,1,1,3,0,1,0,1,0,0
FluencyBank,132,56,4483680,4531680,4467680,4547680,0,0,0,2,0,0,0,0,1,0,0,0
FluencyBank,132,57,4506560,4554560,4490560,4570560,0,0,0,1,2,3,0,1,0,1,0,0
FluencyBank,132,58,4548000,4596000,4532000,4612000,0,0,2,1,0,1,0,1,0,0,0,0
FluencyBank,132,59,4572480,4620480,4556480,4636480,0,0,0,0,0,0,0,0,3,1,0,0
FluencyBank,132,60,4609920,4657920,4593920,4673920,0,0,0,0,0,0,0,0,3,0,0,0
FluencyBank,132,61,4648000,4696000,4632000,4712000,0,0,0,0,0,0,0,0,3,0,0,0
FluencyBank,132,62,4681120,4729120,4665120,4745120,0,0,0,1,0,2,0,1,0,1,0,0
FluencyBank,132,63,4927040,4975040,4911040,4991040,0,0,0,1,2,0,0,0,0,0,0,0
FluencyBank,132,64,4949280,4997280,4933280,5013280,0,0,0,1,2,0,0,3,0,0,0,0
FluencyBank,132,65,5110240,5158240,5094240,5174240,1,0,0,1,0,1,0,3,1,0,0,0
FluencyBank,132,66,5132320,5180320,5116320,5196320,0,0,1,0,0,0,0,2,2,1,0,0
FluencyBank,132,67,5361120,5409120,5345120,5425120,0,0,0,0,0,0,3,0,3,1,0,0
FluencyBank,132,68,5390880,5438880,5374880,5454880,0,0,3,0,0,1,0,1,0,0,0,0
FluencyBank,132,69,5428960,5476960,5412960,5492960,0,0,0,0,0,3,0,1,0,0,0,0
FluencyBank,132,70,5451200,5499200,5435200,5515200,0,0,0,0,0,1,2,2,2,0,0,0
FluencyBank,132,71,880160,928160,864160,944160,0,0,0,0,1,1,0,3,1,0,0,0
FluencyBank,132,72,5522880,5570880,5506880,5586880,0,0,0,0,0,1,0,2,2,1,0,0
FluencyBank,132,73,5547360,5595360,5531360,5611360,0,0,0,0,0,0,0,0,3,0,0,0
FluencyBank,132,74,6015680,6063680,5999680,6079680,0,0,0,0,0,0,0,0,3,1,0,0
FluencyBank,132,75,6040000,6088000,6024000,6104000,0,0,0,0,0,0,2,0,3,0,0,0
FluencyBank,132,76,6056800,6104800,6040800,6120800,0,0,2,0,1,0,0,0,0,0,0,0
FluencyBank,132,77,6185920,6233920,6169920,6249920,0,0,0,0,0,0,0,2,3,1,0,0
FluencyBank,132,78,6211040,6259040,6195040,6275040,0,0,1,0,0,0,0,2,2,2,0,0
FluencyBank,132,79,6637120,6685120,6621120,6701120,0,0,0,2,1,2,1,2,0,0,0,0
FluencyBank,132,80,6659360,6707360,6643360,6723360,0,0,0,0,0,0,0,2,3,0,0,0
FluencyBank,132,81,6956320,7004320,6940320,7020320,0,0,0,0,0,0,0,3,3,0,0,0
FluencyBank,132,82,6980000,7028000,6964000,7044000,0,0,0,0,0,0,0,3,3,0,0,0
FluencyBank,132,83,7144960,7192960,7128960,7208960,0,0,0,0,0,0,0,3,3,1,0,0
FluencyBank,132,84,7171680,7219680,7155680,7235680,0,0,2,0,0,1,0,3,0,0,0,0
FluencyBank,132,85,7308160,7356160,7292160,7372160,0,0,0,0,0,3,0,3,0,0,0,0
FluencyBank,132,86,7329920,7377920,7313920,7393920,0,0,1,0,1,2,1,3,0,0,0,0
FluencyBank,132,87,7507840,7555840,7491840,7571840,0,0,0,0,0,0,0,2,3,0,0,0
FluencyBank,132,88,7530240,7578240,7514240,7594240,0,0,0,0,0,3,0,3,0,0,0,0
FluencyBank,132,89,7580480,7628480,7564480,7644480,0,0,0,1,1,0,0,3,1,0,0,0
FluencyBank,132,90,947040,995040,931040,1011040,0,0,2,0,0,0,0,0,1,1,0,0
FluencyBank,132,91,970240,1018240,954240,1034240,0,0,0,1,0,3,0,0,0,0,0,0
FluencyBank,132,92,7657440,7705440,7641440,7721440,0,0,0,0,0,0,0,3,3,0,0,0
FluencyBank,132,93,7679200,7727200,7663200,7743200,0,0,0,0,0,1,0,3,2,0,0,0
FluencyBank,132,94,1037440,1085440,1021440,1101440,0,0,0,0,0,0,0,3,3,1,0,0
FluencyBank,132,95,1060800,1108800,1044800,1124800,0,0,0,0,0,0,0,2,3,0,0,0
FluencyBank,132,96,1305120,1353120,1289120,1369120,0,0,1,0,0,0,0,1,2,1,0,0
FluencyBank,132,97,1326880,1374880,1310880,1390880,0,0,0,0,0,0,0,0,3,0,0,0
FluencyBank,132,98,1378720,1426720,1362720,1442720,0,0,0,1,2,1,1,1,0,0,0,0
FluencyBank,132,99,1406080,1454080,1390080,1470080,0,0,0,2,1,1,0,0,0,0,0,0
FluencyBank,147,0,363840,411840,347840,427840,0,0,0,1,0,1,0,3,2,1,0,0
FluencyBank,147,1,1904800,1952800,1888800,1968800,0,0,0,0,0,0,1,3,3,1,0,0
FluencyBank,147,2,1940320,1988320,1924320,2004320,0,0,1,1,1,1,1,0,0,0,0,0
FluencyBank,147,3,2168640,2216640,2152640,2232640,0,0,0,0,0,0,0,2,3,1,0,0
FluencyBank,147,4,2194560,2242560,2178560,2258560,0,0,1,0,0,1,0,3,1,0,0,0
FluencyBank,147,5,2305440,2353440,2289440,2369440,0,0,2,1,0,0,0,1,0,0,0,0
FluencyBank,147,6,2343840,2391840,2327840,2407840,0,0,2,1,0,0,0,0,0,0,0,0
FluencyBank,147,7,2358080,2406080,2342080,2422080,0,0,2,1,0,0,1,0,0,0,0,0
FluencyBank,147,8,2841120,2889120,2825120,2905120,0,0,1,0,0,0,0,3,2,0,0,0
FluencyBank,147,9,2874080,2922080,2858080,2938080,0,0,0,0,3,0,2,1,0,0,0,0
FluencyBank,147,10,2930720,2978720,2914720,2994720,0,0,0,0,0,3,0,0,0,0,0,0
FluencyBank,147,11,2981280,3029280,2965280,3045280,0,0,2,1,3,1,1,1,0,0,0,0
FluencyBank,147,12,3007840,3055840,2991840,3071840,0,0,2,1,0,0,0,1,0,0,0,0
FluencyBank,147,13,3050080,3098080,3034080,3114080,0,0,0,0,3,1,0,2,0,0,0,0
FluencyBank,147,14,3127520,3175520,3111520,3191520,0,0,0,3,0,0,0,3,0,0,0,0
FluencyBank,147,15,3165440,3213440,3149440,3229440,0,0,0,1,0,0,0,2,2,0,0,0
FluencyBank,147,16,713920,761920,697920,777920,0,0,0,0,0,0,0,0,3,1,0,0
FluencyBank,147,17,742400,790400,726400,806400,0,0,2,0,0,0,0,0,1,0,0,0
FluencyBank,147,18,3204000,3252000,3188000,3268000,0,0,1,0,0,0,0,2,2,0,0,0
FluencyBank,147,19,3400320,3448320,3384320,3464320,0,0,0,1,0,0,0,0,2,2,0,0
FluencyBank,147,20,3425920,3473920,3409920,3489920,0,0,0,2,2,0,0,0,0,0,0,0
FluencyBank,147,21,3511360,3559360,3495360,3575360,0,0,0,1,2,0,0,0,0,0,0,0
FluencyBank,147,22,3544800,3592800,3528800,3608800,0,0,0,0,0,0,1,1,3,0,0,0
FluencyBank,147,23,4009600,4057600,3993600,4073600,0,0,0,0,0,2,0,3,1,0,0,0
FluencyBank,147,24,4035360,4083360,4019360,4099360,0,0,0,1,0,2,0,3,1,0,0,0
FluencyBank,147,25,4070880,4118880,4054880,4134880,0,0,0,0,0,1,0,3,2,0,0,0
FluencyBank,147,26,4254560,4302560,4238560,4318560,0,0,0,1,1,0,0,0,1,1,0,0
FluencyBank,147,27,4280000,4328000,4264000,4344000,0,0,0,2,1,1,0,0,0,0,0,0
FluencyBank,147,28,4539520,4587520,4523520,4603520,0,0,0,1,2,0,0,3,0,0,0,0
FluencyBank,147,29,4564320,4612320,4548320,4628320,0,0,0,1,2,3,0,3,0,0,0,0
FluencyBank,147,30,4624000,4672000,4608000,4688000,0,0,1,1,0,0,0,0,1,0,0,0
FluencyBank,147,31,4651680,4699680,4635680,4715680,0,0,0,0,0,0,0,2,3,1,0,0
FluencyBank,147,32,4681600,4729600,4665600,4745600,0,0,0,0,0,0,0,0,3,0,0,0
FluencyBank,147,33,797920,845920,781920,861920,0,0,0,1,0,3,0,3,0,0,0,0
FluencyBank,147,34,827360,875360,811360,891360,0,0,0,1,0,2,0,1,1,0,0,0
FluencyBank,147,35,4734720,4782720,4718720,4798720,1,0,0,1,0,1,1,0,0,1,0,0
FluencyBank,147,36,4758880,4806880,4742880,4822880,1,0,0,0,1,0,0,0,2,0,0,0
FluencyBank,147,37,4957920,5005920,4941920,5021920,0,0,1,2,1,1,0,0,0,0,0,0
FluencyBank,147,38,4983360,5031360,4967360,5047360,1,0,1,1,0,0,0,0,1,0,0,0
FluencyBank,147,39,5062880,5110880,5046880,5126880,0,0,0,0,0,0,0,0,3,1,0,0
FluencyBank,147,40,5087360,5135360,5071360,5151360,0,0,0,0,0,0,0,0,3,1,0,0
FluencyBank,147,41,5153280,5201280,5137280,5217280,0,0,0,1,0,0,0,0,2,0,0,0
FluencyBank,147,42,5179040,5227040,5163040,5243040,0,0,0,2,2,0,0,1,0,0,0,0
FluencyBank,147,43,5191520,5239520,5175520,5255520,0,0,0,1,2,0,1,2,0,0,0,0
FluencyBank,147,44,5239680,5287680,5223680,5303680,0,0,0,1,0,2,0,3,0,0,0,0
FluencyBank,147,45,5353280,5401280,5337280,5417280,0,0,0,0,0,0,0,0,3,0,0,0
FluencyBank,147,46,5388160,5436160,5372160,5452160,0,0,0,1,2,0,0,0,1,0,0,0
FluencyBank,147,47,5596000,5644000,5580000,5660000,0,0,2,0,0,0,0,3,1,0,0,0
FluencyBank,147,48,5622720,5670720,5606720,5686720,0,0,0,0,0,3,0,3,0,0,0,0
FluencyBank,147,49,5639840,5687840,5623840,5703840,0,0,0,0,0,3,0,2,0,0,0,0
FluencyBank,147,50,5963520,6011520,5947520,6027520,0,0,1,3,0,2,0,2,0,0,0,0
FluencyBank,147,51,5993120,6041120,5977120,6057120,0,0,3,2,1,1,0,0,0,0,0,0
FluencyBank,147,52,856480,904480,840480,920480,0,0,0,0,0,2,0,3,1,0,0,0
FluencyBank,147,53,6067520,6115520,6051520,6131520,0,0,1,1,0,0,0,0,1,0,0,0
FluencyBank,147,54,6102880,6150880,6086880,6166880,0,0,0,1,1,0,0,3,1,0,0,0
FluencyBank,147,55,6143680,6191680,6127680,6207680,0,0,3,0,0,0,0,0,0,0,0,0
FluencyBank,147,56,6236960,6284960,6220960,6300960,0,0,0,0,0,3,0,3,0,0,0,0
FluencyBank,147,57,6264960,6312960,6248960,6328960,0,0,0,0,0,0,0,3,3,0,0,0
FluencyBank,147,58,6307840,6355840,6291840,6371840,0,0,0,1,0,0,0,0,2,0,0,0
FluencyBank,147,59,6360960,6408960,6344960,6424960,0,0,0,0,0,0,0,0,3,0,0,0
FluencyBank,147,60,6391360,6439360,6375360,6455360,0,0,1,2,0,1,0,2,1,1,0,0
FluencyBank,147,61,6421920,6469920,6405920,6485920,0,0,0,0,0,0,0,0,3,0,0,0
FluencyBank,147,62,6452640,6500640,6436640,6516640,0,0,0,0,0,0,0,1,3,1,0,0
FluencyBank,147,63,6506880,6554880,6490880,6570880,0,0,2,1,0,2,0,3,0,1,0,0
FluencyBank,147,64,6536480,6584480,6520480,6600480,0,0,0,0,0,0,0,0,3,0,0,0
FluencyBank,147,65,6572960,6620960,6556960,6636960,0,0,0,0,0,0,0,0,3,1,0,0
FluencyBank,147,66,6598240,6646240,6582240,6662240,0,0,0,0,0,0,0,0,3,2,0,0
FluencyBank,147,67,6894880,6942880,6878880,6958880,0,0,0,1,1,2,0,3,0,0,0,0
FluencyBank,147,68,6920160,6968160,6904160,6984160,0,0,0,2,0,0,0,3,1,0,0,0
FluencyBank,147,69,878080,926080,862080,942080,0,0,0,0,3,0,0,3,0,0,0,0
FluencyBank,147,70,6986400,7034400,6970400,7050400,0,0,0,0,0,0,0,3,3,1,0,0
FluencyBank,147,71,7010720,7058720,6994720,7074720,0,0,0,1,0,0,0,2,2,1,0,0
FluencyBank,147,72,7049760,7097760,7033760,7113760,0,0,1,0,0,0,0,0,2,0,0,0
FluencyBank,147,73,7388320,7436320,7372320,7452320,0,0,0,0,0,0,0,0,3,2,0,0
FluencyBank,147,74,7413280,7461280,7397280,7477280,0,0,1,0,0,0,0,1,2,1,0,0
FluencyBank,147,75,7515200,7563200,7499200,7579200,0,0,0,1,2,3,0,3,0,0,0,0
FluencyBank,147,76,7540640,7588640,7524640,7604640,0,0,0,0,2,1,0,2,0,0,0,0
FluencyBank,147,77,7580960,7628960,7564960,7644960,0,0,0,1,2,0,0,1,0,0,0,0
FluencyBank,147,78,7610080,7658080,7594080,7674080,1,0,0,1,1,0,2,0,0,0,0,0
FluencyBank,147,79,7638720,7686720,7622720,7702720,0,0,0,0,2,0,0,0,1,0,0,0
FluencyBank,147,80,7714880,7762880,7698880,7778880,0,0,0,0,2,0,0,2,1,0,0,0
FluencyBank,147,81,7740640,7788640,7724640,7804640,0,0,0,0,0,0,1,1,3,1,0,0
FluencyBank,147,82,8131520,8179520,8115520,8195520,0,0,1,0,0,0,0,0,2,0,0,0
FluencyBank,147,83,8157120,8205120,8141120,8221120,0,0,3,2,0,0,0,0,0,0,0,0
FluencyBank,147,84,8213440,8261440,8197440,8277440,1,0,1,2,0,0,0,2,0,0,0,0
FluencyBank,147,85,8350080,8398080,8334080,8414080,0,0,1,0,0,0,0,0,2,1,0,0
FluencyBank,147,86,8377600,8425600,8361600,8441600,0,0,0,1,0,0,0,0,2,1,0,0
FluencyBank,147,87,923360,971360,907360,987360,0,0,1,0,2,0,0,0,1,0,0,0
FluencyBank,147,88,8398880,8446880,8382880,8462880,0,0,0,0,0,0,0,0,3,0,0,0
FluencyBank,147,89,8541600,8589600,8525600,8605600,0,0,1,0,0,0,0,3,2,2,0,0
FluencyBank,147,90,8569120,8617120,8553120,8633120,0,0,0,0,0,0,0,3,3,0,0,0
FluencyBank,147,91,8664800,8712800,8648800,8728800,0,0,0,1,3,0,0,1,0,0,0,0
FluencyBank,147,92,8690560,8738560,8674560,8754560,0,0,0,0,3,1,0,0,0,0,0,0
FluencyBank,147,93,8810560,8858560,8794560,8874560,0,0,0,2,0,1,0,3,1,1,0,0
FluencyBank,147,94,8837920,8885920,8821920,8901920,0,0,0,0,0,2,0,3,1,0,0,0
FluencyBank,147,95,8881600,8929600,8865600,8945600,0,0,0,2,1,3,0,3,0,0,0,0
FluencyBank,147,96,8910240,8958240,8894240,8974240,0,0,0,1,0,0,0,3,2,0,0,0
FluencyBank,147,97,8954560,9002560,8938560,9018560,0,0,0,2,2,0,0,0,0,0,0,0
FluencyBank,147,98,9127200,9175200,9111200,9191200,0,0,1,0,0,0,0,3,2,0,0,0
FluencyBank,147,99,9154240,9202240,9138240,9218240,0,0,1,0,0,0,0,0,2,0,0,0
FluencyBank,147,100,1491040,1539040,1475040,1555040,0,0,0,0,0,2,0,2,1,0,0,0
FluencyBank,147,101,1515680,1563680,1499680,1579680,0,0,2,0,0,0,0,3,1,0,0,0
FluencyBank,147,102,1593440,1641440,1577440,1657440,0,0,0,1,0,0,0,0,2,0,0,0
FluencyBank,147,103,1619200,1667200,1603200,1683200,0,0,1,2,1,0,0,0,0,0,0,0
FluencyBank,147,104,1681280,1729280,1665280,1745280,0,0,1,0,0,0,0,0,2,0,0,0
FluencyBank,147,105,1708000,1756000,1692000,1772000,0,0,1,0,0,0,0,0,2,0,0,0
FluencyBank,147,106,1750400,1798400,1734400,1814400,0,0,2,0,0,0,0,0,1,0,0,0
FluencyBank,147,107,1776160,1824160,1760160,1840160,0,0,0,0,0,0,0,0,3,0,0,0
FluencyBank,173,0,0,41760,-16000,57760,0,0,0,0,0,0,0,2,3,0,0,0
FluencyBank,173,1,652640,700640,636640,716640,0,0,0,0,0,3,0,3,0,0,0,0
FluencyBank,173,2,680160,728160,664160,744160,0,0,3,1,0,0,0,0,0,0,0,0
FluencyBank,173,3,917440,965440,901440,981440,0,0,0,0,0,0,0,0,3,0,0,0
FluencyBank,173,4,938880,986880,922880,1002880,0,0,2,0,0,2,0,0,0,0,0,0
FluencyBank,173,5,969440,1017440,953440,1033440,0,0,0,2,0,0,0,0,1,0,0,0
FluencyBank,173,6,991680,1039680,975680,1055680,0,0,0,0,0,0,0,0,3,1,0,0
FluencyBank,173,7,1005440,1053440,989440,1069440,0,0,0,0,0,0,0,0,3,1,0,0
FluencyBank,173,8,1047680,1095680,1031680,1111680,0,0,1,0,0,0,0,0,2,0,0,0
FluencyBank,173,9,1069760,1117760,1053760,1133760,0,0,1,0,0,0,0,0,2,0,0,0
FluencyBank,173,10,1164480,1212480,1148480,1228480,0,0,0,1,0,2,0,1,0,0,0,0
FluencyBank,173,11,1187040,1235040,1171040,1251040,0,0,0,1,1,1,0,0,0,0,0,0
FluencyBank,173,12,1255520,1303520,1239520,1319520,0,0,1,3,1,0,0,0,0,0,0,0
FluencyBank,173,13,1277120,1325120,1261120,1341120,0,0,0,3,0,0,0,0,0,1,0,0
FluencyBank,173,14,1326240,1374240,1310240,1390240,0,0,0,0,0,0,0,3,3,0,0,0
FluencyBank,173,15,1418720,1466720,1402720,1482720,0,0,0,0,0,0,0,2,3,0,0,0
FluencyBank,173,16,1440640,1488640,1424640,1504640,0,0,1,1,0,0,0,3,2,1,0,0
FluencyBank,173,17,8480,56480,-7520,72480,0,0,0,0,0,0,0,1,3,0,0,0
FluencyBank,173,18,1535680,1583680,1519680,1599680,0,0,0,2,0,0,0,2,1,0,0,0
FluencyBank,173,19,1556960,1604960,1540960,1620960,0,0,0,0,0,0,0,3,3,0,0,0
FluencyBank,173,20,1600160,1648160,1584160,1664160,0,0,0,0,0,0,0,0,3,2,0,0
FluencyBank,173,21,1622240,1670240,1606240,1686240,0,0,0,0,0,3,0,1,0,0,0,0
FluencyBank,173,22,1696000,1744000,1680000,1760000,0,0,1,0,0,1,0,3,1,0,0,0
FluencyBank,173,23,1725120,1773120,1709120,1789120,0,0,0,0,0,3,0,0,0,0,0,0
FluencyBank,173,24,1765600,1813600,1749600,1829600,0,0,0,2,2,2,0,3,0,0,0,0
FluencyBank,173,25,1788800,1836800,1772800,1852800,0,0,0,2,1,1,0,1,0,0,0,0
FluencyBank,173,26,1796000,1844000,1780000,1860000,0,0,0,3,1,0,0,0,0,1,0,0
FluencyBank,173,27,1841120,1889120,1825120,1905120,0,0,0,0,0,0,0,0,3,0,0,0
FluencyBank,173,28,1891840,1939840,1875840,1955840,0,0,0,0,0,0,0,0,3,0,0,0
FluencyBank,173,29,1918080,1966080,1902080,1982080,0,0,0,0,0,0,0,0,3,3,0,0
FluencyBank,173,30,1966080,2014080,1950080,2030080,0,0,3,0,1,0,0,0,0,0,0,0
FluencyBank,173,31,2074240,2122240,2058240,2138240,0,0,0,0,0,2,0,0,1,0,0,0
FluencyBank,173,32,2109120,2157120,2093120,2173120,0,0,0,2,0,0,0,0,1,0,0,0
FluencyBank,173,33,2117440,2165440,2101440,2181440,0,0,0,2,0,0,0,0,1,0,0,0
FluencyBank,173,34,185600,233600,169600,249600,0,0,0,0,0,0,0,0,3,1,0,0
FluencyBank,173,35,213120,261120,197120,277120,0,0,0,2,1,0,0,0,0,1,0,0
FluencyBank,173,36,2144000,2192000,2128000,2208000,0,0,0,0,0,0,0,1,3,1,0,0
FluencyBank,173,37,2158400,2206400,2142400,2222400,0,0,0,0,0,0,0,3,3,0,0,0
FluencyBank,173,38,2180480,2228480,2164480,2244480,0,0,0,1,0,0,0,1,2,0,0,0
FluencyBank,173,39,2194720,2242720,2178720,2258720,0,0,0,0,0,0,0,3,3,0,0,0
FluencyBank,173,40,2368480,2416480,2352480,2432480,0,0,0,2,2,0,0,0,0,0,0,0
FluencyBank,173,41,2394720,2442720,2378720,2458720,0,0,0,2,2,0,0,1,0,0,0,0
FluencyBank,173,42,2438880,2486880,2422880,2502880,0,0,3,0,0,0,0,0,0,0,0,0
FluencyBank,173,43,2462560,2510560,2446560,2526560,0,0,0,1,0,0,0,2,2,2,0,0
FluencyBank,173,44,2474560,2522560,2458560,2538560,0,0,0,0,0,0,0,2,3,1,0,0
FluencyBank,173,45,2519680,2567680,2503680,2583680,0,0,0,0,0,0,0,1,3,1,0,0
FluencyBank,173,46,2582560,2630560,2566560,2646560,0,0,1,1,0,0,0,0,1,0,0,0
FluencyBank,173,47,2618720,2666720,2602720,2682720,0,0,1,0,0,0,0,3,2,0,0,0
FluencyBank,173,48,2660640,2708640,2644640,2724640,0,0,0,0,0,2,0,2,1,0,0,0
FluencyBank,173,49,236320,284320,220320,300320,0,0,0,1,0,1,0,2,2,1,0,0
FluencyBank,173,50,2718400,2766400,2702400,2782400,0,0,0,2,1,0,0,0,0,0,0,0
FluencyBank,173,51,2756800,2804800,2740800,2820800,0,0,0,0,0,3,0,3,0,0,0,0
FluencyBank,173,52,2807360,2855360,2791360,2871360,0,0,1,1,1,3,0,0,0,0,0,0
FluencyBank,173,53,2829920,2877920,2813920,2893920,0,0,0,0,0,3,0,1,0,0,0,0
FluencyBank,173,54,3251200,3299200,3235200,3315200,0,0,0,0,0,0,0,0,3,1,0,0
FluencyBank,173,55,3272320,3320320,3256320,3336320,0,0,0,2,1,1,0,0,0,1,0,0
FluencyBank,173,56,3281600,3329600,3265600,3345600,0,0,0,2,1,0,0,0,0,0,0,0
FluencyBank,173,57,3337760,3385760,3321760,3401760,0,0,0,0,0,0,0,3,3,0,0,0
FluencyBank,173,58,3437760,3485760,3421760,3501760,0,0,0,2,0,3,0,0,0,0,0,0
FluencyBank,173,59,3460320,3508320,3444320,3524320,0,0,0,1,0,0,0,0,2,0,0,0
FluencyBank,173,60,3516960,3564960,3500960,3580960,0,0,0,0,0,0,0,0,3,1,0,0
FluencyBank,173,61,3538880,3586880,3522880,3602880,0,0,0,0,0,0,0,0,3,1,0,0
FluencyBank,173,62,3729920,3777920,3713920,3793920,0,0,0,0,0,0,0,2,3,0,0,0
FluencyBank,173,63,3751680,3799680,3735680,3815680,0,0,0,1,0,3,0,3,0,0,0,0
FluencyBank,173,64,3949760,3997760,3933760,4013760,0,0,0,1,2,2,0,1,0,0,0,0
FluencyBank,173,65,3972480,4020480,3956480,4036480,0,0,0,1,3,0,0,1,0,1,0,0
FluencyBank,173,66,3990240,4038240,3974240,4054240,0,0,1,2,2,0,0,1,0,0,0,0
FluencyBank,173,67,263520,311520,247520,327520,0,0,1,0,0,0,0,3,3,0,0,0
FluencyBank,173,68,4189280,4237280,4173280,4253280,0,0,0,0,0,0,0,0,3,3,0,0
FluencyBank,173,69,4210720,4258720,4194720,4274720,0,0,0,0,0,0,0,0,3,1,0,0
FluencyBank,173,70,4235040,4283040,4219040,4299040,0,0,0,0,0,0,0,0,3,1,0,0
FluencyBank,173,71,4300480,4348480,4284480,4364480,0,0,0,0,0,0,0,0,3,0,0,0
FluencyBank,173,72,4321440,4369440,4305440,4385440,1,0,0,0,1,0,1,0,2,0,0,0
FluencyBank,173,73,280160,328160,264160,344160,0,0,3,0,1,1,1,3,0,0,0,0
FluencyBank,173,74,299680,347680,283680,363680,0,0,3,1,2,0,0,1,0,0,0,0
FluencyBank,173,75,335040,383040,319040,399040,0,0,0,2,1,1,0,0,0,1,0,0
FluencyBank,173,76,359680,407680,343680,423680,0,0,0,1,0,0,0,0,2,1,0,0
FluencyBank,173,77,563040,611040,547040,627040,0,0,0,1,1,2,0,2,0,1,0,0
FluencyBank,173,78,585920,633920,569920,649920,0,0,0,0,1,2,0,2,0,0,0,0
FluencyBank,178,0,0,42080,-16000,58080,0,0,3,0,0,0,0,0,0,1,0,0
FluencyBank,178,1,7204000,7252000,7188000,7268000,0,0,1,0,0,0,0,0,2,0,0,0
FluencyBank,178,2,7224480,7272480,7208480,7288480,0,0,0,0,0,0,0,2,3,0,0,0
FluencyBank,178,3,7266880,7314880,7250880,7330880,0,0,0,0,0,0,0,1,3,0,0,0
FluencyBank,178,4,7292800,7340800,7276800,7356800,0,0,0,1,0,0,0,2,2,2,0,0
FluencyBank,178,5,7340800,7388800,7324800,7404800,0,0,0,1,0,1,0,1,2,0,0,0
FluencyBank,178,6,7373600,7421600,7357600,7437600,0,0,0,0,0,1,0,2,2,0,0,0
FluencyBank,178,7,7429600,7477600,7413600,7493600,0,0,1,0,0,0,0,0,2,0,0,0
FluencyBank,178,8,7462720,7510720,7446720,7526720,0,0,1,0,0,0,0,3,2,0,0,0
FluencyBank,178,9,7490880,7538880,7474880,7554880,0,0,0,0,0,0,0,0,3,0,0,0
FluencyBank,178,10,7527520,7575520,7511520,7591520,0,0,0,0,0,0,0,1,3,0,0,0
FluencyBank,178,11,7564160,7612160,7548160,7628160,0,0,0,0,0,0,0,0,3,2,0,0
FluencyBank,178,12,7601760,7649760,7585760,7665760,0,0,3,0,0,0,0,0,0,0,0,0
FluencyBank,178,13,7956960,8004960,7940960,8020960,0,0,0,0,3,0,0,0,0,0,0,0
FluencyBank,178,14,7986880,8034880,7970880,8050880,0,0,0,0,0,0,0,0,3,0,0,0
FluencyBank,178,15,8019200,8067200,8003200,8083200,0,0,0,1,0,0,0,0,2,3,0,0
FluencyBank,178,16,941440,989440,925440,1005440,0,0,0,0,0,0,0,3,3,0,0,0
FluencyBank,178,17,8045920,8093920,8029920,8109920,0,0,0,0,0,0,0,0,3,0,0,0
FluencyBank,178,18,8078720,8126720,8062720,8142720,0,0,1,0,0,1,0,3,2,1,0,0
FluencyBank,178,19,8121600,8169600,8105600,8185600,0,0,0,0,0,0,0,2,3,1,0,0
FluencyBank,178,20,8155040,8203040,8139040,8219040,0,0,1,0,0,0,0,2,2,1,0,0
FluencyBank,178,21,8188160,8236160,8172160,8252160,0,0,2,0,0,0,0,0,1,0,0,0
FluencyBank,178,22,8229600,8277600,8213600,8293600,0,0,0,0,0,0,0,1,3,0,0,0
FluencyBank,178,23,8250880,8298880,8234880,8314880,0,0,0,0,0,0,0,1,3,0,0,0
FluencyBank,178,24,8310560,8358560,8294560,8374560,0,0,0,0,0,0,0,1,3,0,0,0
FluencyBank,178,25,8361760,8409760,8345760,8425760,0,0,0,0,0,0,0,3,3,0,0,0
FluencyBank,178,26,8430240,8478240,8414240,8494240,0,0,0,0,0,0,0,3,3,0,0,0
FluencyBank,178,27,8458880,8506880,8442880,8522880,0,0,0,0,0,1,0,3,2,0,0,0
FluencyBank,178,28,8487680,8535680,8471680,8551680,0,0,2,0,0,0,0,3,1,0,0,0
FluencyBank,178,29,1032160,1080160,1016160,1096160,0,0,0,0,1,1,0,0,1,1,0,0
FluencyBank,178,30,993280,1041280,977280,1057280,0,0,1,0,0,0,0,1,2,0,0,0
FluencyBank,178,31,8514880,8562880,8498880,8578880,0,0,0,1,0,0,0,1,2,0,0,0
FluencyBank,178,32,8564320,8612320,8548320,8628320,0,0,0,2,0,0,2,0,1,0,0,0
FluencyBank,178,33,8577280,8625280,8561280,8641280,0,0,0,0,0,0,3,0,3,0,0,0
FluencyBank,178,34,8594400,8642400,8578400,8658400,0,0,1,0,0,0,1,0,2,0,0,0
FluencyBank,178,35,8610080,8658080,8594080,8674080,0,0,0,0,1,0,0,0,2,0,0,0
FluencyBank,178,36,1072320,1120320,1056320,1136320,0,0,0,0,0,0,0,3,3,1,0,0
FluencyBank,178,37,1096640,1144640,1080640,1160640,0,0,0,0,0,0,0,1,3,0,0,0
FluencyBank,178,38,1153280,1201280,1137280,1217280,0,0,0,0,2,0,0,0,1,0,0,0
FluencyBank,178,39,1204320,1252320,1188320,1268320,0,0,0,2,1,0,0,2,0,1,0,0
FluencyBank,178,40,1231040,1279040,1215040,1295040,1,0,0,1,0,1,1,2,1,1,0,0
FluencyBank,178,41,1276320,1324320,1260320,1340320,0,0,3,0,0,0,0,0,0,0,0,0
FluencyBank,178,42,1394400,1442400,1378400,1458400,0,0,0,1,1,0,0,2,1,1,0,0
FluencyBank,178,43,1423200,1471200,1407200,1487200,0,0,1,0,0,1,0,2,1,0,0,0
FluencyBank,178,44,1446560,1494560,1430560,1510560,0,0,1,1,0,0,0,3,1,0,0,0
FluencyBank,178,45,1502560,1550560,1486560,1566560,0,0,2,0,0,0,0,1,1,0,0,0
FluencyBank,178,46,1531840,1579840,1515840,1595840,0,0,2,0,1,0,0,2,1,0,0,0
FluencyBank,178,47,122720,170720,106720,186720,0,0,3,0,0,0,0,1,0,0,0,0
FluencyBank,178,48,148320,196320,132320,212320,0,0,2,0,3,0,0,1,0,0,0,0
FluencyBank,178,49,1640160,1688160,1624160,1704160,0,0,1,0,0,1,0,3,1,0,0,0
FluencyBank,178,50,1665440,1713440,1649440,1729440,0,0,2,0,2,0,0,1,1,0,0,0
FluencyBank,178,51,1787360,1835360,1771360,1851360,0,0,0,0,0,0,0,0,3,0,0,0
FluencyBank,178,52,1827840,1875840,1811840,1891840,0,0,0,0,0,0,0,0,3,1,0,0
FluencyBank,178,53,1856480,1904480,1840480,1920480,0,0,1,0,0,1,0,3,1,0,0,0
FluencyBank,178,54,1888480,1936480,1872480,1952480,0,0,1,2,1,0,0,0,0,0,0,0
FluencyBank,178,55,1909280,1957280,1893280,1973280,0,0,2,1,2,0,0,3,0,0,0,0
FluencyBank,178,56,1951680,1999680,1935680,2015680,0,0,0,0,0,0,0,2,3,0,0,0
FluencyBank,178,57,2048480,2096480,2032480,2112480,1,0,0,0,0,0,1,0,2,1,0,0
FluencyBank,178,58,2085280,2133280,2069280,2149280,0,0,0,0,0,0,0,2,3,0,0,0
FluencyBank,178,59,2121920,2169920,2105920,2185920,0,0,1,0,0,1,0,1,1,0,0,0
FluencyBank,178,60,2160480,2208480,2144480,2224480,0,0,0,1,1,0,0,3,1,0,0,0
FluencyBank,178,61,2187840,2235840,2171840,2251840,0,0,1,1,0,0,0,2,1,0,0,0
FluencyBank,178,62,2249280,2297280,2233280,2313280,0,0,0,0,0,0,1,1,3,0,0,0
FluencyBank,178,63,415200,463200,399200,479200,0,0,0,0,1,1,1,0,1,0,0,0
FluencyBank,178,64,443360,491360,427360,507360,0,0,0,1,0,1,0,0,2,0,0,0
FluencyBank,178,65,2302720,2350720,2286720,2366720,0,0,1,0,0,0,0,1,3,1,0,0
FluencyBank,178,66,2341760,2389760,2325760,2405760,0,0,3,0,0,0,0,0,0,1,0,0
FluencyBank,178,67,2367520,2415520,2351520,2431520,1,0,1,0,0,0,1,2,2,0,0,0
FluencyBank,178,68,2436160,2484160,2420160,2500160,0,0,0,0,0,1,0,1,2,0,0,0
FluencyBank,178,69,2462400,2510400,2446400,2526400,0,0,0,1,0,2,0,1,0,0,0,0
FluencyBank,178,70,2523680,2571680,2507680,2587680,0,0,0,1,0,3,0,2,0,1,0,0
FluencyBank,178,71,2581440,2629440,2565440,2645440,0,0,0,1,0,2,0,2,1,1,0,0
FluencyBank,178,72,2601440,2649440,2585440,2665440,0,0,0,0,0,0,0,3,3,2,0,0
FluencyBank,178,73,2652960,2700960,2636960,2716960,0,0,1,0,0,0,0,0,2,0,0,0
FluencyBank,178,74,2676640,2724640,2660640,2740640,0,0,0,0,0,2,0,2,1,0,0,0
FluencyBank,178,75,2888640,2936640,2872640,2952640,0,0,0,0,0,0,0,2,3,0,0,0
FluencyBank,178,76,2923200,2971200,2907200,2987200,0,0,0,0,0,0,1,0,3,0,0,0
FluencyBank,178,77,2964480,3012480,2948480,3028480,0,0,1,0,0,0,0,3,2,0,0,0
FluencyBank,178,78,2990240,3038240,2974240,3054240,0,0,0,0,0,0,0,3,3,0,0,0
FluencyBank,178,79,492800,540800,476800,556800,0,0,2,0,0,0,0,0,1,0,0,0
FluencyBank,178,80,3072000,3120000,3056000,3136000,0,0,0,0,0,0,0,0,3,2,0,0
FluencyBank,178,81,3108640,3156640,3092640,3172640,0,0,0,0,0,0,1,1,3,3,0,0
FluencyBank,178,82,3145120,3193120,3129120,3209120,0,0,3,0,0,0,0,0,0,0,0,0
FluencyBank,178,83,3204000,3252000,3188000,3268000,0,0,0,1,2,0,0,0,0,0,0,0
FluencyBank,178,84,3253760,3301760,3237760,3317760,0,0,1,0,0,0,0,2,2,0,0,0
FluencyBank,178,85,3353280,3401280,3337280,3417280,0,0,0,0,0,0,0,3,3,1,0,0
FluencyBank,178,86,3381280,3429280,3365280,3445280,0,0,1,0,0,0,0,0,2,0,0,0
FluencyBank,178,87,3419040,3467040,3403040,3483040,0,0,0,0,0,0,0,0,3,0,0,0
FluencyBank,178,88,3453280,3501280,3437280,3517280,0,0,2,0,0,0,1,1,1,1,0,0
FluencyBank,178,89,3477280,3525280,3461280,3541280,0,0,0,0,0,0,0,1,3,0,0,0
FluencyBank,178,90,3537760,3585760,3521760,3601760,0,0,0,0,0,3,0,0,0,0,0,0
FluencyBank,178,91,3592320,3640320,3576320,3656320,0,0,0,1,0,0,0,1,2,0,0,0
FluencyBank,178,92,3626080,3674080,3610080,3690080,1,0,0,2,0,0,0,0,1,0,0,0
FluencyBank,178,93,3809440,3857440,3793440,3873440,0,0,0,1,2,0,0,0,0,0,0,0
FluencyBank,178,94,3842240,3890240,3826240,3906240,0,0,0,1,3,1,0,1,0,0,0,0
FluencyBank,178,95,546240,594240,530240,610240,0,0,0,1,2,0,0,1,0,0,0,0
FluencyBank,178,96,3881920,3929920,3865920,3945920,1,0,0,0,1,0,1,0,1,0,0,0
FluencyBank,178,97,3910560,3958560,3894560,3974560,0,0,0,1,0,0,0,1,2,1,0,0
FluencyBank,178,98,3978880,4026880,3962880,4042880,0,0,2,0,0,0,0,0,1,0,0,0
FluencyBank,178,99,4026880,4074880,4010880,4090880,0,0,2,1,0,0,0,0,1,0,0,0
FluencyBank,178,100,4070240,4118240,4054240,4134240,0,0,0,0,0,0,0,3,3,0,0,0
FluencyBank,178,101,4130400,4178400,4114400,4194400,0,0,0,0,0,0,0,0,3,0,0,0
FluencyBank,178,102,4156640,4204640,4140640,4220640,0,0,0,0,0,0,0,1,3,0,0,0
FluencyBank,178,103,4199520,4247520,4183520,4263520,0,0,0,1,0,0,0,0,2,1,0,0
FluencyBank,178,104,4239840,4287840,4223840,4303840,0,0,0,0,0,0,0,0,3,0,0,0
FluencyBank,178,105,4292320,4340320,4276320,4356320,0,0,1,0,0,0,0,3,2,0,0,0
FluencyBank,178,106,4329440,4377440,4313440,4393440,0,0,0,0,0,0,0,0,3,0,0,0
FluencyBank,178,107,4383520,4431520,4367520,4447520,0,0,0,0,0,1,0,0,2,0,0,0
FluencyBank,178,108,4439360,4487360,4423360,4503360,0,0,0,0,0,0,0,0,3,0,0,0
FluencyBank,178,109,4519200,4567200,4503200,4583200,0,0,0,0,3,0,0,0,0,0,0,0
FluencyBank,178,110,4583680,4631680,4567680,4647680,0,0,0,0,3,0,0,2,0,0,0,0
FluencyBank,178,111,4610560,4658560,4594560,4674560,0,0,2,0,1,0,0,2,1,0,0,0
FluencyBank,178,112,591040,639040,575040,655040,0,0,0,0,0,0,0,1,3,1,0,0
FluencyBank,178,113,624320,672320,608320,688320,0,0,0,0,0,0,0,1,3,0,0,0
FluencyBank,178,114,4725920,4773920,4709920,4789920,0,0,3,0,0,0,0,0,0,0,0,0
FluencyBank,178,115,4756480,4804480,4740480,4820480,0,0,0,1,0,0,0,3,2,0,0,0
FluencyBank,178,116,4794080,4842080,4778080,4858080,0,0,0,0,0,0,0,0,3,2,0,0
FluencyBank,178,117,4852000,4900000,4836000,4916000,0,0,0,0,0,0,0,0,3,0,0,0
FluencyBank,178,118,4895360,4943360,4879360,4959360,0,0,1,0,0,0,0,1,2,1,0,0
FluencyBank,178,119,4958880,5006880,4942880,5022880,0,0,1,0,0,0,0,3,2,0,0,0
FluencyBank,178,120,4999040,5047040,4983040,5063040,0,0,0,0,0,1,0,0,2,0,0,0
FluencyBank,178,121,5027680,5075680,5011680,5091680,0,0,0,0,0,0,0,3,3,0,0,0
FluencyBank,178,122,5080480,5128480,5064480,5144480,0,0,0,0,0,0,0,0,3,0,0,0
FluencyBank,178,123,5112960,5160960,5096960,5176960,0,0,0,1,0,0,0,3,2,0,0,0
FluencyBank,178,124,5150080,5198080,5134080,5214080,0,0,0,0,0,0,0,0,3,0,0,0
FluencyBank,178,125,5187200,5235200,5171200,5251200,0,0,1,1,0,0,0,0,1,1,0,0
FluencyBank,178,126,5225440,5273440,5209440,5289440,0,0,1,0,0,0,0,3,2,0,0,0
FluencyBank,178,127,680320,728320,664320,744320,0,0,0,1,0,0,0,1,2,0,0,0
FluencyBank,178,128,5260640,5308640,5244640,5324640,0,0,0,0,0,0,0,0,3,1,0,0
FluencyBank,178,129,5312800,5360800,5296800,5376800,0,0,1,0,0,0,0,2,2,0,0,0
FluencyBank,178,130,5342400,5390400,5326400,5406400,0,0,0,0,0,0,0,0,3,0,0,0
FluencyBank,178,131,5385920,5433920,5369920,5449920,1,0,0,0,0,0,2,0,3,0,0,0
FluencyBank,178,132,5404160,5452160,5388160,5468160,0,0,0,1,2,0,0,0,0,0,0,0
FluencyBank,178,133,5416480,5464480,5400480,5480480,0,0,0,1,2,0,0,0,0,0,0,0
FluencyBank,178,134,5563520,5611520,5547520,5627520,0,0,3,0,3,0,0,0,0,0,0,0
FluencyBank,178,135,5589440,5637440,5573440,5653440,0,0,0,1,2,0,0,0,0,0,0,0
FluencyBank,178,136,5709920,5757920,5693920,5773920,1,0,0,0,2,0,0,0,1,0,0,0
FluencyBank,178,137,5763200,5811200,5747200,5827200,0,0,0,0,0,0,0,0,3,0,0,0
FluencyBank,178,138,5809440,5857440,5793440,5873440,0,0,2,0,0,0,0,0,1,0,0,0
FluencyBank,178,139,5839200,5887200,5823200,5903200,0,0,0,0,0,0,0,0,3,0,0,0
FluencyBank,178,140,715520,763520,699520,779520,0,0,0,0,0,0,0,0,3,0,0,0
FluencyBank,178,141,5903200,5951200,5887200,5967200,0,0,0,0,0,0,0,0,3,0,0,0
FluencyBank,178,142,5944160,5992160,5928160,6008160,0,0,2,0,0,0,0,0,1,0,0,0
FluencyBank,178,143,5999040,6047040,5983040,6063040,0,0,0,0,0,0,0,0,3,1,0,0
FluencyBank,178,144,6045280,6093280,6029280,6109280,0,0,0,0,0,0,0,1,3,0,0,0
FluencyBank,178,145,6077600,6125600,6061600,6141600,0,0,0,0,1,0,0,2,2,0,0,0
FluencyBank,178,146,6186240,6234240,6170240,6250240,0,0,0,0,0,0,0,2,3,0,0,0
FluencyBank,178,147,6213760,6261760,6197760,6277760,0,0,1,0,0,0,0,2,2,0,0,0
FluencyBank,178,148,6238080,6286080,6222080,6302080,0,0,0,0,0,0,0,0,3,0,0,0
FluencyBank,178,149,6262720,6310720,6246720,6326720,0,0,0,0,0,0,0,0,3,0,0,0
FluencyBank,178,150,6363040,6411040,6347040,6427040,0,0,3,0,0,0,0,0,0,0,0,0
FluencyBank,178,151,6405120,6453120,6389120,6469120,0,0,0,1,0,0,0,3,2,1,0,0
FluencyBank,178,152,6432800,6480800,6416800,6496800,0,0,0,0,0,0,0,2,3,0,0,0
FluencyBank,178,153,807520,855520,791520,871520,1,0,0,2,0,0,1,1,1,0,0,0
FluencyBank,178,154,846240,894240,830240,910240,0,0,0,0,0,0,0,3,3,0,0,0
FluencyBank,178,155,6505760,6553760,6489760,6569760,0,0,2,0,0,0,0,0,1,0,0,0
FluencyBank,178,156,6537920,6585920,6521920,6601920,0,0,0,2,1,0,1,1,0,0,0,0
FluencyBank,178,157,6577760,6625760,6561760,6641760,0,0,0,0,0,0,0,0,3,0,0,0
FluencyBank,178,158,6612640,6660640,6596640,6676640,0,0,0,0,0,0,0,0,3,1,0,0
FluencyBank,178,159,6644640,6692640,6628640,6708640,0,0,1,1,3,1,0,0,0,0,0,0
FluencyBank,178,160,6755200,6803200,6739200,6819200,0,0,3,0,0,0,0,0,0,0,0,0
FluencyBank,178,161,6824960,6872960,6808960,6888960,0,0,0,1,0,0,0,0,2,1,0,0
FluencyBank,178,162,6861920,6909920,6845920,6925920,0,0,0,0,0,0,0,0,3,0,0,0
FluencyBank,178,163,6892320,6940320,6876320,6956320,0,0,0,0,0,0,0,0,3,0,0,0
FluencyBank,178,164,6943840,6991840,6927840,7007840,0,0,3,2,0,0,0,3,0,0,0,0
FluencyBank,178,165,6984960,7032960,6968960,7048960,0,0,0,0,0,0,0,1,3,0,0,0
FluencyBank,178,166,7010880,7058880,6994880,7074880,0,0,0,0,0,0,0,3,3,0,0,0
FluencyBank,178,167,7071360,7119360,7055360,7135360,0,0,0,0,0,0,0,2,3,0,0,0
FluencyBank,178,168,7104000,7152000,7088000,7168000,0,0,0,1,0,0,0,2,2,3,0,0
FluencyBank,178,169,7129440,7177440,7113440,7193440,0,0,1,0,0,0,0,3,2,0,0,0
FluencyBank,178,170,877280,925280,861280,941280,0,0,0,1,0,1,0,0,1,0,0,0
FluencyBank,179,0,255200,303200,239200,319200,0,0,0,1,0,1,0,3,2,2,0,0
FluencyBank,179,1,1320480,1368480,1304480,1384480,0,0,0,0,0,1,0,1,2,2,0,0
FluencyBank,179,2,1344000,1392000,1328000,1408000,0,0,0,0,0,0,0,0,3,1,0,0
FluencyBank,179,3,1679040,1727040,1663040,1743040,0,0,0,1,1,0,0,3,1,0,0,0
FluencyBank,179,4,1702080,1750080,1686080,1766080,0,0,0,0,0,0,0,0,3,0,0,0
FluencyBank,179,5,1860480,1908480,1844480,1924480,0,0,0,0,0,0,0,0,3,0,0,0
FluencyBank,179,6,1883040,1931040,1867040,1947040,0,0,0,0,0,0,0,0,3,0,0,0
FluencyBank,179,7,2269280,2317280,2253280,2333280,0,0,0,1,0,1,0,0,2,0,0,0
FluencyBank,179,8,2331680,2379680,2315680,2395680,0,0,0,1,0,0,1,2,2,0,0,0
FluencyBank,179,9,2368640,2416640,2352640,2432640,0,0,0,1,0,0,0,2,2,1,0,0
FluencyBank,179,10,2392640,2440640,2376640,2456640,0,0,0,1,0,0,1,0,2,1,0,0
FluencyBank,179,11,2495680,2543680,2479680,2559680,0,0,1,1,0,0,0,0,1,0,0,0
FluencyBank,179,12,2519040,2567040,2503040,2583040,0,0,1,1,0,1,0,0,0,1,0,0
FluencyBank,179,13,2568320,2616320,2552320,2632320,0,0,0,1,2,2,0,3,0,0,0,0
FluencyBank,179,14,2592000,2640000,2576000,2656000,0,0,0,0,0,0,0,2,3,0,0,0
FluencyBank,179,15,2641760,2689760,2625760,2705760,0,0,0,0,0,0,1,0,3,0,0,0
FluencyBank,179,16,2664000,2712000,2648000,2728000,0,0,0,2,0,0,0,1,1,0,0,0
FluencyBank,179,17,2725760,2773760,2709760,2789760,0,0,0,0,0,0,0,0,3,1,0,0
FluencyBank,179,18,2748160,2796160,2732160,2812160,0,0,0,0,0,0,0,0,3,0,0,0
FluencyBank,179,19,2823360,2871360,2807360,2887360,0,0,0,2,1,0,0,3,0,0,0,0
FluencyBank,179,20,2847360,2895360,2831360,2911360,0,0,0,1,2,0,0,0,0,0,0,0
FluencyBank,179,21,291360,339360,275360,355360,0,0,0,0,0,0,0,2,3,0,0,0
FluencyBank,179,22,314080,362080,298080,378080,0,0,0,0,0,0,0,3,3,0,0,0
FluencyBank,179,23,2888160,2936160,2872160,2952160,0,0,0,2,0,1,0,0,0,1,0,0
FluencyBank,179,24,2926400,2974400,2910400,2990400,0,0,0,0,0,0,0,2,3,0,0,0
FluencyBank,179,25,2952480,3000480,2936480,3016480,0,0,0,0,1,2,0,3,0,0,0,0
FluencyBank,179,26,2994720,3042720,2978720,3058720,0,0,0,0,0,0,0,0,3,1,0,0
FluencyBank,179,27,3017120,3065120,3001120,3081120,0,0,0,0,0,0,0,0,3,1,0,0
FluencyBank,179,28,3047200,3095200,3031200,3111200,0,0,0,0,2,1,0,3,0,0,0,0
FluencyBank,179,29,3115840,3163840,3099840,3179840,0,0,0,0,0,3,0,2,0,0,0,0
FluencyBank,179,30,3137920,3185920,3121920,3201920,0,0,0,0,0,0,0,1,3,0,0,0
FluencyBank,179,31,3191040,3239040,3175040,3255040,0,0,0,1,1,0,0,0,1,0,0,0
FluencyBank,179,32,3213440,3261440,3197440,3277440,0,0,0,0,2,1,0,3,0,0,0,0
FluencyBank,179,33,3270080,3318080,3254080,3334080,0,0,0,0,0,0,1,1,3,0,0,0
FluencyBank,179,34,3291840,3339840,3275840,3355840,0,0,0,0,0,1,0,2,2,1,0,0
FluencyBank,179,35,3341600,3389600,3325600,3405600,0,0,0,0,0,0,0,3,3,0,0,0
FluencyBank,179,36,3388160,3436160,3372160,3452160,0,0,0,2,1,1,0,1,0,1,0,0
FluencyBank,179,37,3410240,3458240,3394240,3474240,0,0,0,0,0,0,1,0,3,0,0,0
FluencyBank,179,38,464800,512800,448800,528800,0,0,0,1,0,0,0,0,2,2,0,0
FluencyBank,179,39,489760,537760,473760,553760,0,0,2,1,0,0,0,1,0,0,0,0
FluencyBank,179,40,3483840,3531840,3467840,3547840,0,0,0,1,3,2,0,0,0,0,0,0
FluencyBank,179,41,3507040,3555040,3491040,3571040,0,0,0,0,0,0,0,2,3,1,0,0
FluencyBank,179,42,3531520,3579520,3515520,3595520,1,0,0,2,0,0,0,2,1,0,0,0
FluencyBank,179,43,3575200,3623200,3559200,3639200,0,0,0,0,0,1,0,1,2,1,0,0
FluencyBank,179,44,3601440,3649440,3585440,3665440,0,0,0,0,1,0,1,0,3,1,0,0
FluencyBank,179,45,3630880,3678880,3614880,3694880,0,0,0,0,0,0,0,0,2,1,0,0
FluencyBank,179,46,3826560,3874560,3810560,3890560,0,0,0,0,0,2,0,0,1,0,0,0
FluencyBank,179,47,3853760,3901760,3837760,3917760,0,0,0,0,0,3,0,2,0,0,0,0
FluencyBank,179,48,3901280,3949280,3885280,3965280,0,0,0,2,1,0,0,0,0,0,0,0
FluencyBank,179,49,4156320,4204320,4140320,4220320,0,0,0,0,0,0,0,0,3,0,0,0
FluencyBank,179,50,4178720,4226720,4162720,4242720,0,0,0,1,0,0,0,2,2,1,0,0
FluencyBank,179,51,4193760,4241760,4177760,4257760,0,0,0,0,0,0,0,3,3,1,0,0
FluencyBank,179,52,4441760,4489760,4425760,4505760,0,0,0,0,0,0,0,0,3,1,0,0
FluencyBank,179,53,4464000,4512000,4448000,4528000,0,0,0,0,0,0,0,0,3,0,0,0
FluencyBank,179,54,4641600,4689600,4625600,4705600,0,0,1,1,0,1,0,2,0,0,0,0
FluencyBank,179,55,4667680,4715680,4651680,4731680,0,0,0,0,0,0,0,3,3,0,0,0
FluencyBank,179,56,505920,553920,489920,569920,0,0,0,2,0,0,0,0,1,0,0,0
FluencyBank,179,57,4713920,4761920,4697920,4777920,0,0,1,0,0,0,0,0,2,1,0,0
FluencyBank,179,58,4736480,4784480,4720480,4800480,0,0,0,1,3,1,1,1,0,0,0,0
FluencyBank,179,59,4844480,4892480,4828480,4908480,0,0,2,0,0,0,0,2,1,2,0,0
FluencyBank,179,60,4866560,4914560,4850560,4930560,0,0,2,0,0,0,0,3,1,0,0,0
FluencyBank,179,61,4889600,4937600,4873600,4953600,0,0,0,0,0,0,0,0,3,1,0,0
FluencyBank,179,62,5272960,5320960,5256960,5336960,0,0,0,1,0,0,0,2,2,1,0,0
FluencyBank,179,63,5297760,5345760,5281760,5361760,0,0,0,0,0,3,0,3,0,1,0,0
FluencyBank,179,64,5369760,5417760,5353760,5433760,0,0,0,0,0,0,0,0,3,0,0,0
FluencyBank,179,65,5392800,5440800,5376800,5456800,1,0,0,2,1,0,0,0,0,0,0,0
FluencyBank,179,66,5491200,5539200,5475200,5555200,0,0,0,0,0,3,0,2,0,0,0,0
FluencyBank,179,67,5520960,5568960,5504960,5584960,0,0,0,0,0,0,0,0,3,0,0,0
FluencyBank,179,68,5558560,5606560,5542560,5622560,0,0,0,1,1,1,0,0,2,0,0,0
FluencyBank,179,69,5600480,5648480,5584480,5664480,0,0,0,0,0,3,0,0,0,0,0,0
FluencyBank,179,70,5624640,5672640,5608640,5688640,0,0,1,0,0,1,0,0,1,0,0,0
FluencyBank,179,71,5672640,5720640,5656640,5736640,0,0,0,0,2,1,0,2,0,0,0,0
FluencyBank,179,72,592640,640640,576640,656640,1,0,0,1,0,0,0,0,2,0,0,0
FluencyBank,179,73,615200,663200,599200,679200,1,0,0,0,2,1,1,1,1,0,0,0
FluencyBank,179,74,5730880,5778880,5714880,5794880,0,0,0,0,0,0,0,1,3,0,0,0
FluencyBank,179,75,5769120,5817120,5753120,5833120,0,0,0,2,0,0,0,0,1,0,0,0
FluencyBank,179,76,6002880,6050880,5986880,6066880,0,0,0,0,0,0,0,0,3,1,0,0
FluencyBank,179,77,6025600,6073600,6009600,6089600,0,0,0,0,0,0,0,0,3,1,0,0
FluencyBank,179,78,6065600,6113600,6049600,6129600,0,0,0,0,0,0,0,0,3,0,0,0
FluencyBank,179,79,666400,714400,650400,730400,0,0,0,0,0,0,0,0,3,0,0,0
FluencyBank,179,80,776000,824000,760000,840000,0,0,0,0,3,0,0,3,0,0,0,0
FluencyBank,179,81,799520,847520,783520,863520,0,0,0,0,0,0,0,3,3,1,0,0
FluencyBank,179,82,934880,982880,918880,998880,0,0,0,0,0,0,0,0,3,0,0,0
FluencyBank,179,83,960480,1008480,944480,1024480,0,0,0,1,1,3,0,2,0,0,0,0
FluencyBank,179,84,1040640,1088640,1024640,1104640,0,0,0,0,0,1,2,0,2,0,0,0
FluencyBank,179,85,1064480,1112480,1048480,1128480,0,0,0,0,0,0,0,0,3,0,0,0
FluencyBank,179,86,1160960,1208960,1144960,1224960,0,0,0,1,0,0,0,0,2,0,0,0
FluencyBank,179,87,1182880,1230880,1166880,1246880,0,0,0,2,1,0,0,1,0,1,0,0
FluencyBank,193,0,26240,74240,10240,90240,0,0,0,0,3,0,0,0,0,0,0,0
FluencyBank,193,1,2965120,3013120,2949120,3029120,0,0,0,0,0,0,0,0,3,0,0,0
FluencyBank,193,2,3006400,3054400,2990400,3070400,0,0,3,0,0,0,0,0,0,0,0,0
FluencyBank,193,3,3104640,3152640,3088640,3168640,0,0,0,0,0,0,0,3,3,1,0,0
FluencyBank,193,4,3132960,3180960,3116960,3196960,0,0,0,1,0,1,0,2,1,0,0,0
FluencyBank,193,5,3193920,3241920,3177920,3257920,0,0,0,1,0,1,0,3,1,0,0,0
FluencyBank,193,6,3218240,3266240,3202240,3282240,1,0,0,1,0,2,0,3,0,0,0,0
FluencyBank,193,7,3307360,3355360,3291360,3371360,0,0,0,0,0,3,0,3,0,0,0,0
FluencyBank,193,8,3331680,3379680,3315680,3395680,0,0,1,1,2,0,0,3,0,0,0,0
FluencyBank,193,9,3391520,3439520,3375520,3455520,0,0,1,1,1,0,2,0,0,0,0,0
FluencyBank,193,10,3435840,3483840,3419840,3499840,1,0,0,0,1,0,3,0,2,0,0,0
FluencyBank,193,11,3479840,3527840,3463840,3543840,0,0,2,0,1,0,0,0,0,0,0,0
FluencyBank,193,12,4063680,4111680,4047680,4127680,0,0,0,0,0,0,1,0,3,1,0,0
FluencyBank,193,13,4115200,4163200,4099200,4179200,0,0,1,1,2,0,0,0,0,0,0,0
FluencyBank,193,14,4153920,4201920,4137920,4217920,0,0,1,1,2,0,0,1,0,0,0,0
FluencyBank,193,15,4182400,4230400,4166400,4246400,1,0,0,0,1,0,0,0,1,0,0,0
FluencyBank,193,16,4196320,4244320,4180320,4260320,0,0,0,1,3,0,0,1,0,0,0,0
FluencyBank,193,17,4339680,4387680,4323680,4403680,0,0,1,1,0,0,0,2,2,0,0,0
FluencyBank,193,18,4365920,4413920,4349920,4429920,0,0,0,2,2,0,0,2,0,1,0,0
FluencyBank,193,19,106880,154880,90880,170880,0,0,3,0,0,0,0,0,0,0,0,0
FluencyBank,193,20,132320,180320,116320,196320,0,0,3,0,3,0,0,0,0,0,0,0
FluencyBank,193,21,4556640,4604640,4540640,4620640,0,0,0,1,1,1,0,2,0,0,0,0
FluencyBank,193,22,4581280,4629280,4565280,4645280,0,0,0,1,2,1,1,1,0,0,0,0
FluencyBank,193,23,5695040,5743040,5679040,5759040,0,0,1,0,1,0,0,0,1,0,0,0
FluencyBank,193,24,5724000,5772000,5708000,5788000,0,0,0,0,3,0,0,1,0,0,0,0
FluencyBank,193,25,6257280,6305280,6241280,6321280,0,0,1,1,1,0,1,1,0,0,0,0
FluencyBank,193,26,6284000,6332000,6268000,6348000,0,0,0,0,3,0,1,0,0,0,0,0
FluencyBank,193,27,6580960,6628960,6564960,6644960,0,0,0,0,3,0,2,0,0,0,0,0
FluencyBank,193,28,6632640,6680640,6616640,6696640,0,0,0,0,3,0,0,1,0,0,0,0
FluencyBank,193,29,6842080,6890080,6826080,6906080,0,0,3,1,0,0,1,1,0,0,0,0
FluencyBank,193,30,6868000,6916000,6852000,6932000,0,0,0,2,2,1,1,0,0,0,0,0
FluencyBank,193,31,7168800,7216800,7152800,7232800,0,0,0,0,3,1,0,1,0,0,0,0
FluencyBank,193,32,7193440,7241440,7177440,7257440,0,0,0,1,2,0,0,3,0,0,0,0
FluencyBank,193,33,7548000,7596000,7532000,7612000,0,0,0,0,3,0,2,0,0,0,0,0
FluencyBank,193,34,7579680,7627680,7563680,7643680,0,0,0,0,2,0,1,0,1,0,0,0
FluencyBank,193,35,7817440,7865440,7801440,7881440,0,0,1,1,3,1,0,1,0,0,0,0
FluencyBank,193,36,7844160,7892160,7828160,7908160,0,0,0,2,3,0,1,0,0,0,0,0
FluencyBank,193,37,8191520,8239520,8175520,8255520,0,0,0,1,2,1,0,3,0,0,0,0
FluencyBank,193,38,8219680,8267680,8203680,8283680,1,0,0,1,0,0,1,1,2,1,0,0
FluencyBank,193,39,8238720,8286720,8222720,8302720,0,0,2,1,2,3,0,0,0,0,0,0
FluencyBank,193,40,175520,223520,159520,239520,0,0,1,0,3,0,0,0,0,0,0,0
FluencyBank,193,41,209920,257920,193920,273920,0,0,0,0,2,0,0,0,1,0,0,0
FluencyBank,193,42,8492480,8540480,8476480,8556480,0,0,0,1,1,1,0,3,0,0,0,0
FluencyBank,193,43,8520000,8568000,8504000,8584000,0,0,0,1,3,0,0,3,0,0,0,0
FluencyBank,193,44,8640000,8688000,8624000,8704000,0,0,0,1,3,0,0,0,0,0,0,0
FluencyBank,193,45,8688160,8736160,8672160,8752160,0,0,0,1,2,0,0,0,0,0,0,0
FluencyBank,193,46,9202240,9250240,9186240,9266240,1,0,0,1,3,0,0,0,0,0,0,0
FluencyBank,193,47,9240800,9288800,9224800,9304800,0,0,0,1,1,2,0,0,1,0,0,0
FluencyBank,193,48,9782400,9830400,9766400,9846400,0,0,0,0,2,0,0,0,1,0,0,0
FluencyBank,193,49,9814080,9862080,9798080,9878080,1,0,0,2,0,0,1,0,1,0,0,0
FluencyBank,193,50,9852480,9900480,9836480,9916480,0,0,0,1,2,0,0,0,0,0,0,0
FluencyBank,193,51,9870880,9918880,9854880,9934880,0,0,0,1,2,0,0,0,0,0,0,0
FluencyBank,193,52,10048320,10096320,10032320,10112320,0,0,0,1,2,0,0,0,0,1,0,0
FluencyBank,193,53,10077280,10125280,10061280,10141280,0,0,0,0,3,0,0,0,0,0,0,0
FluencyBank,193,54,10178720,10226720,10162720,10242720,0,0,3,0,0,0,0,0,0,0,0,0
FluencyBank,193,55,10234560,10282560,10218560,10298560,0,0,0,0,0,0,0,0,3,0,0,0
FluencyBank,193,56,10261120,10309120,10245120,10325120,0,0,0,1,0,0,0,0,2,0,0,0
FluencyBank,193,57,10273600,10321600,10257600,10337600,0,0,0,0,0,0,0,2,3,0,0,0
FluencyBank,193,58,237600,285600,221600,301600,0,0,0,0,1,0,0,0,2,1,0,0
FluencyBank,193,59,10319200,10367200,10303200,10383200,0,0,2,0,1,0,0,1,0,0,0,0
FluencyBank,193,60,10524320,10572320,10508320,10588320,0,0,1,2,1,0,0,0,0,0,0,0
FluencyBank,193,61,10552640,10600640,10536640,10616640,0,0,0,1,2,0,0,0,0,0,0,0
FluencyBank,193,62,10856800,10904800,10840800,10920800,0,0,0,2,2,1,0,1,0,0,0,0
FluencyBank,193,63,10881920,10929920,10865920,10945920,0,0,3,0,1,0,0,0,0,0,0,0
FluencyBank,193,64,11228320,11276320,11212320,11292320,0,0,1,0,3,1,1,1,0,0,0,0
FluencyBank,193,65,11253760,11301760,11237760,11317760,0,0,0,2,2,0,0,3,0,0,0,0
FluencyBank,193,66,11293920,11341920,11277920,11357920,0,0,0,2,2,0,1,0,0,0,0,0
FluencyBank,193,67,11336480,11384480,11320480,11400480,0,0,0,0,1,0,0,3,2,0,0,0
FluencyBank,193,68,11361120,11409120,11345120,11425120,0,0,0,2,3,0,2,3,0,0,0,0
FluencyBank,193,69,11750880,11798880,11734880,11814880,0,0,0,2,2,0,1,0,0,0,0,0
FluencyBank,193,70,11775840,11823840,11759840,11839840,0,0,0,1,1,1,1,3,0,0,0,0
FluencyBank,193,71,12697600,12745600,12681600,12761600,0,0,0,1,3,1,0,1,0,0,0,0
FluencyBank,193,72,12722080,12770080,12706080,12786080,0,0,0,1,1,1,0,0,1,0,0,0
FluencyBank,193,73,12775520,12823520,12759520,12839520,0,0,0,1,2,0,1,0,0,0,0,0
FluencyBank,193,74,12810720,12858720,12794720,12874720,0,0,0,0,2,1,0,0,0,0,0,0
FluencyBank,193,75,12987200,13035200,12971200,13051200,0,0,0,0,1,2,0,2,0,0,0,0
FluencyBank,193,76,13014240,13062240,12998240,13078240,0,0,0,1,2,0,1,2,0,0,0,0
FluencyBank,193,77,286240,334240,270240,350240,0,0,2,0,1,0,0,0,0,1,0,0
FluencyBank,193,78,311680,359680,295680,375680,0,0,0,1,2,1,0,0,0,0,0,0
FluencyBank,193,79,14065600,14113600,14049600,14129600,0,0,0,2,3,0,0,3,0,0,0,0
FluencyBank,193,80,14092800,14140800,14076800,14156800,0,0,0,0,3,1,0,1,0,0,0,0
FluencyBank,193,81,14284320,14332320,14268320,14348320,0,0,0,0,0,0,0,2,3,0,0,0
FluencyBank,193,82,14317600,14365600,14301600,14381600,1,0,0,1,1,0,1,0,1,0,0,0
FluencyBank,193,83,14353120,14401120,14337120,14417120,1,0,2,1,0,0,1,0,0,0,0,0
FluencyBank,193,84,14381760,14429760,14365760,14445760,0,0,2,0,3,1,0,1,0,0,0,0
FluencyBank,193,85,14493760,14541760,14477760,14557760,0,0,3,0,0,0,0,1,0,0,0,0
FluencyBank,193,86,14540480,14588480,14524480,14604480,0,0,1,0,1,1,2,2,1,0,0,0
FluencyBank,193,87,14988800,15036800,14972800,15052800,0,0,0,3,1,0,1,0,0,0,0,0
FluencyBank,193,88,15017920,15065920,15001920,15081920,0,0,0,1,1,0,0,0,2,0,0,0
FluencyBank,193,89,15215200,15263200,15199200,15279200,0,0,1,0,0,0,0,3,2,0,0,0
FluencyBank,193,90,15240800,15288800,15224800,15304800,0,0,0,0,0,0,0,0,3,0,0,0
FluencyBank,193,91,15266560,15314560,15250560,15330560,0,0,2,1,3,0,1,1,0,0,0,0
FluencyBank,193,92,15345600,15393600,15329600,15409600,0,0,0,1,2,0,0,1,0,0,0,0
FluencyBank,193,93,15370240,15418240,15354240,15434240,0,0,2,2,3,0,0,0,0,0,0,0
FluencyBank,193,94,15930560,15978560,15914560,15994560,0,0,0,1,3,0,1,0,0,0,0,0
FluencyBank,193,95,15964800,16012800,15948800,16028800,0,0,0,1,3,0,0,0,0,0,0,0
FluencyBank,193,96,376960,424960,360960,440960,0,0,0,1,3,0,0,1,0,0,0,0
FluencyBank,193,97,406240,454240,390240,470240,0,0,0,2,1,0,0,0,0,0,0,0
FluencyBank,193,98,16072160,16120160,16056160,16136160,0,0,0,0,3,0,0,1,0,0,0,0
FluencyBank,193,99,16100000,16148000,16084000,16164000,0,0,0,0,0,0,0,0,3,0,0,0
FluencyBank,193,100,16116480,16164480,16100480,16180480,0,0,2,0,0,0,0,0,1,0,0,0
FluencyBank,193,101,16128480,16176480,16112480,16192480,0,0,3,0,0,0,0,0,0,0,0,0
FluencyBank,193,102,16143520,16191520,16127520,16207520,0,0,3,0,0,0,1,0,0,0,0,0
FluencyBank,193,103,16251520,16299520,16235520,16315520,0,0,0,0,3,0,0,1,0,1,0,0
FluencyBank,193,104,16277440,16325440,16261440,16341440,0,0,0,1,2,0,0,1,0,1,0,0
FluencyBank,193,105,16468480,16516480,16452480,16532480,0,0,0,1,2,0,0,0,0,0,0,0
FluencyBank,193,106,16500160,16548160,16484160,16564160,0,0,0,1,0,0,0,2,2,1,0,0
FluencyBank,193,107,16522080,16570080,16506080,16586080,0,0,0,0,3,1,0,2,0,0,0,0
FluencyBank,193,108,17617440,17665440,17601440,17681440,0,0,1,1,0,0,1,1,1,0,0,0
FluencyBank,193,109,17643200,17691200,17627200,17707200,0,0,0,0,2,0,0,0,1,0,0,0
FluencyBank,193,110,17752800,17800800,17736800,17816800,0,0,1,1,1,0,0,2,0,0,0,0
FluencyBank,193,111,17791680,17839680,17775680,17855680,0,0,1,1,1,1,0,1,0,0,0,0
FluencyBank,193,112,17842400,17890400,17826400,17906400,0,0,0,0,0,0,0,0,3,0,0,0
FluencyBank,193,113,714720,762720,698720,778720,0,0,0,2,3,0,1,0,0,0,0,0
FluencyBank,193,114,746240,794240,730240,810240,0,0,0,1,0,0,1,0,2,0,0,0
FluencyBank,193,115,17880800,17928800,17864800,17944800,1,0,1,0,0,0,1,0,2,0,0,0
FluencyBank,193,116,1079360,1127360,1063360,1143360,0,0,0,1,2,0,0,3,0,0,0,0
FluencyBank,193,117,1105440,1153440,1089440,1169440,0,0,0,0,0,1,0,3,2,0,0,0
FluencyBank,193,118,1504160,1552160,1488160,1568160,0,0,0,0,3,0,0,0,0,0,0,0
FluencyBank,193,119,1530240,1578240,1514240,1594240,0,0,0,1,3,2,1,0,0,0,0,0
FluencyBank,193,120,2796320,2844320,2780320,2860320,0,0,1,1,2,0,0,0,0,1,0,0
FluencyBank,193,121,2825760,2873760,2809760,2889760,0,0,0,2,1,0,0,0,2,0,0,0
FluencyBank,218,0,0,39200,-16000,55200,0,0,0,0,0,0,0,0,3,2,0,0
FluencyBank,218,1,1091040,1139040,1075040,1155040,0,0,0,0,0,0,0,0,3,1,0,0
FluencyBank,218,2,1114720,1162720,1098720,1178720,0,0,0,0,0,0,0,0,3,1,0,0
FluencyBank,218,3,1293440,1341440,1277440,1357440,0,0,0,1,0,2,0,1,0,0,0,0
FluencyBank,218,4,1316160,1364160,1300160,1380160,0,0,0,2,2,1,0,2,0,0,0,0
FluencyBank,218,5,1405440,1453440,1389440,1469440,0,0,0,0,0,0,0,0,3,0,0,0
FluencyBank,218,6,1428800,1476800,1412800,1492800,0,0,0,1,0,0,0,3,2,0,0,0
FluencyBank,218,7,1502880,1550880,1486880,1566880,0,0,0,2,1,1,0,1,0,0,0,0
FluencyBank,218,8,1526240,1574240,1510240,1590240,0,0,0,1,0,0,0,3,2,0,0,0
FluencyBank,218,9,1550560,1598560,1534560,1614560,0,0,0,0,0,0,0,3,3,0,0,0
FluencyBank,218,10,1609600,1657600,1593600,1673600,0,0,0,0,2,1,0,2,0,1,0,0
FluencyBank,218,11,1681120,1729120,1665120,1745120,0,0,0,1,0,3,0,2,0,0,0,0
FluencyBank,218,12,1703680,1751680,1687680,1767680,0,0,0,0,0,3,0,2,0,0,0,0
FluencyBank,218,13,1740160,1788160,1724160,1804160,0,0,0,0,0,0,0,2,3,0,0,0
FluencyBank,218,14,1764960,1812960,1748960,1828960,0,0,0,1,0,0,0,3,2,0,0,0
FluencyBank,218,15,1863200,1911200,1847200,1927200,0,0,0,0,0,1,0,0,2,1,0,0
FluencyBank,218,16,1890880,1938880,1874880,1954880,0,0,0,0,0,3,0,1,0,0,0,0
FluencyBank,218,17,1951200,1999200,1935200,2015200,0,0,0,0,0,0,0,1,3,0,0,0
FluencyBank,218,18,1974880,2022880,1958880,2038880,0,0,1,0,0,2,0,3,0,0,0,0
FluencyBank,218,19,9760,57760,-6240,73760,0,0,0,0,0,0,0,0,3,2,0,0
FluencyBank,218,20,2022400,2070400,2006400,2086400,0,0,0,0,0,0,0,2,3,0,0,0
FluencyBank,218,21,2049120,2097120,2033120,2113120,0,0,0,1,1,1,0,0,0,1,0,0
FluencyBank,218,22,2200800,2248800,2184800,2264800,0,0,2,0,0,2,0,2,0,1,0,0
FluencyBank,218,23,2226560,2274560,2210560,2290560,0,0,0,0,0,0,0,3,3,0,0,0
FluencyBank,218,24,2265760,2313760,2249760,2329760,0,0,0,0,0,0,0,1,3,1,0,0
FluencyBank,218,25,2344480,2392480,2328480,2408480,0,0,0,0,0,0,0,1,3,0,0,0
FluencyBank,218,26,2369440,2417440,2353440,2433440,0,0,0,0,0,0,0,2,3,0,0,0
FluencyBank,218,27,2554720,2602720,2538720,2618720,0,0,0,0,0,1,0,0,2,1,0,0
FluencyBank,218,28,2578880,2626880,2562880,2642880,0,0,0,0,0,0,0,3,3,1,0,0
FluencyBank,218,29,2643680,2691680,2627680,2707680,0,0,1,0,0,0,0,3,2,1,0,0
FluencyBank,218,30,2669760,2717760,2653760,2733760,0,0,0,0,0,0,0,0,3,2,0,0
FluencyBank,218,31,2703840,2751840,2687840,2767840,0,0,0,0,0,1,0,2,2,2,0,0
FluencyBank,218,32,2726880,2774880,2710880,2790880,0,0,0,0,0,0,0,2,3,2,0,0
FluencyBank,218,33,2788160,2836160,2772160,2852160,0,0,0,0,0,0,0,0,3,1,0,0
FluencyBank,218,34,2815680,2863680,2799680,2879680,0,0,0,0,0,0,0,0,3,1,0,0
FluencyBank,218,35,2881920,2929920,2865920,2945920,0,0,0,0,0,0,0,0,3,1,0,0
FluencyBank,218,36,2907840,2955840,2891840,2971840,0,0,0,0,0,0,0,3,3,0,0,0
FluencyBank,218,37,183840,231840,167840,247840,0,0,0,0,0,0,0,0,3,0,0,0
FluencyBank,218,38,206560,254560,190560,270560,0,0,1,0,0,0,0,0,2,2,0,0
FluencyBank,218,39,2955360,3003360,2939360,3019360,0,0,0,0,0,0,0,3,3,0,0,0
FluencyBank,218,40,2993600,3041600,2977600,3057600,0,0,0,0,0,3,0,3,0,1,0,0
FluencyBank,218,41,3076800,3124800,3060800,3140800,0,0,0,1,0,0,0,1,2,0,0,0
FluencyBank,218,42,3099360,3147360,3083360,3163360,0,0,0,3,1,0,0,0,0,0,0,0
FluencyBank,218,43,3138560,3186560,3122560,3202560,0,0,0,0,0,3,0,1,0,0,0,0
FluencyBank,218,44,3202560,3250560,3186560,3266560,0,0,0,2,0,0,0,3,1,0,0,0
FluencyBank,218,45,3226560,3274560,3210560,3290560,0,0,0,0,0,0,0,0,3,0,0,0
FluencyBank,218,46,3300640,3348640,3284640,3364640,0,0,0,0,0,3,0,1,0,1,0,0
FluencyBank,218,47,3325440,3373440,3309440,3389440,0,0,0,2,0,0,1,0,1,1,0,0
FluencyBank,218,48,3440480,3488480,3424480,3504480,0,0,1,1,0,0,0,1,1,1,0,0
FluencyBank,218,49,3466400,3514400,3450400,3530400,0,0,0,1,1,0,0,0,1,0,0,0
FluencyBank,218,50,3512160,3560160,3496160,3576160,0,0,0,0,0,0,0,3,3,0,0,0
FluencyBank,218,51,3601920,3649920,3585920,3665920,0,0,0,0,0,0,0,3,3,0,0,0
FluencyBank,218,52,3627360,3675360,3611360,3691360,0,0,1,2,0,1,0,2,0,0,0,0
FluencyBank,218,53,3686080,3734080,3670080,3750080,0,0,0,2,2,0,0,0,0,0,0,0
FluencyBank,218,54,416640,464640,400640,480640,0,0,0,0,1,0,0,2,2,0,0,0
FluencyBank,218,55,441280,489280,425280,505280,0,0,0,1,0,0,0,3,2,0,0,0
FluencyBank,218,56,3743200,3791200,3727200,3807200,0,0,0,0,3,0,0,3,0,0,0,0
FluencyBank,218,57,3775840,3823840,3759840,3839840,0,0,0,0,0,0,0,0,3,1,0,0
FluencyBank,218,58,3851360,3899360,3835360,3915360,0,0,0,0,0,0,1,0,3,0,0,0
FluencyBank,218,59,3885120,3933120,3869120,3949120,0,0,2,0,0,0,0,1,1,0,0,0
FluencyBank,218,60,3893440,3941440,3877440,3957440,0,0,0,0,0,0,0,2,3,0,0,0
FluencyBank,218,61,3908800,3956800,3892800,3972800,0,0,0,0,0,0,0,3,3,0,0,0
FluencyBank,218,62,3921760,3969760,3905760,3985760,0,0,0,0,0,0,1,2,3,1,0,0
FluencyBank,218,63,3959200,4007200,3943200,4023200,0,0,2,0,0,0,0,2,1,0,0,0
FluencyBank,218,64,4051520,4099520,4035520,4115520,0,0,0,0,0,0,0,0,3,0,0,0
FluencyBank,218,65,4079520,4127520,4063520,4143520,0,0,1,0,0,1,0,2,2,1,0,0
FluencyBank,218,66,4394080,4442080,4378080,4458080,1,0,2,0,0,0,0,2,1,0,0,0
FluencyBank,218,67,4425280,4473280,4409280,4489280,0,0,0,0,0,0,0,2,3,0,0,0
FluencyBank,218,68,4465120,4513120,4449120,4529120,0,0,0,0,0,0,0,1,3,1,0,0
FluencyBank,218,69,4489120,4537120,4473120,4553120,0,0,0,0,0,0,0,0,3,1,0,0
FluencyBank,218,70,4551680,4599680,4535680,4615680,0,0,0,0,0,0,0,3,3,0,0,0
FluencyBank,218,71,491360,539360,475360,555360,0,0,1,0,0,1,0,3,1,0,0,0
FluencyBank,218,72,4716960,4764960,4700960,4780960,0,0,0,0,0,0,0,3,3,0,0,0
FluencyBank,218,73,4743520,4791520,4727520,4807520,0,0,0,0,0,1,0,3,2,0,0,0
FluencyBank,218,74,4911680,4959680,4895680,4975680,0,0,0,1,0,2,0,3,0,0,0,0
FluencyBank,218,75,4936160,4984160,4920160,5000160,0,0,0,2,0,1,0,1,0,0,0,0
FluencyBank,218,76,4959040,5007040,4943040,5023040,0,0,0,1,1,1,0,0,0,0,0,0
FluencyBank,218,77,4972640,5020640,4956640,5036640,0,0,0,2,2,0,0,0,0,0,0,0
FluencyBank,218,78,5019680,5067680,5003680,5083680,0,0,0,0,0,0,0,0,3,1,0,0
FluencyBank,218,79,511040,559040,495040,575040,0,0,0,1,1,1,0,3,2,1,0,0
FluencyBank,218,80,596160,644160,580160,660160,0,0,0,2,0,1,0,2,0,0,0,0
FluencyBank,218,81,620800,668800,604800,684800,1,0,0,2,1,1,0,2,0,0,0,0
FluencyBank,218,82,672320,720320,656320,736320,0,0,1,1,0,3,0,1,0,0,0,0
FluencyBank,218,83,695040,743040,679040,759040,0,0,1,1,0,0,0,0,1,1,0,0
FluencyBank,218,84,731680,779680,715680,795680,0,0,0,0,0,0,0,2,3,0,0,0
FluencyBank,218,85,755840,803840,739840,819840,0,0,0,0,0,1,0,3,2,0,0,0
FluencyBank,218,86,1010720,1058720,994720,1074720,0,0,1,0,0,0,0,2,2,1,0,0
FluencyBank,218,87,983520,1031520,967520,1047520,0,0,0,0,0,0,0,3,3,1,0,0
FluencyBank,219,0,23360,71360,7360,87360,0,0,0,0,0,0,0,0,3,2,0,0
FluencyBank,219,1,1531840,1579840,1515840,1595840,0,0,0,0,0,0,0,2,3,0,0,0
FluencyBank,219,2,1718400,1766400,1702400,1782400,0,0,0,0,0,0,0,0,3,0,0,0
FluencyBank,219,3,1750880,1798880,1734880,1814880,1,0,0,2,1,0,0,3,1,1,0,0
FluencyBank,219,4,1772320,1820320,1756320,1836320,0,0,1,0,0,0,0,2,2,0,0,0
FluencyBank,219,5,1953280,2001280,1937280,2017280,0,0,0,0,0,0,0,0,3,0,0,0
FluencyBank,219,6,1977600,2025600,1961600,2041600,0,0,1,1,0,0,0,0,1,0,0,0
FluencyBank,219,7,2121120,2169120,2105120,2185120,1,0,0,1,2,0,0,2,0,0,0,0
FluencyBank,219,8,2146240,2194240,2130240,2210240,0,0,0,1,0,0,0,3,2,1,0,0
FluencyBank,219,9,2229280,2277280,2213280,2293280,0,0,2,0,2,0,0,0,0,0,0,0
FluencyBank,219,10,2264320,2312320,2248320,2328320,0,0,0,3,1,0,0,0,0,0,0,0
FluencyBank,219,11,2614080,2662080,2598080,2678080,0,0,0,0,0,0,0,3,3,0,0,0
FluencyBank,219,12,2642400,2690400,2626400,2706400,0,0,0,0,0,0,0,2,3,0,0,0
FluencyBank,219,13,2841600,2889600,2825600,2905600,0,0,0,0,0,0,0,2,3,0,0,0
FluencyBank,219,14,2866400,2914400,2850400,2930400,0,0,1,1,0,0,0,2,1,1,0,0
FluencyBank,219,15,3115040,3163040,3099040,3179040,0,0,0,0,0,0,0,0,3,0,0,0
FluencyBank,219,16,3140640,3188640,3124640,3204640,0,0,0,1,0,0,0,2,2,0,0,0
FluencyBank,219,17,3201280,3249280,3185280,3265280,0,0,0,0,0,0,0,0,3,0,0,0
FluencyBank,219,18,3239520,3287520,3223520,3303520,0,0,0,0,0,0,0,2,3,0,0,0
FluencyBank,219,19,42080,90080,26080,106080,0,0,0,0,0,0,0,0,3,2,0,0
FluencyBank,219,20,3507200,3555200,3491200,3571200,0,0,0,0,0,1,0,3,2,0,0,0
FluencyBank,219,21,3533120,3581120,3517120,3597120,0,0,0,0,0,0,0,0,3,1,0,0
FluencyBank,219,22,3639360,3687360,3623360,3703360,0,0,0,0,0,0,0,2,3,0,0,0
FluencyBank,219,23,3680480,3728480,3664480,3744480,0,0,1,1,0,0,0,0,1,0,0,0
FluencyBank,219,24,4048000,4096000,4032000,4112000,0,0,0,1,0,0,0,0,2,1,0,0
FluencyBank,219,25,4077440,4125440,4061440,4141440,0,0,0,1,0,0,0,0,2,0,0,0
FluencyBank,219,26,4120640,4168640,4104640,4184640,0,0,0,0,0,0,0,0,3,0,0,0
FluencyBank,219,27,4145280,4193280,4129280,4209280,0,0,0,0,0,0,0,0,3,1,0,0
FluencyBank,219,28,4331520,4379520,4315520,4395520,0,0,0,2,0,0,0,1,1,1,0,0
FluencyBank,219,29,4360640,4408640,4344640,4424640,0,0,0,2,2,0,0,1,0,0,0,0
FluencyBank,219,30,4509760,4557760,4493760,4573760,0,0,0,2,0,0,0,2,1,0,0,0
FluencyBank,219,31,4534720,4582720,4518720,4598720,0,0,0,1,1,0,0,0,1,0,0,0
FluencyBank,219,32,4636480,4684480,4620480,4700480,0,0,0,1,1,0,0,0,1,1,0,0
FluencyBank,219,33,4663680,4711680,4647680,4727680,0,0,0,1,1,0,0,0,1,0,0,0
FluencyBank,219,34,4735200,4783200,4719200,4799200,0,0,0,0,0,0,0,2,3,0,0,0
FluencyBank,219,35,4759840,4807840,4743840,4823840,0,0,0,0,0,1,0,3,2,0,0,0
FluencyBank,219,36,4784480,4832480,4768480,4848480,0,0,0,0,0,0,0,2,3,1,0,0
FluencyBank,219,37,4831680,4879680,4815680,4895680,0,0,1,0,0,0,0,2,2,0,0,0
FluencyBank,219,38,4856320,4904320,4840320,4920320,0,0,0,0,0,1,0,3,2,0,0,0
FluencyBank,219,39,136160,184160,120160,200160,0,0,0,0,0,0,0,0,3,1,0,0
FluencyBank,219,40,161920,209920,145920,225920,0,0,0,0,0,0,0,0,3,0,0,0
FluencyBank,219,41,4911360,4959360,4895360,4975360,0,0,0,0,0,0,0,0,3,0,0,0
FluencyBank,219,42,5041120,5089120,5025120,5105120,1,0,1,0,0,0,0,0,2,0,0,0
FluencyBank,219,43,5068320,5116320,5052320,5132320,0,0,0,0,0,0,0,0,3,1,0,0
FluencyBank,219,44,5091360,5139360,5075360,5155360,0,0,1,0,0,0,0,3,2,2,0,0
FluencyBank,219,45,5108320,5156320,5092320,5172320,0,0,1,1,0,0,0,2,1,0,0,0
FluencyBank,219,46,5334240,5382240,5318240,5398240,0,0,2,0,2,0,0,1,0,0,0,0
FluencyBank,219,47,5358880,5406880,5342880,5422880,0,0,1,1,0,0,0,0,1,0,0,0
FluencyBank,219,48,5528640,5576640,5512640,5592640,0,0,0,1,0,3,0,0,0,0,0,0
FluencyBank,219,49,5554560,5602560,5538560,5618560,0,0,0,0,1,1,0,1,2,0,0,0
FluencyBank,219,50,5655360,5703360,5639360,5719360,0,0,0,0,0,2,0,0,1,1,0,0
FluencyBank,219,51,5679520,5727520,5663520,5743520,0,0,0,1,0,0,0,0,2,1,0,0
FluencyBank,219,52,5840640,5888640,5824640,5904640,0,0,0,1,0,0,0,0,2,0,0,0
FluencyBank,219,53,5872640,5920640,5856640,5936640,0,0,0,0,0,0,0,0,3,0,0,0
FluencyBank,219,54,5910560,5958560,5894560,5974560,0,0,0,0,0,0,0,3,3,1,0,0
FluencyBank,219,55,5939200,5987200,5923200,6003200,0,0,0,1,3,0,0,3,0,0,0,0
FluencyBank,219,56,6146880,6194880,6130880,6210880,0,0,0,1,0,0,0,1,2,0,0,0
FluencyBank,219,57,6186560,6234560,6170560,6250560,0,0,0,1,3,0,0,0,0,0,0,0
FluencyBank,219,58,269920,317920,253920,333920,0,0,0,0,0,2,0,2,1,0,0,0
FluencyBank,219,59,299520,347520,283520,363520,0,0,0,0,0,0,0,0,3,0,0,0
FluencyBank,219,60,6622080,6670080,6606080,6686080,0,0,0,2,1,1,0,0,0,0,0,0
FluencyBank,219,61,6647680,6695680,6631680,6711680,0,0,0,2,0,0,0,0,1,0,0,0
FluencyBank,219,62,7184320,7232320,7168320,7248320,0,0,0,0,0,0,0,0,3,1,0,0
FluencyBank,219,63,7209280,7257280,7193280,7273280,0,0,0,0,0,0,0,0,3,0,0,0
FluencyBank,219,64,7352160,7400160,7336160,7416160,0,0,0,0,0,0,0,0,3,0,0,0
FluencyBank,219,65,7382400,7430400,7366400,7446400,0,0,0,1,0,0,0,1,2,0,0,0
FluencyBank,219,66,7397920,7445920,7381920,7461920,0,0,0,0,0,0,0,3,3,0,0,0
FluencyBank,219,67,7443840,7491840,7427840,7507840,0,0,0,0,0,0,0,0,3,1,0,0
FluencyBank,219,68,7469120,7517120,7453120,7533120,0,0,0,0,0,0,0,0,3,0,0,0
FluencyBank,219,69,7640960,7688960,7624960,7704960,0,0,1,0,0,0,0,0,2,2,0,0
FluencyBank,219,70,7671840,7719840,7655840,7735840,0,0,0,0,3,0,0,0,0,0,0,0
FluencyBank,219,71,7710880,7758880,7694880,7774880,0,0,0,0,0,0,0,3,3,0,0,0
FluencyBank,219,72,7739360,7787360,7723360,7803360,0,0,0,0,3,1,0,0,0,0,0,0
FluencyBank,219,73,8027680,8075680,8011680,8091680,0,0,0,0,0,0,0,0,3,0,0,0
FluencyBank,219,74,8054880,8102880,8038880,8118880,0,0,0,1,0,0,0,0,2,2,0,0
FluencyBank,219,75,8272320,8320320,8256320,8336320,0,0,0,0,0,0,0,0,3,1,0,0
FluencyBank,219,76,8299520,8347520,8283520,8363520,0,0,0,0,0,0,0,0,3,1,0,0
FluencyBank,219,77,8504960,8552960,8488960,8568960,0,0,0,0,0,0,0,0,3,1,0,0
FluencyBank,219,78,8532800,8580800,8516800,8596800,0,0,0,2,0,0,0,0,1,1,0,0
FluencyBank,219,79,401120,449120,385120,465120,0,0,1,1,0,0,0,0,2,1,0,0
FluencyBank,219,80,425920,473920,409920,489920,0,0,0,0,1,0,0,0,2,1,0,0
FluencyBank,219,81,8607680,8655680,8591680,8671680,0,0,0,1,0,0,0,0,2,1,0,0
FluencyBank,219,82,8633280,8681280,8617280,8697280,0,0,1,0,1,0,0,1,1,0,0,0
FluencyBank,219,83,8778080,8826080,8762080,8842080,0,0,2,1,0,0,0,0,1,0,0,0
FluencyBank,219,84,8811360,8859360,8795360,8875360,0,0,0,2,0,0,0,0,1,0,0,0
FluencyBank,219,85,8958400,9006400,8942400,9022400,0,0,0,2,0,0,0,3,1,1,0,0
FluencyBank,219,86,8984800,9032800,8968800,9048800,0,0,0,0,0,1,0,3,2,0,0,0
FluencyBank,219,87,9298400,9346400,9282400,9362400,0,0,0,0,0,0,0,0,3,2,0,0
FluencyBank,219,88,9323520,9371520,9307520,9387520,0,0,0,0,3,0,0,1,0,0,0,0
FluencyBank,219,89,9419520,9467520,9403520,9483520,0,0,0,0,0,0,0,0,3,0,0,0
FluencyBank,219,90,9450080,9498080,9434080,9514080,0,0,0,1,0,0,0,2,2,1,0,0
FluencyBank,219,91,9464640,9512640,9448640,9528640,0,0,0,0,0,1,0,3,2,0,0,0
FluencyBank,219,92,9538880,9586880,9522880,9602880,0,0,0,0,0,0,0,0,3,0,0,0
FluencyBank,219,93,9564640,9612640,9548640,9628640,1,0,0,0,2,2,0,1,0,0,0,0
FluencyBank,219,94,9620160,9668160,9604160,9684160,0,0,0,0,0,0,0,0,3,0,0,0
FluencyBank,219,95,9650080,9698080,9634080,9714080,0,0,0,0,0,0,0,0,3,0,0,0
FluencyBank,219,96,9734080,9782080,9718080,9798080,0,0,0,1,1,0,0,2,1,1,0,0
FluencyBank,219,97,9762240,9810240,9746240,9826240,0,0,0,0,0,1,0,0,2,0,0,0
FluencyBank,219,98,9815040,9863040,9799040,9879040,0,0,0,0,0,0,0,0,3,2,0,0
FluencyBank,219,99,9839360,9887360,9823360,9903360,0,0,0,0,0,0,0,0,3,2,0,0
FluencyBank,219,100,626880,674880,610880,690880,0,0,1,0,0,0,0,2,2,0,0,0
FluencyBank,219,101,652640,700640,636640,716640,0,0,0,1,2,0,0,3,0,0,0,0
FluencyBank,219,102,10289600,10337600,10273600,10353600,0,0,0,0,0,1,0,1,2,0,0,0
FluencyBank,219,103,10313760,10361760,10297760,10377760,0,0,0,1,0,1,0,0,1,0,0,0
FluencyBank,219,104,10511840,10559840,10495840,10575840,0,0,0,0,0,0,0,0,3,0,0,0
FluencyBank,219,105,10537440,10585440,10521440,10601440,0,0,0,1,0,0,0,0,2,0,0,0
FluencyBank,219,106,10636160,10684160,10620160,10700160,1,0,2,0,0,0,0,2,1,2,0,0
FluencyBank,219,107,10661600,10709600,10645600,10725600,0,0,0,1,0,0,0,3,2,0,0,0
FluencyBank,219,108,10759200,10807200,10743200,10823200,0,0,0,0,0,0,0,0,3,0,0,0
FluencyBank,219,109,10785120,10833120,10769120,10849120,0,0,0,0,1,0,0,0,2,0,0,0
FluencyBank,219,110,11002560,11050560,10986560,11066560,0,0,0,0,0,0,0,0,3,1,0,0
FluencyBank,219,111,11034880,11082880,11018880,11098880,0,0,0,0,0,0,0,0,3,0,0,0
FluencyBank,219,112,11178720,11226720,11162720,11242720,0,0,0,0,0,0,0,3,3,0,0,0
FluencyBank,219,113,11204160,11252160,11188160,11268160,0,0,0,2,2,0,0,3,0,0,0,0
FluencyBank,219,114,11280320,11328320,11264320,11344320,0,0,0,2,0,0,0,0,1,0,0,0
FluencyBank,219,115,11307520,11355520,11291520,11371520,0,0,2,2,0,0,0,0,0,0,0,0
FluencyBank,219,116,11429280,11477280,11413280,11493280,0,0,0,0,0,0,0,0,3,1,0,0
FluencyBank,219,117,11460800,11508800,11444800,11524800,0,0,0,1,0,0,1,0,2,0,0,0
FluencyBank,219,118,700480,748480,684480,764480,0,0,0,0,0,0,0,3,3,0,0,0
FluencyBank,219,119,726400,774400,710400,790400,0,0,0,0,0,0,0,0,3,1,0,0
FluencyBank,219,120,914720,962720,898720,978720,0,0,0,1,0,0,0,0,2,0,0,0
FluencyBank,219,121,943200,991200,927200,1007200,0,0,1,0,1,0,0,0,1,0,0,0
FluencyBank,219,122,1088480,1136480,1072480,1152480,0,0,0,0,0,0,0,0,3,1,0,0
FluencyBank,219,123,1118880,1166880,1102880,1182880,0,0,0,1,0,3,0,0,0,0,0,0
FluencyBank,219,124,1456000,1504000,1440000,1520000,0,0,0,0,0,0,0,0,3,0,0,0
FluencyBank,219,125,1481120,1529120,1465120,1545120,0,0,1,1,0,0,0,0,2,1,0,0
FluencyBank,230,0,3840,51840,-12160,67840,0,0,0,0,0,0,0,0,3,0,0,0
FluencyBank,230,1,10904000,10952000,10888000,10968000,0,0,0,0,0,3,0,0,0,0,0,0
FluencyBank,230,2,10956320,11004320,10940320,11020320,0,0,0,2,1,0,0,0,0,0,0,0
FluencyBank,230,3,11059680,11107680,11043680,11123680,0,0,0,0,0,3,0,1,0,0,0,0
FluencyBank,230,4,11089280,11137280,11073280,11153280,0,0,0,0,0,1,0,3,2,1,0,0
FluencyBank,230,5,11145600,11193600,11129600,11209600,0,0,0,0,0,0,0,0,3,0,0,0
FluencyBank,230,6,11186240,11234240,11170240,11250240,0,0,0,1,0,0,0,2,2,1,0,0
FluencyBank,230,7,11211520,11259520,11195520,11275520,0,0,0,1,0,1,0,2,2,0,0,0
FluencyBank,230,8,11234080,11282080,11218080,11298080,0,0,0,0,0,0,0,0,3,0,0,0
FluencyBank,230,9,11307680,11355680,11291680,11371680,0,0,0,0,2,1,1,0,0,0,0,0
FluencyBank,230,10,11338560,11386560,11322560,11402560,0,0,0,3,0,0,0,0,0,0,0,0
FluencyBank,230,11,11736960,11784960,11720960,11800960,0,0,0,0,0,0,0,0,3,0,0,0
FluencyBank,230,12,11772320,11820320,11756320,11836320,0,0,0,0,0,0,0,0,3,0,0,0
FluencyBank,230,13,11836320,11884320,11820320,11900320,0,0,0,0,1,2,0,0,0,1,0,0
FluencyBank,230,14,11882720,11930720,11866720,11946720,0,0,0,0,0,0,0,0,3,0,0,0
FluencyBank,230,15,11916800,11964800,11900800,11980800,0,0,0,1,0,0,0,3,2,0,0,0
FluencyBank,230,16,880160,928160,864160,944160,0,0,0,0,0,0,0,0,3,0,0,0
FluencyBank,230,17,11950560,11998560,11934560,12014560,0,0,0,0,0,0,0,0,3,0,0,0
FluencyBank,230,18,12021280,12069280,12005280,12085280,0,0,0,0,0,0,0,0,3,1,0,0
FluencyBank,230,19,12048480,12096480,12032480,12112480,0,0,0,0,0,0,0,0,3,0,0,0
FluencyBank,230,20,12141760,12189760,12125760,12205760,0,0,0,2,0,0,0,0,1,0,0,0
FluencyBank,230,21,12175040,12223040,12159040,12239040,0,0,0,1,1,1,0,1,0,0,0,0
FluencyBank,230,22,12241920,12289920,12225920,12305920,0,0,0,0,0,0,0,3,3,0,0,0
FluencyBank,230,23,12271360,12319360,12255360,12335360,0,0,1,1,2,0,0,1,0,0,0,0
FluencyBank,230,24,12320000,12368000,12304000,12384000,0,0,0,0,0,0,0,0,3,0,0,0
FluencyBank,230,25,12352800,12400800,12336800,12416800,1,0,0,0,1,1,1,0,1,0,0,0
FluencyBank,230,26,12377440,12425440,12361440,12441440,0,0,0,0,0,0,0,0,3,0,0,0
FluencyBank,230,27,1002560,1050560,986560,1066560,0,0,0,1,2,0,0,0,0,0,0,0
FluencyBank,230,28,1040160,1088160,1024160,1104160,0,0,0,0,0,0,0,0,3,0,0,0
FluencyBank,230,29,1074720,1122720,1058720,1138720,0,0,0,1,0,0,0,3,2,0,0,0
FluencyBank,230,30,1120160,1168160,1104160,1184160,0,0,0,0,0,0,0,0,3,0,0,0
FluencyBank,230,31,1161440,1209440,1145440,1225440,0,0,0,0,0,0,0,0,3,0,0,0
FluencyBank,230,32,1199200,1247200,1183200,1263200,0,0,0,1,0,1,0,0,2,2,0,0
FluencyBank,230,33,1229120,1277120,1213120,1293120,0,0,0,0,0,0,0,0,3,0,0,0
FluencyBank,230,34,1327840,1375840,1311840,1391840,0,0,0,0,0,0,0,0,3,1,0,0
FluencyBank,230,35,1360160,1408160,1344160,1424160,0,0,0,0,0,0,0,0,3,0,0,0
FluencyBank,230,36,1419040,1467040,1403040,1483040,0,0,0,2,0,0,0,0,1,0,0,0
FluencyBank,230,37,1450400,1498400,1434400,1514400,0,0,1,1,1,0,0,0,1,0,0,0
FluencyBank,230,38,208000,256000,192000,272000,0,0,0,0,0,0,0,0,3,0,0,0
FluencyBank,230,39,238560,286560,222560,302560,0,0,0,1,0,0,0,0,2,0,0,0
FluencyBank,230,40,1490880,1538880,1474880,1554880,0,0,1,2,0,0,0,0,1,0,0,0
FluencyBank,230,41,1575040,1623040,1559040,1639040,0,0,0,0,0,0,0,0,3,0,0,0
FluencyBank,230,42,1608160,1656160,1592160,1672160,0,0,0,0,0,0,0,0,3,1,0,0
FluencyBank,230,43,1631360,1679360,1615360,1695360,0,0,0,1,0,0,1,0,2,0,0,0
FluencyBank,230,44,1676480,1724480,1660480,1740480,0,0,0,0,0,3,0,2,0,1,0,0
FluencyBank,230,45,1907680,1955680,1891680,1971680,0,0,0,1,2,0,0,0,0,0,0,0
FluencyBank,230,46,1949280,1997280,1933280,2013280,0,0,1,0,0,0,0,3,2,0,0,0
FluencyBank,230,47,2006560,2054560,1990560,2070560,0,0,0,1,0,0,0,3,2,0,0,0
FluencyBank,230,48,2035840,2083840,2019840,2099840,0,0,0,0,0,0,0,0,3,1,0,0
FluencyBank,230,49,2076160,2124160,2060160,2140160,0,0,0,3,1,0,0,0,0,0,0,0
FluencyBank,230,50,2105920,2153920,2089920,2169920,0,0,1,0,0,0,0,0,2,0,0,0
FluencyBank,230,51,2252800,2300800,2236800,2316800,0,0,0,0,0,0,0,0,3,1,0,0
FluencyBank,230,52,2284640,2332640,2268640,2348640,0,0,1,2,1,0,0,0,0,0,0,0
FluencyBank,230,53,2334080,2382080,2318080,2398080,0,0,0,0,0,1,0,1,2,0,0,0
FluencyBank,230,54,2378720,2426720,2362720,2442720,0,0,0,0,0,0,0,0,3,0,0,0
FluencyBank,230,55,2410240,2458240,2394240,2474240,0,0,0,0,0,0,0,0,3,0,0,0
FluencyBank,230,56,311520,359520,295520,375520,0,0,0,0,0,0,0,0,3,0,0,0
FluencyBank,230,57,2478080,2526080,2462080,2542080,0,0,0,0,0,0,0,0,3,0,0,0
FluencyBank,230,58,2549920,2597920,2533920,2613920,0,0,1,0,0,3,0,1,0,0,0,0
FluencyBank,230,59,2586720,2634720,2570720,2650720,0,0,0,0,0,0,0,0,3,0,0,0
FluencyBank,230,60,2726240,2774240,2710240,2790240,0,0,0,0,0,0,0,0,3,0,0,0
FluencyBank,230,61,2760960,2808960,2744960,2824960,0,0,0,2,1,0,0,0,0,0,0,0
FluencyBank,230,62,2806240,2854240,2790240,2870240,0,0,0,1,1,0,0,0,1,0,0,0
FluencyBank,230,63,2837760,2885760,2821760,2901760,0,0,1,2,0,0,0,0,1,0,0,0
FluencyBank,230,64,3086560,3134560,3070560,3150560,0,0,0,1,2,0,0,1,0,0,0,0
FluencyBank,230,65,3119040,3167040,3103040,3183040,0,0,0,0,1,0,0,0,2,0,0,0
FluencyBank,230,66,3342720,3390720,3326720,3406720,0,0,0,0,3,0,0,1,0,0,0,0
FluencyBank,230,67,3388160,3436160,3372160,3452160,0,0,0,0,0,0,0,0,3,1,0,0
FluencyBank,230,68,3473120,3521120,3457120,3537120,1,0,0,1,0,0,1,0,2,1,0,0
FluencyBank,230,69,3503840,3551840,3487840,3567840,0,0,0,1,0,0,0,3,2,0,0,0
FluencyBank,230,70,3663520,3711520,3647520,3727520,0,0,0,0,0,1,0,3,2,1,0,0
FluencyBank,230,71,3693280,3741280,3677280,3757280,0,0,0,2,0,0,0,0,1,0,0,0
FluencyBank,230,72,3720160,3768160,3704160,3784160,0,0,0,2,3,0,0,1,0,0,0,0
FluencyBank,230,73,3866240,3914240,3850240,3930240,0,0,0,0,0,0,0,0,3,1,0,0
FluencyBank,230,74,3912640,3960640,3896640,3976640,0,0,0,0,0,0,0,0,3,0,0,0
FluencyBank,230,75,360320,408320,344320,424320,0,0,0,1,1,0,0,0,1,0,0,0
FluencyBank,230,76,392480,440480,376480,456480,0,0,1,0,1,1,0,0,0,0,0,0
FluencyBank,230,77,4003680,4051680,3987680,4067680,0,0,0,1,0,0,1,0,2,1,0,0
FluencyBank,230,78,4038240,4086240,4022240,4102240,0,0,0,2,0,1,0,0,1,0,0,0
FluencyBank,230,79,4095040,4143040,4079040,4159040,0,0,0,3,1,0,0,0,0,0,0,0
FluencyBank,230,80,4157600,4205600,4141600,4221600,0,0,0,1,2,0,0,0,0,0,0,0
FluencyBank,230,81,4216320,4264320,4200320,4280320,0,0,0,2,0,0,0,1,1,1,0,0
FluencyBank,230,82,4252960,4300960,4236960,4316960,0,0,0,3,1,0,0,1,0,0,0,0
FluencyBank,230,83,4286720,4334720,4270720,4350720,0,0,0,1,0,0,0,3,2,0,0,0
FluencyBank,230,84,4315200,4363200,4299200,4379200,0,0,0,0,1,1,0,1,1,0,0,0
FluencyBank,230,85,4387040,4435040,4371040,4451040,0,0,0,0,0,0,0,0,3,1,0,0
FluencyBank,230,86,4418080,4466080,4402080,4482080,0,0,0,0,0,0,0,0,3,0,0,0
FluencyBank,230,87,4580800,4628800,4564800,4644800,0,0,0,0,0,3,0,1,0,0,0,0
FluencyBank,230,88,4614080,4662080,4598080,4678080,0,0,0,1,0,2,0,1,0,0,0,0
FluencyBank,230,89,4750240,4798240,4734240,4814240,0,0,1,0,0,0,0,0,2,0,0,0
FluencyBank,230,90,4780960,4828960,4764960,4844960,0,0,1,1,2,0,0,1,0,0,0,0
FluencyBank,230,91,4836640,4884640,4820640,4900640,0,0,0,0,0,0,0,0,3,0,0,0
FluencyBank,230,92,4873120,4921120,4857120,4937120,0,0,0,0,0,0,0,0,3,0,0,0
FluencyBank,230,93,414880,462880,398880,478880,0,0,1,0,0,0,0,0,2,1,0,0
FluencyBank,230,94,4927200,4975200,4911200,4991200,0,0,0,0,0,0,0,0,3,0,0,0
FluencyBank,230,95,4965760,5013760,4949760,5029760,0,0,0,0,0,0,0,0,3,0,0,0
FluencyBank,230,96,5000800,5048800,4984800,5064800,0,0,0,0,0,0,0,0,3,0,0,0
FluencyBank,230,97,5044800,5092800,5028800,5108800,0,0,0,0,0,0,0,0,3,0,0,0
FluencyBank,230,98,5078560,5126560,5062560,5142560,0,0,0,0,0,0,0,3,3,1,0,0
FluencyBank,230,99,5117760,5165760,5101760,5181760,0,0,0,0,0,0,0,3,3,0,0,0
FluencyBank,230,100,5162880,5210880,5146880,5226880,0,0,0,1,1,1,0,1,0,0,0,0
FluencyBank,230,101,5227360,5275360,5211360,5291360,0,0,0,0,0,0,0,3,3,1,0,0
FluencyBank,230,102,5256960,5304960,5240960,5320960,0,0,0,0,0,0,0,0,3,1,0,0
FluencyBank,230,103,5315360,5363360,5299360,5379360,0,0,0,0,0,0,0,0,3,0,0,0
FluencyBank,230,104,5349280,5397280,5333280,5413280,0,0,0,1,1,3,1,0,0,0,0,0
FluencyBank,230,105,5362720,5410720,5346720,5426720,0,0,0,2,1,3,0,0,0,0,0,0
FluencyBank,230,106,5525600,5573600,5509600,5589600,0,0,0,0,0,0,0,0,3,0,0,0
FluencyBank,230,107,5566880,5614880,5550880,5630880,0,0,0,3,0,0,0,0,0,0,0,0
FluencyBank,230,108,461920,509920,445920,525920,0,0,1,0,1,0,0,1,1,0,0,0
FluencyBank,230,109,5591040,5639040,5575040,5655040,0,0,0,2,2,0,0,0,0,0,0,0
FluencyBank,230,110,5667680,5715680,5651680,5731680,0,0,0,1,0,2,0,0,1,1,0,0
FluencyBank,230,111,5697280,5745280,5681280,5761280,0,0,1,0,2,0,0,0,0,0,0,0
FluencyBank,230,112,5726240,5774240,5710240,5790240,0,0,1,0,1,0,1,0,1,0,0,0
FluencyBank,230,113,5875680,5923680,5859680,5939680,0,0,1,0,0,0,0,3,2,0,0,0
FluencyBank,230,114,5912480,5960480,5896480,5976480,0,0,1,1,2,0,0,0,0,0,0,0
FluencyBank,230,115,5969600,6017600,5953600,6033600,0,0,0,0,0,3,0,0,0,0,0,0
FluencyBank,230,116,6091040,6139040,6075040,6155040,0,0,0,0,0,0,0,0,3,3,0,0
FluencyBank,230,117,6127840,6175840,6111840,6191840,0,0,0,0,0,1,0,2,2,2,0,0
FluencyBank,230,118,6410880,6458880,6394880,6474880,0,0,0,0,0,0,0,0,3,1,0,0
FluencyBank,230,119,6444160,6492160,6428160,6508160,0,0,0,0,0,0,0,3,3,0,0,0
FluencyBank,230,120,6469440,6517440,6453440,6533440,0,0,0,1,0,1,0,3,1,1,0,0
FluencyBank,230,121,6506720,6554720,6490720,6570720,0,0,0,0,0,0,0,2,3,0,0,0
FluencyBank,230,122,6538080,6586080,6522080,6602080,0,0,0,2,0,1,0,0,0,0,0,0
FluencyBank,230,123,6751360,6799360,6735360,6815360,0,0,1,0,0,0,0,0,2,0,0,0
FluencyBank,230,124,6780960,6828960,6764960,6844960,0,0,0,0,0,0,0,3,3,1,0,0
FluencyBank,230,125,531360,579360,515360,595360,0,0,0,1,0,0,0,0,2,1,0,0
FluencyBank,230,126,561760,609760,545760,625760,0,0,0,1,2,0,0,3,0,0,0,0
FluencyBank,230,127,6828000,6876000,6812000,6892000,0,0,0,3,0,0,0,0,0,0,0,0
FluencyBank,230,128,6864000,6912000,6848000,6928000,0,0,0,0,0,3,0,1,0,0,0,0
FluencyBank,230,129,6904000,6952000,6888000,6968000,0,0,0,1,0,3,0,0,0,0,0,0
FluencyBank,230,130,7115040,7163040,7099040,7179040,0,0,0,0,0,0,0,0,3,0,0,0
FluencyBank,230,131,7147840,7195840,7131840,7211840,0,0,2,0,0,0,1,0,1,0,0,0
FluencyBank,230,132,7334880,7382880,7318880,7398880,0,0,0,2,1,0,0,0,0,0,0,0
FluencyBank,230,133,7380320,7428320,7364320,7444320,0,0,0,0,0,1,0,0,2,0,0,0
FluencyBank,230,134,7431840,7479840,7415840,7495840,0,0,1,0,0,0,0,0,2,0,0,0
FluencyBank,230,135,7556800,7604800,7540800,7620800,0,0,2,0,0,0,0,0,1,0,0,0
FluencyBank,230,136,7592480,7640480,7576480,7656480,0,0,1,1,0,0,0,0,1,0,0,0
FluencyBank,230,137,7798080,7846080,7782080,7862080,0,0,0,0,0,0,0,0,3,0,0,0
FluencyBank,230,138,7845600,7893600,7829600,7909600,0,0,0,0,0,0,0,2,3,0,0,0
FluencyBank,230,139,8355040,8403040,8339040,8419040,0,0,3,0,0,0,0,0,0,0,0,0
FluencyBank,230,140,8386720,8434720,8370720,8450720,0,0,0,0,0,0,0,3,3,0,0,0
FluencyBank,230,141,8449120,8497120,8433120,8513120,0,0,0,1,0,0,0,0,2,0,0,0
FluencyBank,230,142,8482560,8530560,8466560,8546560,0,0,0,1,1,2,0,0,0,0,0,0
FluencyBank,230,143,648320,696320,632320,712320,0,0,0,0,0,1,0,0,2,1,0,0
FluencyBank,230,144,678880,726880,662880,742880,0,0,0,0,0,3,0,0,0,0,0,0
FluencyBank,230,145,8704320,8752320,8688320,8768320,0,0,1,0,2,0,0,0,0,0,0,0
FluencyBank,230,146,8743200,8791200,8727200,8807200,0,0,0,0,0,0,0,0,3,0,0,0
FluencyBank,230,147,8788000,8836000,8772000,8852000,0,0,0,0,0,0,0,0,3,0,0,0
FluencyBank,230,148,8844800,8892800,8828800,8908800,0,0,0,3,1,0,0,0,0,0,0,0
FluencyBank,230,149,8907840,8955840,8891840,8971840,0,0,0,0,0,0,0,0,3,0,0,0
FluencyBank,230,150,8968960,9016960,8952960,9032960,0,0,0,0,0,0,0,0,3,0,0,0
FluencyBank,230,151,9185760,9233760,9169760,9249760,0,0,0,0,0,0,0,0,3,0,0,0
FluencyBank,230,152,9227520,9275520,9211520,9291520,0,0,0,0,3,0,0,0,0,0,0,0
FluencyBank,230,153,9292160,9340160,9276160,9356160,0,0,1,1,0,0,0,0,1,0,0,0
FluencyBank,230,154,9350560,9398560,9334560,9414560,0,0,1,0,0,0,0,2,2,0,0,0
FluencyBank,230,155,9502080,9550080,9486080,9566080,0,0,0,0,0,1,0,0,2,0,0,0
FluencyBank,230,156,9532320,9580320,9516320,9596320,0,0,0,2,2,1,2,1,0,0,0,0
FluencyBank,230,157,9579360,9627360,9563360,9643360,0,0,0,1,1,1,0,1,0,0,0,0
FluencyBank,230,158,9608480,9656480,9592480,9672480,0,0,0,2,0,0,0,3,1,0,0,0
FluencyBank,230,159,768960,816960,752960,832960,0,0,0,1,0,0,0,1,2,0,0,0
FluencyBank,230,160,798720,846720,782720,862720,0,0,0,0,0,0,0,0,3,0,0,0
FluencyBank,230,161,9651520,9699520,9635520,9715520,0,0,0,0,0,3,0,1,0,0,0,0
FluencyBank,230,162,9769920,9817920,9753920,9833920,0,0,0,1,0,0,0,0,2,0,0,0
FluencyBank,230,163,9807840,9855840,9791840,9871840,0,0,0,2,1,0,0,3,1,0,0,0
FluencyBank,230,164,9884960,9932960,9868960,9948960,1,0,0,0,0,0,2,1,3,0,0,0
FluencyBank,230,165,9920960,9968960,9904960,9984960,0,0,0,0,0,0,0,2,3,0,0,0
FluencyBank,230,166,9954720,10002720,9938720,10018720,0,0,0,0,0,0,0,1,3,1,0,0
FluencyBank,230,167,10147040,10195040,10131040,10211040,0,0,0,0,0,0,0,0,3,0,0,0
FluencyBank,230,168,10178400,10226400,10162400,10242400,0,0,0,0,0,0,0,0,3,0,0,0
FluencyBank,230,169,10288160,10336160,10272160,10352160,0,0,0,0,0,3,0,0,0,0,0,0
FluencyBank,230,170,10321920,10369920,10305920,10385920,0,0,0,0,0,0,0,0,3,0,0,0
FluencyBank,230,171,10370560,10418560,10354560,10434560,0,0,0,2,1,0,0,1,0,0,0,0
FluencyBank,230,172,10409280,10457280,10393280,10473280,0,0,0,0,0,0,0,0,3,0,0,0
FluencyBank,230,173,10476800,10524800,10460800,10540800,0,0,0,0,0,0,0,0,3,0,0,0
FluencyBank,230,174,10784000,10832000,10768000,10848000,0,0,0,0,0,3,0,0,0,0,0,0
FluencyBank,230,175,10815840,10863840,10799840,10879840,0,0,0,0,1,0,0,0,2,1,0,0
FluencyBank,230,176,10854240,10902240,10838240,10918240,0,0,0,0,0,0,0,0,3,0,0,0
FluencyBank,230,177,831200,879200,815200,895200,0,0,1,1,1,0,2,2,1,0,0,0
FluencyBank,985,0,6560,54560,-9440,70560,0,0,1,1,1,0,0,0,0,1,0,0
FluencyBank,985,1,13678720,13726720,13662720,13742720,0,0,0,0,0,0,0,0,3,0,0,0
FluencyBank,985,2,13740800,13788800,13724800,13804800,0,0,1,1,0,1,0,1,0,0,0,0
FluencyBank,985,3,13789920,13837920,13773920,13853920,0,0,1,0,0,0,0,0,2,0,0,0
FluencyBank,985,4,13834080,13882080,13818080,13898080,0,0,0,0,0,3,0,0,0,0,0,0
FluencyBank,985,5,13893440,13941440,13877440,13957440,0,0,0,2,0,1,0,1,0,0,0,0
FluencyBank,985,6,13936960,13984960,13920960,14000960,0,0,0,1,0,3,0,1,0,0,0,0
FluencyBank,985,7,13995680,14043680,13979680,14059680,0,0,0,0,0,0,0,0,3,0,0,0
FluencyBank,985,8,14026400,14074400,14010400,14090400,0,0,0,1,0,0,0,0,2,0,0,0
FluencyBank,985,9,14265760,14313760,14249760,14329760,1,0,0,0,2,1,0,0,0,0,0,0
FluencyBank,985,10,14336160,14384160,14320160,14400160,0,0,0,0,0,0,0,0,3,0,0,0
FluencyBank,985,11,14385600,14433600,14369600,14449600,0,0,0,1,0,0,1,0,2,1,0,0
FluencyBank,985,12,14415360,14463360,14399360,14479360,0,0,2,0,0,0,0,1,1,0,0,0
FluencyBank,985,13,14505280,14553280,14489280,14569280,0,0,2,0,1,0,0,1,0,0,0,0
FluencyBank,985,14,14575360,14623360,14559360,14639360,0,0,0,0,0,0,0,0,3,0,0,0
FluencyBank,985,15,14606720,14654720,14590720,14670720,0,0,0,1,2,0,1,0,0,0,0,0
FluencyBank,985,16,14647200,14695200,14631200,14711200,0,0,0,3,0,0,0,1,0,0,0,0
FluencyBank,985,17,1778240,1826240,1762240,1842240,0,0,0,1,1,0,0,0,1,0,0,0
FluencyBank,985,18,14824000,14872000,14808000,14888000,0,0,0,0,0,0,0,0,3,0,0,0
FluencyBank,985,19,14892800,14940800,14876800,14956800,1,0,1,0,1,0,2,0,1,0,0,0
FluencyBank,985,20,14909120,14957120,14893120,14973120,0,0,2,2,0,0,0,0,0,0,0,0
FluencyBank,985,21,15152320,15200320,15136320,15216320,0,0,0,0,0,0,0,0,3,0,0,0
FluencyBank,985,22,15201440,15249440,15185440,15265440,0,0,0,0,0,0,0,0,3,0,0,0
FluencyBank,985,23,15220960,15268960,15204960,15284960,0,0,1,0,0,0,0,0,2,0,0,0
FluencyBank,985,24,15243360,15291360,15227360,15307360,0,0,3,0,0,0,0,0,0,0,0,0
FluencyBank,985,25,15622240,15670240,15606240,15686240,0,0,1,1,0,0,1,0,1,0,0,0
FluencyBank,985,26,15680000,15728000,15664000,15744000,0,0,1,0,0,0,0,0,2,0,0,0
FluencyBank,985,27,15728480,15776480,15712480,15792480,0,0,0,0,1,0,0,0,2,0,0,0
FluencyBank,985,28,16036480,16084480,16020480,16100480,0,0,0,0,1,0,0,0,2,0,0,0
FluencyBank,985,29,16071040,16119040,16055040,16135040,0,0,1,1,1,1,1,1,0,0,0,0
FluencyBank,985,30,16120480,16168480,16104480,16184480,1,0,0,1,0,2,0,0,1,1,0,0
FluencyBank,985,31,16159840,16207840,16143840,16223840,0,0,0,1,2,0,0,0,0,0,0,0
FluencyBank,985,32,16437120,16485120,16421120,16501120,0,0,0,1,0,0,0,0,2,0,0,0
FluencyBank,985,33,16486080,16534080,16470080,16550080,0,0,0,0,2,1,1,1,0,0,0,0
FluencyBank,985,34,1824160,1872160,1808160,1888160,0,0,0,2,0,1,1,0,0,0,0,0
FluencyBank,985,35,16542720,16590720,16526720,16606720,1,0,1,1,1,0,0,1,0,0,0,0
FluencyBank,985,36,2028480,2076480,2012480,2092480,0,0,0,2,0,0,0,0,1,0,0,0
FluencyBank,985,37,2059520,2107520,2043520,2123520,0,0,0,2,0,0,0,2,1,0,0,0
FluencyBank,985,38,2113760,2161760,2097760,2177760,0,0,0,1,1,0,0,1,1,0,0,0
FluencyBank,985,39,2145440,2193440,2129440,2209440,0,0,0,0,0,1,0,0,2,0,0,0
FluencyBank,985,40,2237600,2285600,2221600,2301600,0,0,0,2,1,0,0,0,0,0,0,0
FluencyBank,985,41,2637280,2685280,2621280,2701280,0,0,0,2,2,0,0,1,0,0,0,0
FluencyBank,985,42,2674240,2722240,2658240,2738240,0,0,0,0,1,0,0,0,2,0,0,0
FluencyBank,985,43,2988160,3036160,2972160,3052160,0,0,0,0,0,0,0,0,3,0,0,0
FluencyBank,985,44,3049120,3097120,3033120,3113120,0,0,0,3,0,2,0,1,0,0,0,0
FluencyBank,985,45,3127200,3175200,3111200,3191200,0,0,0,0,0,0,0,0,3,1,0,0
FluencyBank,985,46,3158720,3206720,3142720,3222720,0,0,0,0,0,0,0,0,3,1,0,0
FluencyBank,985,47,3372960,3420960,3356960,3436960,0,0,1,1,1,0,1,0,0,1,0,0
FluencyBank,985,48,3413600,3461600,3397600,3477600,0,0,0,1,0,0,0,0,2,1,0,0
FluencyBank,985,49,406560,454560,390560,470560,0,0,1,2,1,0,2,0,0,0,0,0
FluencyBank,985,50,520320,568320,504320,584320,0,0,0,1,1,0,0,0,1,0,0,0
FluencyBank,985,51,3490560,3538560,3474560,3554560,0,0,2,0,0,0,0,0,1,0,0,0
FluencyBank,985,52,3521920,3569920,3505920,3585920,0,0,1,1,0,0,0,1,1,0,0,0
FluencyBank,985,53,3579520,3627520,3563520,3643520,0,0,2,0,1,0,0,1,1,0,0,0
FluencyBank,985,54,3615360,3663360,3599360,3679360,0,0,2,2,0,0,0,0,0,0,0,0
FluencyBank,985,55,3795680,3843680,3779680,3859680,1,0,0,0,0,0,0,0,2,0,0,0
FluencyBank,985,56,3834240,3882240,3818240,3898240,0,0,0,0,0,0,0,0,3,0,0,0
FluencyBank,985,57,4083680,4131680,4067680,4147680,0,0,0,1,0,0,0,0,2,0,0,0
FluencyBank,985,58,4130240,4178240,4114240,4194240,0,0,0,0,0,0,0,0,3,0,0,0
FluencyBank,985,59,4161920,4209920,4145920,4225920,0,0,0,2,0,0,0,1,1,0,0,0
FluencyBank,985,60,4230240,4278240,4214240,4294240,2,0,0,1,0,0,3,0,1,0,0,0
FluencyBank,985,61,4278080,4326080,4262080,4342080,0,0,0,0,0,0,0,0,3,0,0,0
FluencyBank,985,62,4329920,4377920,4313920,4393920,0,0,0,2,0,0,0,0,1,0,0,0
FluencyBank,985,63,4375200,4423200,4359200,4439200,0,0,1,0,0,0,0,0,2,0,0,0
FluencyBank,985,64,4450720,4498720,4434720,4514720,0,0,0,1,0,0,0,0,2,0,0,0
FluencyBank,985,65,4512640,4560640,4496640,4576640,0,0,0,0,0,0,0,0,3,0,0,0
FluencyBank,985,66,4555360,4603360,4539360,4619360,0,0,0,1,0,0,0,0,2,0,0,0
FluencyBank,985,67,4627040,4675040,4611040,4691040,0,0,0,0,0,0,0,0,3,0,0,0
FluencyBank,985,68,679040,727040,663040,743040,0,0,1,2,1,2,2,3,0,1,0,0
FluencyBank,985,69,720800,768800,704800,784800,0,0,0,1,0,3,0,0,0,1,0,0
FluencyBank,985,70,4687680,4735680,4671680,4751680,0,0,0,0,0,0,0,0,3,0,0,0
FluencyBank,985,71,4729600,4777600,4713600,4793600,0,0,0,0,1,2,1,0,0,0,0,0
FluencyBank,985,72,4920320,4968320,4904320,4984320,0,0,0,1,0,0,0,0,2,0,0,0
FluencyBank,985,73,4952320,5000320,4936320,5016320,0,0,0,0,0,2,0,0,1,0,0,0
FluencyBank,985,74,5108640,5156640,5092640,5172640,0,0,0,0,0,0,0,0,3,0,0,0
FluencyBank,985,75,5157440,5205440,5141440,5221440,0,0,3,1,0,0,0,1,0,0,0,0
FluencyBank,985,76,5302720,5350720,5286720,5366720,1,0,0,1,1,0,1,0,0,0,0,0
FluencyBank,985,77,5346880,5394880,5330880,5410880,1,0,0,2,0,2,0,0,0,0,0,0
FluencyBank,985,78,5407040,5455040,5391040,5471040,0,0,0,1,0,3,0,2,0,0,0,0
FluencyBank,985,79,5440640,5488640,5424640,5504640,0,0,0,1,0,1,1,0,1,0,0,0
FluencyBank,985,80,5460160,5508160,5444160,5524160,0,0,0,1,0,0,0,0,2,0,0,0
FluencyBank,985,81,5509280,5557280,5493280,5573280,0,0,0,0,0,0,0,0,3,0,0,0
FluencyBank,985,82,5554880,5602880,5538880,5618880,0,0,0,0,0,0,0,0,3,1,0,0
FluencyBank,985,83,5590880,5638880,5574880,5654880,0,0,0,0,0,0,0,0,3,0,0,0
FluencyBank,985,84,5657760,5705760,5641760,5721760,0,0,0,1,2,0,0,0,0,0,0,0
FluencyBank,985,85,5698560,5746560,5682560,5762560,0,0,0,0,0,3,0,0,0,0,0,0
FluencyBank,985,86,5751680,5799680,5735680,5815680,0,0,1,2,0,0,0,0,0,0,0,0
FluencyBank,985,87,770560,818560,754560,834560,0,0,0,0,0,0,0,0,3,0,0,0
FluencyBank,985,88,5931840,5979840,5915840,5995840,0,0,1,2,0,0,0,0,0,1,0,0
FluencyBank,985,89,5963200,6011200,5947200,6027200,0,0,3,1,0,0,0,0,0,0,0,0
FluencyBank,985,90,6120960,6168960,6104960,6184960,0,0,0,1,0,0,0,0,2,0,0,0
FluencyBank,985,91,6154560,6202560,6138560,6218560,0,0,0,1,0,0,0,0,2,0,0,0
FluencyBank,985,92,6191840,6239840,6175840,6255840,0,0,0,0,0,0,1,0,3,0,0,0
FluencyBank,985,93,6238720,6286720,6222720,6302720,0,0,2,0,0,0,0,0,1,0,0,0
FluencyBank,985,94,6295520,6343520,6279520,6359520,0,0,0,0,0,0,0,0,3,0,0,0
FluencyBank,985,95,6341120,6389120,6325120,6405120,0,0,0,0,0,0,0,0,3,0,0,0
FluencyBank,985,96,6412160,6460160,6396160,6476160,0,0,1,0,0,0,0,0,2,0,0,0
FluencyBank,985,97,6451040,6499040,6435040,6515040,0,0,0,1,2,0,2,0,0,0,0,0
FluencyBank,985,98,6655040,6703040,6639040,6719040,0,0,0,0,0,0,0,0,3,1,0,0
FluencyBank,985,99,6716000,6764000,6700000,6780000,0,0,2,1,0,0,1,1,0,0,0,0
FluencyBank,985,100,7000000,7048000,6984000,7064000,0,0,0,1,1,1,0,1,0,1,0,0
FluencyBank,985,101,7043680,7091680,7027680,7107680,0,0,0,0,0,3,0,0,0,0,0,0
FluencyBank,985,102,7507680,7555680,7491680,7571680,0,0,0,1,2,1,0,2,0,0,0,0
FluencyBank,985,103,7545440,7593440,7529440,7609440,0,0,0,1,0,2,2,0,1,0,0,0
FluencyBank,985,104,7623840,7671840,7607840,7687840,0,0,0,0,0,0,0,0,3,0,0,0
FluencyBank,985,105,7669120,7717120,7653120,7733120,0,0,0,2,2,0,0,0,0,0,0,0
FluencyBank,985,106,7786880,7834880,7770880,7850880,0,0,0,0,0,0,0,0,3,0,0,0
FluencyBank,985,107,7826880,7874880,7810880,7890880,0,0,0,1,1,0,1,0,1,0,0,0
FluencyBank,985,108,859040,907040,843040,923040,0,0,0,1,2,0,1,0,0,1,0,0
FluencyBank,985,109,905760,953760,889760,969760,0,0,0,1,1,3,0,0,0,0,0,0
FluencyBank,985,110,8026080,8074080,8010080,8090080,0,0,0,0,0,0,0,0,3,0,0,0
FluencyBank,985,111,8074880,8122880,8058880,8138880,0,0,0,1,0,0,0,0,2,1,0,0
FluencyBank,985,112,8129600,8177600,8113600,8193600,0,0,0,0,0,0,0,0,3,0,0,0
FluencyBank,985,113,8236000,8284000,8220000,8300000,0,0,0,1,1,0,0,0,1,0,0,0
FluencyBank,985,114,8279040,8327040,8263040,8343040,0,0,0,0,0,0,0,0,3,0,0,0
FluencyBank,985,115,8329280,8377280,8313280,8393280,0,0,0,0,0,0,0,0,3,0,0,0
FluencyBank,985,116,8372800,8420800,8356800,8436800,0,0,0,0,0,0,0,0,3,0,0,0
FluencyBank,985,117,8423680,8471680,8407680,8487680,0,0,0,0,2,1,0,1,0,0,0,0
FluencyBank,985,118,8473440,8521440,8457440,8537440,0,0,0,1,0,0,0,0,2,0,0,0
FluencyBank,985,119,8759360,8807360,8743360,8823360,0,0,0,1,0,2,1,0,0,0,0,0
FluencyBank,985,120,8804960,8852960,8788960,8868960,0,0,0,2,1,0,3,0,1,0,0,0
FluencyBank,985,121,8833280,8881280,8817280,8897280,0,0,0,1,0,0,0,0,2,1,0,0
FluencyBank,985,122,8859040,8907040,8843040,8923040,0,0,0,0,0,0,0,0,3,0,0,0
FluencyBank,985,123,8928480,8976480,8912480,8992480,0,0,0,1,0,0,1,0,2,0,0,0
FluencyBank,985,124,1118560,1166560,1102560,1182560,0,0,1,0,0,0,0,0,2,0,0,0
FluencyBank,985,125,1154240,1202240,1138240,1218240,0,0,0,1,0,0,0,0,2,0,0,0
FluencyBank,985,126,8974560,9022560,8958560,9038560,0,0,0,0,0,0,0,0,3,0,0,0
FluencyBank,985,127,9036160,9084160,9020160,9100160,0,0,0,1,0,2,0,0,0,0,0,0
FluencyBank,985,128,9066560,9114560,9050560,9130560,0,0,0,0,0,0,0,0,3,1,0,0
FluencyBank,985,129,9108160,9156160,9092160,9172160,2,0,0,0,2,0,2,1,1,0,0,0
FluencyBank,985,130,9288000,9336000,9272000,9352000,1,0,0,0,2,1,2,1,0,0,0,0
FluencyBank,985,131,9324640,9372640,9308640,9388640,0,0,0,0,0,0,0,0,3,0,0,0
FluencyBank,985,132,9375840,9423840,9359840,9439840,0,0,0,1,0,0,0,2,2,0,0,0
FluencyBank,985,133,9512960,9560960,9496960,9576960,0,0,0,0,0,0,0,0,3,0,0,0
FluencyBank,985,134,9549920,9597920,9533920,9613920,0,0,0,0,0,0,0,0,3,0,0,0
FluencyBank,985,135,9700000,9748000,9684000,9764000,0,0,0,1,2,0,1,1,0,0,0,0
FluencyBank,985,136,9731520,9779520,9715520,9795520,0,0,0,1,1,0,2,0,1,0,0,0
FluencyBank,985,137,9880640,9928640,9864640,9944640,0,0,1,0,0,0,0,0,2,0,0,0
FluencyBank,985,138,9924480,9972480,9908480,9988480,0,0,0,0,0,0,0,0,3,0,0,0
FluencyBank,985,139,10006240,10054240,9990240,10070240,0,0,0,3,0,0,0,0,0,1,0,0
FluencyBank,985,140,10049120,10097120,10033120,10113120,0,0,0,0,0,0,0,0,3,0,0,0
FluencyBank,985,141,10121760,10169760,10105760,10185760,0,0,0,0,0,0,0,0,3,0,0,0
FluencyBank,985,142,1257920,1305920,1241920,1321920,0,0,0,0,3,0,0,0,0,0,0,0
FluencyBank,985,143,1306400,1354400,1290400,1370400,0,0,0,1,1,0,0,0,1,0,0,0
FluencyBank,985,144,10178880,10226880,10162880,10242880,1,0,0,0,1,0,1,0,1,0,0,0
FluencyBank,985,145,10237920,10285920,10221920,10301920,0,0,0,2,2,3,0,0,0,0,0,0
FluencyBank,985,146,10297760,10345760,10281760,10361760,0,0,0,1,0,0,0,0,2,0,0,0
FluencyBank,985,147,10372160,10420160,10356160,10436160,1,0,0,2,1,1,1,0,0,0,0,0
FluencyBank,985,148,10521440,10569440,10505440,10585440,0,0,0,1,2,1,1,0,0,0,0,0
FluencyBank,985,149,10552640,10600640,10536640,10616640,0,0,0,0,0,1,0,0,2,0,0,0
FluencyBank,985,150,10676640,10724640,10660640,10740640,0,0,0,1,1,1,0,0,0,0,0,0
FluencyBank,985,151,10706880,10754880,10690880,10770880,0,0,0,2,2,3,0,0,0,0,0,0
FluencyBank,985,152,10752480,10800480,10736480,10816480,0,0,0,1,2,0,0,0,0,0,0,0
FluencyBank,985,153,10818720,10866720,10802720,10882720,1,0,0,3,0,0,1,0,0,0,0,0
FluencyBank,985,154,10844640,10892640,10828640,10908640,0,0,0,2,0,0,0,0,1,0,0,0
FluencyBank,985,155,11105760,11153760,11089760,11169760,0,0,0,1,1,0,0,0,1,0,0,0
FluencyBank,985,156,11162240,11210240,11146240,11226240,0,0,0,0,0,0,0,0,3,0,0,0
FluencyBank,985,157,11271840,11319840,11255840,11335840,0,0,0,1,2,0,2,0,0,0,0,0
FluencyBank,985,158,11326560,11374560,11310560,11390560,0,0,0,1,2,1,1,0,0,0,0,0
FluencyBank,985,159,1370560,1418560,1354560,1434560,0,0,0,1,1,0,1,0,2,0,0,0
FluencyBank,985,160,11422400,11470400,11406400,11486400,0,0,0,2,1,0,0,0,0,0,0,0
FluencyBank,985,161,11464000,11512000,11448000,11528000,0,0,1,0,0,0,0,0,2,0,0,0
FluencyBank,985,162,11503840,11551840,11487840,11567840,0,0,0,0,0,0,0,0,3,0,0,0
FluencyBank,985,163,11771520,11819520,11755520,11835520,0,0,0,0,0,0,0,0,3,0,0,0
FluencyBank,985,164,11803520,11851520,11787520,11867520,0,0,0,0,0,3,0,1,0,0,0,0
FluencyBank,985,165,11873760,11921760,11857760,11937760,0,0,0,1,1,2,0,1,0,0,0,0
FluencyBank,985,166,11905120,11953120,11889120,11969120,0,0,0,0,0,0,0,2,3,0,0,0
FluencyBank,985,167,11952800,12000800,11936800,12016800,0,0,0,3,0,0,0,1,0,1,0,0
FluencyBank,985,168,11983680,12031680,11967680,12047680,0,0,0,1,0,0,0,0,2,1,0,0
FluencyBank,985,169,12085280,12133280,12069280,12149280,0,0,0,0,0,0,0,0,3,0,0,0
FluencyBank,985,170,12154240,12202240,12138240,12218240,0,0,0,0,0,3,0,0,0,0,0,0
FluencyBank,985,171,12207040,12255040,12191040,12271040,0,0,0,0,0,3,0,0,0,0,0,0
FluencyBank,985,172,12243360,12291360,12227360,12307360,0,0,0,0,0,3,0,1,0,0,0,0
FluencyBank,985,173,12268800,12316800,12252800,12332800,0,0,0,0,2,3,0,0,0,0,0,0
FluencyBank,985,174,12316640,12364640,12300640,12380640,0,0,2,1,0,0,0,0,0,1,0,0
FluencyBank,985,175,12383360,12431360,12367360,12447360,0,0,1,1,0,0,1,0,1,0,0,0
FluencyBank,985,176,12437920,12485920,12421920,12501920,0,0,3,0,0,2,0,0,0,0,0,0
FluencyBank,985,177,1550880,1598880,1534880,1614880,0,0,0,0,0,0,0,0,3,0,0,0
FluencyBank,985,178,1602400,1650400,1586400,1666400,0,0,0,0,0,0,0,0,3,0,0,0
FluencyBank,985,179,12485600,12533600,12469600,12549600,0,0,1,0,1,2,0,0,0,0,0,0
FluencyBank,985,180,12526400,12574400,12510400,12590400,0,0,0,1,1,2,0,1,0,0,0,0
FluencyBank,985,181,12668800,12716800,12652800,12732800,0,0,0,0,0,0,1,0,3,1,0,0
FluencyBank,985,182,12742880,12790880,12726880,12806880,0,0,0,1,2,0,1,0,0,0,0,0
FluencyBank,985,183,13084160,13132160,13068160,13148160,1,0,0,1,1,1,1,2,0,0,0,0
FluencyBank,985,184,13114880,13162880,13098880,13178880,0,0,0,1,0,0,0,1,2,0,0,0
FluencyBank,985,185,13153440,13201440,13137440,13217440,1,0,0,2,0,0,1,0,1,0,0,0
FluencyBank,985,186,13187360,13235360,13171360,13251360,0,0,0,2,0,1,0,2,0,0,0,0
FluencyBank,985,187,13271840,13319840,13255840,13335840,0,0,0,0,0,0,0,0,3,0,0,0
FluencyBank,985,188,13303520,13351520,13287520,13367520,0,0,1,0,0,0,0,0,2,0,0,0
FluencyBank,985,189,13405600,13453600,13389600,13469600,0,0,1,2,1,1,0,0,0,0,0,0
FluencyBank,985,190,13441920,13489920,13425920,13505920,0,0,1,2,2,0,0,0,0,0,0,0
FluencyBank,985,191,13483520,13531520,13467520,13547520,0,0,0,1,0,0,0,0,2,0,0,0
FluencyBank,985,192,13517280,13565280,13501280,13581280,0,0,0,2,1,0,0,0,0,1,0,0
FluencyBank,985,193,13568960,13616960,13552960,13632960,0,0,0,2,2,1,0,0,0,1,0,0
FluencyBank,985,194,1683520,1731520,1667520,1747520,0,0,0,0,3,0,0,1,0,0,0,0
FluencyBank,985,195,1721440,1769440,1705440,1785440,0,0,0,0,0,0,0,3,3,0,0,0